INSERT INTO USERS (ID, NAME, CPF, BIRTH_DAY, EMAIL, ENABLED, PASSWORD, PHONE, ROLE, CONDOMINIUM_PRICE, APARTMENT_NUMBER)
VALUES ('4eb229f5-22ce-484b-b0f8-1364cc3dc68e', 'Igor Alves da Silva Pereira', '65740413842', '1999-12-26',
        'Dalves9@outlook.com', 1, '$2a$10$2yUouMI5tyVZHDNz0dIiyuxQF2BnX.Kmt/Q6D5W/FBKs/3s/ZOeKe', '81 7575 6057', 0,
        1050.93, '0A'),
       ('7372a3f6-dc93-4ad6-ba25-0a1731abd122', 'Bruna Carvalho Araújo', '09759695529', '1970-02-25',
        'BrunaC1109@gmail.com', 1, '$2a$10$2yUouMI5tyVZHDNz0dIiyuxQF2BnX.Kmt/Q6D5W/FBKs/3s/ZOeKe', '+55 84 2048 0495',
        0, 1333.83, '1A'),
       ('e3b9888c-ffe3-4f1f-8c8c-64e5580edc23', 'Alexia Nascimento da Mata', '07292785905', '1976-06-01',
        'AlexiaN1730@gmail.com', 1, '$2a$10$2yUouMI5tyVZHDNz0dIiyuxQF2BnX.Kmt/Q6D5W/FBKs/3s/ZOeKe', '0500-160-1879', 0,
        1616.51, '2B'),
       ('62668724-7b36-49da-a3f5-bb6e0cdb693a', 'Lorena Rezende Cunha', '60419437037', '1973-06-19',
        'LorenaR1390@live.com', 1, '$2a$10$2yUouMI5tyVZHDNz0dIiyuxQF2BnX.Kmt/Q6D5W/FBKs/3s/ZOeKe', '(031) 4098 0885', 0,
        1528.69, '3C'),
       ('f8053f1b-ee9f-43cd-8de1-614e1902ecd0', 'Maysa Costela Nunes', '51514325080', '1971-09-16',
        'MaysaC1107@gmail.com', 1, '$2a$10$2yUouMI5tyVZHDNz0dIiyuxQF2BnX.Kmt/Q6D5W/FBKs/3s/ZOeKe', '+55 84 3878 0493',
        0, 1905.14, '4C'),
       ('461862f1-eea7-44a8-8de9-82ea05a934a2', 'Diogo Nogueira Rodrigues', '41455854026', '1972-12-17',
        'DiogoN1920@gmail.com', 1, '$2a$10$2yUouMI5tyVZHDNz0dIiyuxQF2BnX.Kmt/Q6D5W/FBKs/3s/ZOeKe', '+55 61 9940-8338',
        0, 1328.97, '5A'),
       ('d85af5bf-6477-4c9e-8770-fb39ca077b0e', 'Ana Júlia Mendes Duarte', '95345583897', '1978-02-10',
        'Ana JúliaM1818@live.com', 1, '$2a$10$2yUouMI5tyVZHDNz0dIiyuxQF2BnX.Kmt/Q6D5W/FBKs/3s/ZOeKe', '(011) 5418-3053',
        0, 1994.29, '6C'),
       ('7d3414b6-d632-4500-b9ca-6e52302bf5d1', 'Laís Barros Moreira', '66586189845', '1976-02-09',
        'LaísB1785@hotmail.com', 1, '$2a$10$2yUouMI5tyVZHDNz0dIiyuxQF2BnX.Kmt/Q6D5W/FBKs/3s/ZOeKe', '0800-923-0120', 0,
        1248.9, '7A'),
       ('730a2448-06fc-4e1f-98ab-fa5e4966b23c', 'Milena Duarte Melo', '00466437021', '1992-03-11',
        'MilenaD1531@hotmail.com', 1, '$2a$10$2yUouMI5tyVZHDNz0dIiyuxQF2BnX.Kmt/Q6D5W/FBKs/3s/ZOeKe',
        '+55 (071) 7548 6199', 0, 1173.95, '8B'),
       ('a69d2e5e-c989-4415-9901-f02844c1e8b3', 'Giovanna da Cunha Gomes', '91065506490', '1997-08-18',
        'GiovannaD1057@gmail.com', 1, '$2a$10$2yUouMI5tyVZHDNz0dIiyuxQF2BnX.Kmt/Q6D5W/FBKs/3s/ZOeKe',
        '+55 (084) 9599 6066', 0, 1328.05, '9B'),
       ('66fddc66-b311-4f33-8575-8812aefdd5fe', 'Eduardo Oliveira Barros', '03266175662', '1994-05-24',
        'EduardoO1169@live.com', 1, '$2a$10$2yUouMI5tyVZHDNz0dIiyuxQF2BnX.Kmt/Q6D5W/FBKs/3s/ZOeKe', '0800-200-1721', 0,
        1400.08, '10A'),
       ('c2a6a7c1-05a0-4f75-b1b7-550233ef2e8d', 'Emanuella Moreira da Cunha', '10035712201', '1993-02-15',
        'EmanuellaM1277@live.com', 1, '$2a$10$2yUouMI5tyVZHDNz0dIiyuxQF2BnX.Kmt/Q6D5W/FBKs/3s/ZOeKe',
        '+55 11 9882-4126', 0, 1587.04, '11C'),
       ('4b0b8c6d-5ccc-40dc-8d1b-02accb2be38a', 'Kevin Novaes Correia', '95068581607', '1993-03-15',
        'KevinN1399@hotmail.com', 1, '$2a$10$2yUouMI5tyVZHDNz0dIiyuxQF2BnX.Kmt/Q6D5W/FBKs/3s/ZOeKe', '+55 41 1181-2545',
        0, 1403.85, '12C'),
       ('b2ce333b-14fb-41f6-97a9-d01238b1fd2f', 'Davi Lucas Teixeira Farias', '09134432396', '1993-03-14',
        'Davi LucasT1692@gmail.com', 1, '$2a$10$2yUouMI5tyVZHDNz0dIiyuxQF2BnX.Kmt/Q6D5W/FBKs/3s/ZOeKe', '71 3044-7550',
        0, 1113.38, '13A'),
       ('f4ef72ae-245a-4b6a-bb8b-be61258ed0f8', 'Rafaela Almeida Farias', '33215959909', '1983-12-06',
        'RafaelaA1392@outlook.com', 1, '$2a$10$2yUouMI5tyVZHDNz0dIiyuxQF2BnX.Kmt/Q6D5W/FBKs/3s/ZOeKe',
        '+55 31 8210-7415', 0, 1677.66, '14C'),
       ('0202eac1-fa88-4744-83c1-c942b2956e8e', 'Emanuel da Cruz Costa', '61762786001', '1987-03-03',
        'EmanuelD1286@live.com', 1, '$2a$10$2yUouMI5tyVZHDNz0dIiyuxQF2BnX.Kmt/Q6D5W/FBKs/3s/ZOeKe', '51 7939 7039', 0,
        1335.9, '15C'),
       ('5eb1230d-25a9-46ca-b54d-a468daee35d7', 'Catarina Souza Alves', '99598954080', '1994-11-11',
        'CatarinaS1423@outlook.com', 1, '$2a$10$2yUouMI5tyVZHDNz0dIiyuxQF2BnX.Kmt/Q6D5W/FBKs/3s/ZOeKe', '31 5080-0311',
        0, 1288.39, '16A'),
       ('c322c63a-3d76-4d29-8111-552171c0b926', 'Luiz Henrique Pereira das Neves', '29312597566', '1986-12-14',
        'Luiz HenriqueP1195@live.com', 1, '$2a$10$2yUouMI5tyVZHDNz0dIiyuxQF2BnX.Kmt/Q6D5W/FBKs/3s/ZOeKe',
        '+55 21 6267-2952', 0, 1996.25, '17B'),
       ('723496a0-1825-4755-a496-fa69b3f7d8a3', 'Clarice Almeida da Mata', '64309824404', '1995-01-20',
        'ClariceA1236@outlook.com', 1, '$2a$10$2yUouMI5tyVZHDNz0dIiyuxQF2BnX.Kmt/Q6D5W/FBKs/3s/ZOeKe',
        '(021) 4440 5502', 0, 1929.62, '18B'),
       ('d0b7f70a-2dc3-4b4b-8690-2d8f3bb61022', 'Levi Jesus Novaes', '27003832496', '1972-05-18', 'LeviJ1503@gmail.com',
        1, '$2a$10$2yUouMI5tyVZHDNz0dIiyuxQF2BnX.Kmt/Q6D5W/FBKs/3s/ZOeKe', '(021) 9793-1109', 0, 1047.64, '19B'),
       ('52a9ecc6-bab1-4aee-81b2-3b572de81d78', 'Calebe Santos Silva', '14049336979', '1994-09-08',
        'CalebeS1935@gmail.com', 1, '$2a$10$2yUouMI5tyVZHDNz0dIiyuxQF2BnX.Kmt/Q6D5W/FBKs/3s/ZOeKe', '+55 31 3996-9161',
        0, 1173.81, '20C'),
       ('9b5beaed-3f0e-4e50-9819-a6deb3d093dc', 'Clara Nogueira Cunha', '81225996562', '1986-05-03',
        'ClaraN1941@hotmail.com', 1, '$2a$10$2yUouMI5tyVZHDNz0dIiyuxQF2BnX.Kmt/Q6D5W/FBKs/3s/ZOeKe', '0300 932 7568', 0,
        1248.44, '21A'),
       ('224a83df-cb17-4bda-8e9a-7c151405b5db', 'Alana Oliveira da Cunha', '85352074730', '1980-09-03',
        'AlanaO1571@gmail.com', 1, '$2a$10$2yUouMI5tyVZHDNz0dIiyuxQF2BnX.Kmt/Q6D5W/FBKs/3s/ZOeKe', '+55 61 6958-5074',
        0, 1490.5, '22C'),
       ('80ad75bb-9515-42fd-a0f7-e786366546c3', 'Anthony da Conceição Teixeira', '49134916520', '1976-12-03',
        'AnthonyD1373@live.com', 1, '$2a$10$2yUouMI5tyVZHDNz0dIiyuxQF2BnX.Kmt/Q6D5W/FBKs/3s/ZOeKe', '+55 84 4237 6130',
        0, 1862.17, '23C'),
       ('c3e1dc7e-b04e-4761-bf6f-b8de9fbbf559', 'Yuri Cunha Cavalcanti', '69759683148', '1977-10-25',
        'YuriC1857@outlook.com', 1, '$2a$10$2yUouMI5tyVZHDNz0dIiyuxQF2BnX.Kmt/Q6D5W/FBKs/3s/ZOeKe',
        '+55 (061) 4877 8735', 0, 1985.12, '24C'),
       ('95ef11fb-ebea-4591-b03b-0adab7e61f70', 'Davi Lucca Silveira da Costa', '70338641599', '1972-07-15',
        'Davi LuccaS1158@outlook.com', 1, '$2a$10$2yUouMI5tyVZHDNz0dIiyuxQF2BnX.Kmt/Q6D5W/FBKs/3s/ZOeKe',
        '11 5545-4757', 0, 1384.46, '25A'),
       ('358005cc-7126-4f7e-8c21-f217906a338c', 'Maria Cecília Azevedo Barros', '91377039609', '1983-01-19',
        'Maria CecíliaA1000@gmail.com', 1, '$2a$10$2yUouMI5tyVZHDNz0dIiyuxQF2BnX.Kmt/Q6D5W/FBKs/3s/ZOeKe',
        '(041) 6608-6649', 0, 1673.08, '26C'),
       ('b9011f54-f592-4463-92f8-281bb1a8de0b', 'Alícia da Paz Peixoto', '61307620620', '1978-05-09',
        'AlíciaD1614@hotmail.com', 1, '$2a$10$2yUouMI5tyVZHDNz0dIiyuxQF2BnX.Kmt/Q6D5W/FBKs/3s/ZOeKe', '(041) 4900 9586',
        0, 1719.11, '27A'),
       ('8631c27f-dc81-4741-9e77-32618b5256b5', 'André Sales Silva', '59309821981', '1977-04-03',
        'AndréS1328@hotmail.com', 1, '$2a$10$2yUouMI5tyVZHDNz0dIiyuxQF2BnX.Kmt/Q6D5W/FBKs/3s/ZOeKe', '(061) 3272 3719',
        0, 1320.83, '28B'),
       ('f586f2a0-659d-4fe8-9411-3a76d762b105', 'Heloísa Pinto Santos', '72310180505', '1982-09-08',
        'HeloísaP1385@hotmail.com', 1, '$2a$10$2yUouMI5tyVZHDNz0dIiyuxQF2BnX.Kmt/Q6D5W/FBKs/3s/ZOeKe', '51 2131 4746',
        0, 1487.62, '29A'),
       ('ffd6ec2d-b8d8-43a5-9214-754badfbd323', 'Isabel das Neves Viana', '90705886840', '1977-02-22',
        'IsabelD1339@live.com', 1, '$2a$10$2yUouMI5tyVZHDNz0dIiyuxQF2BnX.Kmt/Q6D5W/FBKs/3s/ZOeKe', '51 6930 8380', 0,
        1644.34, '30C'),
       ('47b1e966-3a49-4560-8c09-50782c26f702', 'Rebeca Moraes Lima', '54127475315', '1972-12-23',
        'RebecaM1857@gmail.com', 1, '$2a$10$2yUouMI5tyVZHDNz0dIiyuxQF2BnX.Kmt/Q6D5W/FBKs/3s/ZOeKe',
        '+55 (051) 9745-0441', 0, 1619.09, '31C'),
       ('0b9528ac-70cd-4644-9139-3958763a39ad', 'Kamilly Aragão da Mata', '39762081404', '1984-04-09',
        'KamillyA1607@gmail.com', 1, '$2a$10$2yUouMI5tyVZHDNz0dIiyuxQF2BnX.Kmt/Q6D5W/FBKs/3s/ZOeKe', '31 6878-7598', 0,
        1642.68, '32B'),
       ('36a0b165-f3da-49da-96cf-d4a1742fad48', 'Eduarda Gonçalves Ribeiro', '43199756697', '1996-12-26',
        'EduardaG1412@outlook.com', 1, '$2a$10$2yUouMI5tyVZHDNz0dIiyuxQF2BnX.Kmt/Q6D5W/FBKs/3s/ZOeKe', '21 1206-4603',
        0, 1592.0, '33C'),
       ('3b8261b9-727d-4883-b164-4402e9c4b408', 'Joana Pires Nunes', '20719075319', '1993-11-07',
        'JoanaP1223@hotmail.com', 1, '$2a$10$2yUouMI5tyVZHDNz0dIiyuxQF2BnX.Kmt/Q6D5W/FBKs/3s/ZOeKe', '+55 11 6103 7647',
        0, 1658.03, '34C'),
       ('4b0d6174-b4c9-49c2-9055-c07b67c88376', 'Amanda Lima Moura', '94886342272', '1972-01-23',
        'AmandaL1660@hotmail.com', 1, '$2a$10$2yUouMI5tyVZHDNz0dIiyuxQF2BnX.Kmt/Q6D5W/FBKs/3s/ZOeKe', '81 3883 9414', 0,
        1568.56, '35B'),
       ('987e4272-1ee6-4bc6-a451-fbfa5298dd68', 'Murilo Souza Moura', '91775319652', '1997-01-23',
        'MuriloS1798@gmail.com', 1, '$2a$10$2yUouMI5tyVZHDNz0dIiyuxQF2BnX.Kmt/Q6D5W/FBKs/3s/ZOeKe',
        '+55 (084) 6833-1162', 0, 1652.26, '36A'),
       ('87e6d4ad-6fd5-4f3f-a036-e88524ab9dac', 'Luna Caldeira Rocha', '65728967655', '1984-02-24',
        'LunaC1870@outlook.com', 1, '$2a$10$2yUouMI5tyVZHDNz0dIiyuxQF2BnX.Kmt/Q6D5W/FBKs/3s/ZOeKe', '51 5717 5681', 0,
        1666.75, '37B'),
       ('fae226d0-a3cb-4192-b197-b7cbd10e6a24', 'Ana Carolina Almeida da Cruz', '83877135978', '1970-07-09',
        'Ana CarolinaA1307@hotmail.com', 1, '$2a$10$2yUouMI5tyVZHDNz0dIiyuxQF2BnX.Kmt/Q6D5W/FBKs/3s/ZOeKe',
        '(041) 6047 7212', 0, 1276.43, '38B'),
       ('04c1639c-562e-4b53-b331-b6df7861141a', 'Cauã da Luz Cunha', '44437161491', '1983-02-08', 'CauãD1387@gmail.com',
        1, '$2a$10$2yUouMI5tyVZHDNz0dIiyuxQF2BnX.Kmt/Q6D5W/FBKs/3s/ZOeKe', '+55 61 0776-8036', 0, 1118.6, '39C'),
       ('d6b6f679-15bd-4dfe-b345-6cf3a78d2bce', 'Juan Araújo Nunes', '38628771328', '1994-06-10', 'JuanA1398@live.com',
        1, '$2a$10$2yUouMI5tyVZHDNz0dIiyuxQF2BnX.Kmt/Q6D5W/FBKs/3s/ZOeKe', '(041) 2273-6949', 0, 1910.71, '40A'),
       ('cf34a59b-b931-4c1e-ba9d-a98524af8919', 'Luna Moreira Vieira', '90923527648', '1988-09-08',
        'LunaM1566@hotmail.com', 1, '$2a$10$2yUouMI5tyVZHDNz0dIiyuxQF2BnX.Kmt/Q6D5W/FBKs/3s/ZOeKe',
        '+55 (084) 3454 6506', 0, 1911.44, '41C'),
       ('74b2beb7-6c23-4a15-a49d-f8a4bb762a1a', 'Anthony Moraes Santos', '75407213087', '1991-04-14',
        'AnthonyM1731@live.com', 1, '$2a$10$2yUouMI5tyVZHDNz0dIiyuxQF2BnX.Kmt/Q6D5W/FBKs/3s/ZOeKe', '81 6490-3401', 0,
        1252.25, '42A'),
       ('5f354023-0f60-4544-8b07-9b768c9b14c5', 'João Vitor Caldeira Carvalho', '89629859009', '1994-05-04',
        'João VitorC1917@live.com', 1, '$2a$10$2yUouMI5tyVZHDNz0dIiyuxQF2BnX.Kmt/Q6D5W/FBKs/3s/ZOeKe', '0800-959-3971',
        0, 1070.16, '43A'),
       ('80d5bffb-7022-42ac-80e1-d627313b2d7e', 'Gustavo da Conceição Pinto', '23594651800', '1997-05-16',
        'GustavoD1518@live.com', 1, '$2a$10$2yUouMI5tyVZHDNz0dIiyuxQF2BnX.Kmt/Q6D5W/FBKs/3s/ZOeKe', '(021) 3792 3544',
        0, 1742.87, '44A'),
       ('3b09a4cf-6aca-432c-9c37-2652a4cc45f9', 'Natália da Cruz da Rosa', '29411655416', '1997-01-27',
        'NatáliaD1596@outlook.com', 1, '$2a$10$2yUouMI5tyVZHDNz0dIiyuxQF2BnX.Kmt/Q6D5W/FBKs/3s/ZOeKe',
        '+55 (084) 9103-3812', 0, 1314.33, '45A'),
       ('9278a3ba-2ffb-4a80-8033-8bd9496e66d7', 'Lara Novaes das Neves', '63795567963', '1985-08-08',
        'LaraN1815@outlook.com', 1, '$2a$10$2yUouMI5tyVZHDNz0dIiyuxQF2BnX.Kmt/Q6D5W/FBKs/3s/ZOeKe',
        '+55 (084) 1896 5248', 0, 1420.68, '46C'),
       ('49be5e09-c96b-4e44-b50a-d35c66604145', 'Gabriel Almeida Cunha', '09656294815', '1987-10-26',
        'GabrielA1338@outlook.com', 1, '$2a$10$2yUouMI5tyVZHDNz0dIiyuxQF2BnX.Kmt/Q6D5W/FBKs/3s/ZOeKe',
        '+55 51 7186 3049', 0, 1592.23, '47A'),
       ('cae14bdf-9a20-4e93-826c-bc2a6c4b3030', 'Lucas Barbosa Nogueira', '84716300447', '1978-03-13',
        'LucasB1303@gmail.com', 1, '$2a$10$2yUouMI5tyVZHDNz0dIiyuxQF2BnX.Kmt/Q6D5W/FBKs/3s/ZOeKe', '(011) 6480 3936', 0,
        1665.64, '48C'),
       ('6bea508d-28c0-4418-afe9-f5ec7ccff14b', 'Ryan Melo Dias', '75298133401', '1988-03-01', 'RyanM1830@outlook.com',
        1, '$2a$10$2yUouMI5tyVZHDNz0dIiyuxQF2BnX.Kmt/Q6D5W/FBKs/3s/ZOeKe', '0300 513 3745', 0, 1004.06, '49A'),
       ('34e63b60-f09a-4f2c-a75f-29be72d13cfc', 'Daniela Fogaça Barbosa', '32677227215', '1988-10-10',
        'DanielaF1163@live.com', 1, '$2a$10$2yUouMI5tyVZHDNz0dIiyuxQF2BnX.Kmt/Q6D5W/FBKs/3s/ZOeKe', '+55 51 7726 4542',
        0, 1540.16, '50A'),
       ('62fd8e1c-1891-4e3a-b153-c5d029be721c', 'Heloísa Caldeira Souza', '06546773368', '1996-11-03',
        'HeloísaC1222@outlook.com', 1, '$2a$10$2yUouMI5tyVZHDNz0dIiyuxQF2BnX.Kmt/Q6D5W/FBKs/3s/ZOeKe',
        '+55 84 9326-4848', 0, 1295.64, '51B'),
       ('7c405a43-f93e-4712-b6da-9d80a3ab0a1c', 'Gabrielly Porto da Luz', '33558340760', '1994-01-07',
        'GabriellyP1285@live.com', 1, '$2a$10$2yUouMI5tyVZHDNz0dIiyuxQF2BnX.Kmt/Q6D5W/FBKs/3s/ZOeKe',
        '+55 (071) 6253-1169', 0, 1018.95, '52B'),
       ('7f0f6f09-c783-4c97-a9ab-6ef828886e02', 'João Gabriel Silva Melo', '04324800642', '1991-09-09',
        'João GabrielS1956@hotmail.com', 1, '$2a$10$2yUouMI5tyVZHDNz0dIiyuxQF2BnX.Kmt/Q6D5W/FBKs/3s/ZOeKe',
        '+55 (081) 1511-4424', 0, 1009.17, '53B'),
       ('302ec8d1-0ce6-4c9c-9019-ddec3ef8c94a', 'Raul Nunes Viana', '89120233060', '1979-09-24',
        'RaulN1637@hotmail.com', 1, '$2a$10$2yUouMI5tyVZHDNz0dIiyuxQF2BnX.Kmt/Q6D5W/FBKs/3s/ZOeKe',
        '+55 (081) 8817-2183', 0, 1872.86, '54A'),
       ('a78011d5-078c-42b6-ba87-bae871fa7263', 'Emanuel da Mota da Luz', '36997210945', '1980-07-19',
        'EmanuelD1594@gmail.com', 1, '$2a$10$2yUouMI5tyVZHDNz0dIiyuxQF2BnX.Kmt/Q6D5W/FBKs/3s/ZOeKe', '0300 751 6357', 0,
        1707.94, '55A'),
       ('1c36e29c-5bba-4e9b-913e-74738c65d687', 'Matheus da Cunha Almeida', '89703636292', '1996-09-19',
        'MatheusD1584@hotmail.com', 1, '$2a$10$2yUouMI5tyVZHDNz0dIiyuxQF2BnX.Kmt/Q6D5W/FBKs/3s/ZOeKe',
        '+55 (071) 9977-9998', 0, 1301.41, '56C'),
       ('df07bf85-e66a-4947-98aa-7a3a9863d7a7', 'Ana Julia Souza Rocha', '91598064193', '1993-01-20',
        'Ana JuliaS1660@gmail.com', 1, '$2a$10$2yUouMI5tyVZHDNz0dIiyuxQF2BnX.Kmt/Q6D5W/FBKs/3s/ZOeKe',
        '+55 (051) 4103 5217', 0, 1070.44, '57C'),
       ('37c63d84-92ab-4c7e-a11d-525ca6f39199', 'Theo Silva Barbosa', '11061298906', '1973-06-05',
        'TheoS1893@outlook.com', 1, '$2a$10$2yUouMI5tyVZHDNz0dIiyuxQF2BnX.Kmt/Q6D5W/FBKs/3s/ZOeKe', '0800-889-0103', 0,
        1090.25, '58C'),
       ('c6368878-3766-4426-a9e5-1c29f52d928e', 'Ana Viana Monteiro', '25756587640', '1974-06-07',
        'AnaV1761@hotmail.com', 1, '$2a$10$2yUouMI5tyVZHDNz0dIiyuxQF2BnX.Kmt/Q6D5W/FBKs/3s/ZOeKe', '41 1542-8116', 0,
        1557.26, '59B');



INSERT INTO VISITORS(ID, CPF, NAME, BIRTH_DAY, EMAIL, PHONE, REGISTRATION_DATE, ID_USER)
VALUES ('9f4a8f5f-90f3-493d-aed7-108fd432762c', '26803870901', 'Laís Gomes Nascimento', '1985-04-18',
        'LaísG1741@gmail.com', '(084) 5045-7403', '2023-07-16', '4eb229f5-22ce-484b-b0f8-1364cc3dc68e'),
       ('fbdf5136-2d24-41f9-beb2-84cf28998502', '15328801032', 'Maysa Melo Gomes', '1981-02-16',
        'MaysaM1199@hotmail.com', '31 7050-5282', '2023-02-01', '4eb229f5-22ce-484b-b0f8-1364cc3dc68e'),
       ('87840586-5b03-49c2-b613-eae2cd66baf7', '50160830370', 'Heloísa Lima Martins', '1973-12-08',
        'HeloísaL1779@live.com', '(031) 2359 6035', '2020-07-12', '4eb229f5-22ce-484b-b0f8-1364cc3dc68e'),
       ('f67c2d76-cbf3-43d3-94a4-92d31ea7f17b', '48419754463', 'Alexia Correia Moura', '1980-05-08',
        'AlexiaC1925@outlook.com', '0800 491 6715', '2021-04-06', '7372a3f6-dc93-4ad6-ba25-0a1731abd122'),
       ('f97517f9-8d66-4a91-82bb-99484f67f748', '98845106101', 'Lorena Costela Moraes', '1970-08-15',
        'LorenaC1903@outlook.com', '(081) 7958-2108', '2022-08-23', '7372a3f6-dc93-4ad6-ba25-0a1731abd122'),
       ('b045a890-dea2-4d2e-bd19-7dd51f388bf5', '93387654820', 'Francisco Pereira Caldeira', '1981-03-24',
        'FranciscoP1768@outlook.com', '21 4430 6803', '2021-03-27', '7372a3f6-dc93-4ad6-ba25-0a1731abd122'),
       ('43fd6580-cc7b-48f1-aadd-812df5fc9e57', '64408852864', 'André Cardoso Pinto', '1985-07-05',
        'AndréC1443@gmail.com', '(051) 3365-7726', '2023-12-04', 'e3b9888c-ffe3-4f1f-8c8c-64e5580edc23'),
       ('531c017f-1b59-44f8-98ea-16d452a9f4ab', '68982535306', 'Enzo Novaes Dias', '1974-02-17',
        'EnzoN1057@outlook.com', '+55 (061) 8153-3993', '2022-10-26', 'e3b9888c-ffe3-4f1f-8c8c-64e5580edc23'),
       ('3883ab7c-16e6-4c73-8bf3-67ef2ff89700', '57444413959', 'Kevin Correia Nunes', '1995-10-06',
        'KevinC1989@live.com', '+55 31 7589 7754', '2020-02-13', 'e3b9888c-ffe3-4f1f-8c8c-64e5580edc23'),
       ('42a29b35-f493-4e5b-8282-9124354c6085', '31518259588', 'Eloah Campos Rezende', '1987-11-17',
        'EloahC1727@hotmail.com', '71 3450 1890', '2022-03-07', '62668724-7b36-49da-a3f5-bb6e0cdb693a'),
       ('d5ed2223-2047-4d4d-9042-0c2b90e72b1d', '25585378732', 'Pedro Lucas Aragão da Rosa', '1983-09-12',
        'Pedro LucasA1416@gmail.com', '+55 81 2136 2024', '2020-03-17', '62668724-7b36-49da-a3f5-bb6e0cdb693a'),
       ('78eedcbc-4f76-45b1-b16b-9f50eaca8d04', '67273720399', 'Rodrigo Silva Moura', '1970-08-25',
        'RodrigoS1395@gmail.com', '11 2402-6848', '2023-04-23', '62668724-7b36-49da-a3f5-bb6e0cdb693a'),
       ('6fc413be-8d0c-42be-817f-ca03c259d3c4', '46379095039', 'Emanuelly Melo Pinto', '1995-10-19',
        'EmanuellyM1783@gmail.com', '81 6820-5288', '2022-08-27', 'f8053f1b-ee9f-43cd-8de1-614e1902ecd0'),
       ('28aa63fd-5d42-432a-a9d5-167ef4e3399e', '79759573563', 'Eduarda da Mota Vieira', '1971-05-01',
        'EduardaD1465@hotmail.com', '21 6759 8505', '2020-07-07', 'f8053f1b-ee9f-43cd-8de1-614e1902ecd0'),
       ('fa0adcf7-62d2-4b2e-bdf6-49c310a65fd1', '80018673821', 'Samuel Alves Moura', '1994-03-13',
        'SamuelA1854@outlook.com', '+55 31 5917-3582', '2023-07-24', 'f8053f1b-ee9f-43cd-8de1-614e1902ecd0'),
       ('3ffcd80b-b21e-476a-a249-0c172d67470d', '68249965302', 'Isabel Porto Ramos', '1970-10-18',
        'IsabelP1142@gmail.com', '0300-149-8094', '2021-09-17', '461862f1-eea7-44a8-8de9-82ea05a934a2'),
       ('0d490807-5a27-45b2-937e-2983455690ad', '70564926906', 'Alice Oliveira da Cunha', '1984-04-21',
        'AliceO1723@outlook.com', '(061) 5409 4370', '2020-05-06', '461862f1-eea7-44a8-8de9-82ea05a934a2'),
       ('9815b3dc-6c5e-405b-a993-1745bd968b6c', '87859709562', 'Nina da Costa Jesus', '1988-03-04',
        'NinaD1385@outlook.com', '+55 (041) 0930-4172', '2021-02-26', '461862f1-eea7-44a8-8de9-82ea05a934a2'),
       ('66e0178b-701a-4b86-ab90-be3179b194c0', '69709277251', 'Enrico Silva Moraes', '1976-06-14',
        'EnricoS1058@gmail.com', '+55 (051) 3953-2299', '2021-09-15', 'd85af5bf-6477-4c9e-8770-fb39ca077b0e'),
       ('f3865304-f3ba-4afd-be60-9dbbd86d5aec', '63625886065', 'André da Cunha Silveira', '1975-04-17',
        'AndréD1543@outlook.com', '0300 731 7845', '2023-08-22', 'd85af5bf-6477-4c9e-8770-fb39ca077b0e'),
       ('f9db97d3-f5ab-4c47-b2b2-2f416d0ab093', '96031695790', 'Calebe Fogaça Nogueira', '1974-07-04',
        'CalebeF1856@hotmail.com', '+55 (011) 8606-8133', '2020-12-27', 'd85af5bf-6477-4c9e-8770-fb39ca077b0e'),
       ('1197dce7-1d59-4a15-ba5b-46e06de3c8af', '30284845361', 'Lucca Nogueira Martins', '1974-04-13',
        'LuccaN1959@hotmail.com', '31 0841 7794', '2021-04-22', '7d3414b6-d632-4500-b9ca-6e52302bf5d1'),
       ('ca4e61e3-0a65-4586-a970-970b27074a78', '18978688632', 'Joana Moraes Moraes', '1988-10-09',
        'JoanaM1510@outlook.com', '(061) 9350 1172', '2021-03-22', '7d3414b6-d632-4500-b9ca-6e52302bf5d1'),
       ('6f7b6514-340b-4da7-8a6b-1fef96a431e5', '00396667007', 'Maria Clara Cardoso Vieira', '1972-08-09',
        'Maria ClaraC1502@gmail.com', '+55 51 3246 3978', '2020-06-17', '7d3414b6-d632-4500-b9ca-6e52302bf5d1'),
       ('4b3b0de6-a38d-44b6-be9b-ff78677a231c', '83292016436', 'Stephany Fogaça Moraes', '1970-06-07',
        'StephanyF1756@hotmail.com', '(071) 6213-0762', '2023-09-06', '730a2448-06fc-4e1f-98ab-fa5e4966b23c'),
       ('5af0f6f1-56c7-4a8a-8c40-234fceaa43a6', '40626702674', 'Davi Lucas da Cunha Ferreira', '1973-10-16',
        'Davi LucasD1969@gmail.com', '41 3803-7922', '2023-03-12', '730a2448-06fc-4e1f-98ab-fa5e4966b23c'),
       ('7965c43c-8b0a-4b56-b400-7e79d9540554', '24306748820', 'Heloísa Peixoto Silveira', '1996-09-08',
        'HeloísaP1125@live.com', '+55 11 0674 3796', '2022-07-21', '730a2448-06fc-4e1f-98ab-fa5e4966b23c'),
       ('66e467c8-f1b2-4038-a64e-0c7691e9377c', '37629212020', 'Caroline Rodrigues Campos', '1984-10-17',
        'CarolineR1953@live.com', '(061) 7848-0505', '2023-04-09', 'a69d2e5e-c989-4415-9901-f02844c1e8b3'),
       ('eac1fcc8-a296-4bfa-a9b8-64f8c642eda8', '73153319561', 'Maysa Rocha Gomes', '1981-05-05',
        'MaysaR1072@gmail.com', '41 5595-0513', '2020-11-05', 'a69d2e5e-c989-4415-9901-f02844c1e8b3'),
       ('b483f928-d883-4b42-ac51-8deccc205f85', '54584280053', 'Calebe Gonçalves Farias', '1987-05-07',
        'CalebeG1100@gmail.com', '0500-293-3000', '2023-03-17', 'a69d2e5e-c989-4415-9901-f02844c1e8b3'),
       ('f4e4a4bf-bef7-431a-acdf-0eeb9583e642', '55038095992', 'Leonardo Rodrigues Nunes', '1991-10-20',
        'LeonardoR1029@outlook.com', '+55 11 1259 0622', '2021-11-03', '66fddc66-b311-4f33-8575-8812aefdd5fe'),
       ('7f0dd909-2390-4ec1-8b4e-13b48fed0efd', '91939125952', 'Bruno Peixoto Rodrigues', '1994-01-12',
        'BrunoP1873@outlook.com', '71 2924-4755', '2022-12-25', '66fddc66-b311-4f33-8575-8812aefdd5fe'),
       ('ffa1b828-3cff-4fb2-b47b-bc11340d814b', '84876136670', 'Vitor Gabriel Costela Rocha', '1971-06-08',
        'Vitor GabrielC1528@outlook.com', '71 8777-7271', '2021-08-14', '66fddc66-b311-4f33-8575-8812aefdd5fe'),
       ('27c5d9c3-8963-48df-8a70-ad3bae939567', '52719419141', 'Júlia Correia Azevedo', '1989-11-20',
        'JúliaC1978@outlook.com', '+55 41 1920 5166', '2023-07-12', 'c2a6a7c1-05a0-4f75-b1b7-550233ef2e8d'),
       ('c2bcaad8-7c0b-4c49-af81-9185b1e270d6', '62145831428', 'Vicente Rodrigues Sales', '1985-01-27',
        'VicenteR1749@live.com', '21 1400 9835', '2022-01-04', 'c2a6a7c1-05a0-4f75-b1b7-550233ef2e8d'),
       ('21479c6f-f59a-416e-9af8-8f5dc6896c69', '90857520512', 'Ana Sophia Campos Aragão', '1988-02-12',
        'Ana SophiaC1829@gmail.com', '0500 262 0439', '2022-07-05', 'c2a6a7c1-05a0-4f75-b1b7-550233ef2e8d'),
       ('073442c3-19bb-4a8f-851f-2c7bd11b24d7', '30581012950', 'João Gabriel Jesus Alves', '1975-06-26',
        'João GabrielJ1636@hotmail.com', '0500-292-3921', '2020-01-04', '4b0b8c6d-5ccc-40dc-8d1b-02accb2be38a'),
       ('7e107ed3-8d1a-4b68-962d-6ffa7795015e', '61093995157', 'Pietro Cardoso Teixeira', '1995-09-01',
        'PietroC1458@hotmail.com', '(031) 4055-3316', '2022-02-07', '4b0b8c6d-5ccc-40dc-8d1b-02accb2be38a'),
       ('69dd7b65-dc0a-4859-a7a6-99908aabb914', '82743050942', 'Luiz Felipe da Cruz da Conceição', '1976-07-05',
        'Luiz FelipeD1294@outlook.com', '(061) 2291 3749', '2021-01-09', '4b0b8c6d-5ccc-40dc-8d1b-02accb2be38a'),
       ('b2153a5a-a256-4c52-91dc-d7ea63707c3d', '53333182394', 'Fernando Sales Santos', '1979-02-27',
        'FernandoS1320@outlook.com', '(051) 1895-3906', '2023-05-12', 'b2ce333b-14fb-41f6-97a9-d01238b1fd2f'),
       ('50e57593-c162-4ad1-88b6-a4e2308acd79', '21028719752', 'Thales Pereira das Neves', '1982-11-07',
        'ThalesP1835@outlook.com', '+55 (051) 6257 0421', '2021-05-22', 'b2ce333b-14fb-41f6-97a9-d01238b1fd2f'),
       ('0d38a207-4b7f-4112-9bbb-37d2deb9ea56', '92513347650', 'Eduardo da Cruz Lopes', '1985-06-09',
        'EduardoD1433@gmail.com', '+55 71 8013 6621', '2021-09-18', 'b2ce333b-14fb-41f6-97a9-d01238b1fd2f'),
       ('8405f75b-c465-4401-910f-111c5affd075', '64910426507', 'Cauê Aragão Campos', '1982-07-06',
        'CauêA1770@gmail.com', '81 3610 8038', '2021-05-23', 'f4ef72ae-245a-4b6a-bb8b-be61258ed0f8'),
       ('4fdad215-fec0-42f4-9992-7b13b07607d2', '51394374739', 'Vitor da Luz Peixoto', '1989-12-08',
        'VitorD1042@gmail.com', '+55 (051) 0083 0222', '2023-02-26', 'f4ef72ae-245a-4b6a-bb8b-be61258ed0f8'),
       ('14a6050e-dbc3-4b58-aae0-7556c95e0e8e', '39951476589', 'Davi Luiz Pinto Nascimento', '1972-12-21',
        'Davi LuizP1544@outlook.com', '(084) 3835-4054', '2020-03-23', 'f4ef72ae-245a-4b6a-bb8b-be61258ed0f8'),
       ('1f84ed82-8965-4a90-887b-29a3e8c2f336', '12083427386', 'Luiz Felipe Jesus Fogaça', '1997-09-09',
        'Luiz FelipeJ1448@hotmail.com', '31 1515 5046', '2021-05-09', '0202eac1-fa88-4744-83c1-c942b2956e8e'),
       ('5c9c2434-89c0-43f2-963b-7068635cba14', '30725049545', 'Juan Nascimento Pereira', '1996-01-11',
        'JuanN1868@live.com', '+55 (031) 6893 1875', '2021-01-22', '0202eac1-fa88-4744-83c1-c942b2956e8e'),
       ('06735f8f-2d8a-45ed-b6fc-b5f52442f63e', '80647273918', 'Ana Julia Rocha Monteiro', '1970-01-15',
        'Ana JuliaR1510@hotmail.com', '(071) 2520-5501', '2021-02-19', '0202eac1-fa88-4744-83c1-c942b2956e8e'),
       ('f8b7081d-1108-42b4-96fb-fd5c2d04db51', '63134298260', 'Bruna Santos da Mota', '1989-10-16',
        'BrunaS1677@gmail.com', '31 7061 5411', '2020-12-21', '5eb1230d-25a9-46ca-b54d-a468daee35d7'),
       ('4899c85a-7f9e-4b88-bf72-843162017a20', '50556799569', 'Nina Silva da Conceição', '1986-09-01',
        'NinaS1104@gmail.com', '0900-405-2890', '2023-04-11', '5eb1230d-25a9-46ca-b54d-a468daee35d7'),
       ('af47cd61-313f-47b3-a4bb-7a2418347fef', '65198429589', 'Nicole Aragão Melo', '1997-11-20',
        'NicoleA1417@hotmail.com', '+55 81 6139 5639', '2023-08-23', '5eb1230d-25a9-46ca-b54d-a468daee35d7'),
       ('d2f26d29-49f8-4be2-989b-faa051e0fe40', '87498289407', 'Emilly Fernandes Farias', '1978-05-20',
        'EmillyF1590@hotmail.com', '(021) 9786 5289', '2022-08-13', 'c322c63a-3d76-4d29-8111-552171c0b926'),
       ('1eedbea4-21ec-439a-a939-86ed92933e05', '27030650190', 'Rodrigo Barros das Neves', '1988-07-10',
        'RodrigoB1382@hotmail.com', '0900 023 6179', '2022-10-09', 'c322c63a-3d76-4d29-8111-552171c0b926'),
       ('caffa6b7-1b33-4668-9924-f3640b217ef5', '58941821665', 'Bárbara Duarte Alves', '1972-01-20',
        'BárbaraD1694@hotmail.com', '+55 (051) 1152-3019', '2023-11-24', 'c322c63a-3d76-4d29-8111-552171c0b926'),
       ('9e4e8cd0-aa54-4fd3-a10f-cff1c46a8d8c', '84721056958', 'Eduardo Lopes Araújo', '1985-04-06',
        'EduardoL1573@gmail.com', '0500-954-2541', '2021-10-13', '723496a0-1825-4755-a496-fa69b3f7d8a3'),
       ('a171e9ad-5d24-4f30-bf7e-cad0bff37558', '69633842310', 'Maria Eduarda Souza da Rocha', '1997-08-19',
        'Maria EduardaS1417@outlook.com', '+55 11 1869 6934', '2020-11-21', '723496a0-1825-4755-a496-fa69b3f7d8a3'),
       ('bf028ca7-1c2a-4239-8b0f-d7fb1ed942d5', '60779499735', 'Pedro Lucas Barros Moreira', '1972-01-27',
        'Pedro LucasB1128@outlook.com', '41 0280 4192', '2020-02-20', '723496a0-1825-4755-a496-fa69b3f7d8a3'),
       ('a522ef81-72d2-455e-86a8-ad5b5d74f2b4', '25745342714', 'Lavínia Moura Porto', '1976-12-26',
        'LavíniaM1437@outlook.com', '+55 (084) 6245-9264', '2022-06-11', 'd0b7f70a-2dc3-4b4b-8690-2d8f3bb61022'),
       ('a4210f55-1b3e-4e91-b047-f1928d351d3f', '71462880720', 'Enzo Gabriel Alves Alves', '1970-02-20',
        'Enzo GabrielA1570@live.com', '0300-283-3855', '2022-12-01', 'd0b7f70a-2dc3-4b4b-8690-2d8f3bb61022'),
       ('00417461-1b30-45bc-8b9c-bb2702beed28', '36311777045', 'Matheus Rezende Moraes', '1990-04-12',
        'MatheusR1804@outlook.com', '+55 (031) 3558-9641', '2022-12-08', 'd0b7f70a-2dc3-4b4b-8690-2d8f3bb61022'),
       ('07d93415-9798-42d6-87da-2f3640091156', '18278569126', 'Laura Azevedo da Conceição', '1972-04-18',
        'LauraA1549@gmail.com', '+55 31 7170-6041', '2020-09-02', '52a9ecc6-bab1-4aee-81b2-3b572de81d78'),
       ('e3efdffd-b5f5-4991-862c-c5b41936d4b2', '33167274344', 'Theo Correia Carvalho', '1982-10-20',
        'TheoC1368@live.com', '61 8410 5544', '2023-06-14', '52a9ecc6-bab1-4aee-81b2-3b572de81d78'),
       ('04f3f17c-1259-4340-85fd-6c70f784f478', '68901864517', 'Pedro Miguel Dias Teixeira', '1995-05-01',
        'Pedro MiguelD1508@hotmail.com', '(011) 3953-0382', '2023-03-06', '52a9ecc6-bab1-4aee-81b2-3b572de81d78'),
       ('61168ad5-6d9c-47c4-9ada-b3afc3c13076', '70440216389', 'Fernando Pereira Nogueira', '1980-12-07',
        'FernandoP1912@gmail.com', '0500-205-8628', '2020-11-26', '9b5beaed-3f0e-4e50-9819-a6deb3d093dc'),
       ('1ab92965-e63d-4eaf-9a4d-f5833909ae19', '61089091702', 'Davi Moraes Costa', '1997-10-09',
        'DaviM1004@hotmail.com', '(031) 9684 3095', '2022-05-24', '9b5beaed-3f0e-4e50-9819-a6deb3d093dc'),
       ('439b5d5e-9305-4700-87a4-15c978f79f66', '14335108044', 'Marcela Nascimento Rocha', '1988-04-20',
        'MarcelaN1987@gmail.com', '+55 11 9848 1092', '2021-01-11', '9b5beaed-3f0e-4e50-9819-a6deb3d093dc'),
       ('e1c1fc6b-9017-43ca-b10a-0ff5c58b8fa4', '52285840055', 'Henrique Castro da Costa', '1994-06-11',
        'HenriqueC1246@gmail.com', '0300 784 7563', '2020-02-12', '224a83df-cb17-4bda-8e9a-7c151405b5db'),
       ('3c1a8ef5-2b60-4792-a9d2-b3cb844dd855', '95163244442', 'Davi Lucca Nascimento Pinto', '1978-12-14',
        'Davi LuccaN1441@hotmail.com', '+55 21 2992 5588', '2023-10-20', '224a83df-cb17-4bda-8e9a-7c151405b5db'),
       ('2ea1e59a-fa32-4c01-a73c-841fe909f39f', '26809165142', 'Stephany da Mota da Rocha', '1979-07-04',
        'StephanyD1513@live.com', '(011) 9536 7680', '2021-08-01', '224a83df-cb17-4bda-8e9a-7c151405b5db'),
       ('19f82109-e316-4b7a-869d-6331b2b775fb', '83893575006', 'Theo Alves Correia', '1976-09-12', 'TheoA1211@live.com',
        '(071) 9024 5666', '2023-05-02', '80ad75bb-9515-42fd-a0f7-e786366546c3'),
       ('e4334507-eaeb-46b5-b755-c5d7ebc21385', '45094164589', 'Marina Barros Costela', '1979-06-09',
        'MarinaB1352@hotmail.com', '81 6832-3396', '2020-07-06', '80ad75bb-9515-42fd-a0f7-e786366546c3'),
       ('3570c875-2d74-490b-859c-fb39e0ae1c9b', '08937794829', 'Maria Eduarda Novaes Aragão', '1985-09-23',
        'Maria EduardaN1086@outlook.com', '(021) 1280-2741', '2022-02-04', '80ad75bb-9515-42fd-a0f7-e786366546c3'),
       ('22eb549b-a130-435b-8d15-5397ba69db58', '11109476663', 'Diego Fernandes da Mata', '1989-02-12',
        'DiegoF1533@gmail.com', '(061) 3511-0706', '2022-09-17', 'c3e1dc7e-b04e-4761-bf6f-b8de9fbbf559'),
       ('145a2667-d394-4713-a153-c5d88bf3995f', '49813235578', 'Eloah Cavalcanti da Rosa', '1980-05-05',
        'EloahC1013@live.com', '71 2655 3346', '2021-07-20', 'c3e1dc7e-b04e-4761-bf6f-b8de9fbbf559'),
       ('625b55f2-303a-4b94-a3d2-0905ee44f859', '22871412006', 'Cecília da Conceição da Conceição', '1985-06-20',
        'CecíliaD1780@outlook.com', '+55 31 2422-5742', '2020-05-21', 'c3e1dc7e-b04e-4761-bf6f-b8de9fbbf559'),
       ('a7caef45-72c1-4a57-85be-23f44afad650', '47050742627', 'Lucas Aragão Barros', '1976-09-25',
        'LucasA1289@outlook.com', '0500-591-5475', '2023-05-11', '95ef11fb-ebea-4591-b03b-0adab7e61f70'),
       ('2edd3c71-c113-44b6-935f-967dd996c578', '68826459908', 'Olivia Gonçalves Pinto', '1977-04-21',
        'OliviaG1410@hotmail.com', '+55 61 1271-1019', '2020-07-12', '95ef11fb-ebea-4591-b03b-0adab7e61f70'),
       ('718d74b2-1f29-450c-9355-f1d7f540c850', '28115791091', 'Stella da Rocha Moreira', '1987-11-09',
        'StellaD1863@live.com', '(021) 5085-8831', '2022-03-10', '95ef11fb-ebea-4591-b03b-0adab7e61f70'),
       ('d27114d6-3688-45d4-90e1-2fc7d8280f23', '44789832597', 'Alícia Silveira Farias', '1993-09-04',
        'AlíciaS1134@gmail.com', '+55 (051) 2160 0770', '2022-12-02', '358005cc-7126-4f7e-8c21-f217906a338c'),
       ('8bdaee5d-6ead-4ba6-8c07-6abe481cd1dd', '32147017701', 'Diego Monteiro Vieira', '1993-03-21',
        'DiegoM1918@hotmail.com', '+55 (011) 8851 9460', '2020-05-17', '358005cc-7126-4f7e-8c21-f217906a338c'),
       ('dcdf2f0a-4b06-4be2-9db5-d2332a3cde41', '27219899874', 'Maria Luiza Nogueira Campos', '1971-01-25',
        'Maria LuizaN1962@hotmail.com', '0800 716 3336', '2020-07-23', '358005cc-7126-4f7e-8c21-f217906a338c'),
       ('fd77b11e-ff2e-4055-8c2f-5e13026f4c14', '57928058570', 'Mirella Lopes Ramos', '1972-10-14',
        'MirellaL1943@live.com', '+55 (041) 6720 7237', '2022-07-02', 'b9011f54-f592-4463-92f8-281bb1a8de0b'),
       ('c6de5a40-f657-49f7-a98e-feac39f58d04', '43364959803', 'Leonardo Costela Freitas', '1995-05-17',
        'LeonardoC1094@outlook.com', '0800 300 0118', '2020-07-07', 'b9011f54-f592-4463-92f8-281bb1a8de0b'),
       ('37ed1702-bcdf-46f7-9a3a-935859b80717', '33301559816', 'André Lima Gomes', '1992-05-20', 'AndréL1639@gmail.com',
        '(084) 5731 1460', '2020-12-10', 'b9011f54-f592-4463-92f8-281bb1a8de0b'),
       ('cca1d19e-0259-4e5c-88c9-5dd9022c3dd7', '45849892303', 'Natália Monteiro da Paz', '1991-02-23',
        'NatáliaM1543@outlook.com', '41 1381 0275', '2020-02-25', '8631c27f-dc81-4741-9e77-32618b5256b5'),
       ('7b685b7a-658b-4e35-bc23-6441f72a7708', '36648574968', 'Isadora Gomes Nunes', '1983-06-03',
        'IsadoraG1095@live.com', '71 0494 3539', '2023-03-15', '8631c27f-dc81-4741-9e77-32618b5256b5'),
       ('18900846-14ed-4b05-9fc5-434a98c1d599', '97019759360', 'Samuel da Mata Teixeira', '1996-02-05',
        'SamuelD1401@hotmail.com', '(031) 5149-3775', '2021-02-01', '8631c27f-dc81-4741-9e77-32618b5256b5'),
       ('70920699-719c-4245-ade1-e75ed28a8945', '26794123207', 'Rafaela Lopes da Cunha', '1993-09-26',
        'RafaelaL1419@hotmail.com', '61 3837 7047', '2020-12-22', 'f586f2a0-659d-4fe8-9411-3a76d762b105'),
       ('2b6a74b4-d88f-4e45-8f64-b2ea6ea5a5b9', '78687098553', 'Alice Teixeira Cardoso', '1988-08-22',
        'AliceT1560@gmail.com', '41 3844-2817', '2020-03-14', 'f586f2a0-659d-4fe8-9411-3a76d762b105'),
       ('f0582e33-e449-4a5c-b839-e75db531db9a', '53712025440', 'Olivia Cunha da Mata', '1973-03-18',
        'OliviaC1202@live.com', '+55 31 8932-4610', '2022-12-25', 'f586f2a0-659d-4fe8-9411-3a76d762b105'),
       ('7b0d042b-c4ee-4ded-93a3-ecff894b4ae5', '53568848503', 'Júlia Correia Nogueira', '1983-10-13',
        'JúliaC1536@live.com', '0900 716 6453', '2020-06-27', 'ffd6ec2d-b8d8-43a5-9214-754badfbd323'),
       ('6d21fcbd-0083-4cd4-af08-6f3fd3e36acf', '03853875718', 'Carlos Eduardo Caldeira Moreira', '1990-04-20',
        'Carlos EduardoC1843@gmail.com', '84 9618-9851', '2020-01-15', 'ffd6ec2d-b8d8-43a5-9214-754badfbd323'),
       ('f2f047d5-9f8f-47a5-b2d8-c55025a71820', '17852329756', 'Luiz Felipe Caldeira Nunes', '1979-07-05',
        'Luiz FelipeC1234@gmail.com', '+55 31 6563 5964', '2022-05-16', 'ffd6ec2d-b8d8-43a5-9214-754badfbd323'),
       ('bca47a73-0e94-42ea-8982-30192508e75f', '64613527244', 'Lucas Silva Cardoso', '1997-10-21',
        'LucasS1094@outlook.com', '0300 283 2944', '2020-11-18', '47b1e966-3a49-4560-8c09-50782c26f702'),
       ('20c8013d-8770-4946-ae15-31cbd5371a74', '90139951440', 'Bryan Santos Souza', '1984-02-06',
        'BryanS1479@hotmail.com', '+55 51 3999 3693', '2023-01-06', '47b1e966-3a49-4560-8c09-50782c26f702'),
       ('326dd9e4-bd88-41a0-8443-200457000937', '78619222600', 'João Guilherme Gomes da Cruz', '1984-06-08',
        'João GuilhermeG1634@live.com', '+55 (061) 8298 8754', '2020-12-06', '47b1e966-3a49-4560-8c09-50782c26f702'),
       ('6d0f0a12-9d70-41b9-8517-57260455d25c', '95793206590', 'Raquel Porto da Rocha', '1987-04-02',
        'RaquelP1453@hotmail.com', '+55 21 9649 6065', '2020-01-10', '0b9528ac-70cd-4644-9139-3958763a39ad'),
       ('f45f99da-22ca-4ac5-8931-b107e0f83f6d', '00882013505', 'Maria Luiza Peixoto Santos', '1978-02-18',
        'Maria LuizaP1862@hotmail.com', '71 5701-3963', '2020-01-06', '0b9528ac-70cd-4644-9139-3958763a39ad'),
       ('3324a0da-8a63-4eb2-b1fc-58b3cd2b61b6', '38349331984', 'Gabriela Rodrigues Moraes', '1995-01-15',
        'GabrielaR1253@outlook.com', '+55 (041) 0921-6992', '2023-11-15', '0b9528ac-70cd-4644-9139-3958763a39ad'),
       ('142488fb-b7f1-454e-b2ca-a6f01f15285d', '41097863557', 'Emanuelly Jesus da Costa', '1970-11-11',
        'EmanuellyJ1887@hotmail.com', '(031) 0554 8012', '2021-03-26', '36a0b165-f3da-49da-96cf-d4a1742fad48'),
       ('8bb4806c-283e-424b-8bb1-cf3948869910', '50130067407', 'Rafael da Luz Campos', '1997-07-14',
        'RafaelD1651@hotmail.com', '(041) 2420-9316', '2022-10-14', '36a0b165-f3da-49da-96cf-d4a1742fad48'),
       ('b0297147-77f2-4033-a2ab-3eb8b57b2d31', '14441816456', 'Marcos Vinicius da Costa Teixeira', '1972-01-11',
        'Marcos ViniciusD1965@hotmail.com', '(031) 4927-4320', '2023-02-08', '36a0b165-f3da-49da-96cf-d4a1742fad48'),
       ('499ef091-a49a-4b70-8cb6-823f005f3cd7', '42677596180', 'Rebeca Barros da Rosa', '1975-05-22',
        'RebecaB1593@gmail.com', '+55 51 1056 4623', '2023-03-19', '3b8261b9-727d-4883-b164-4402e9c4b408'),
       ('2582c1ac-ba06-4de8-b97e-a1baa4d70a36', '59516275672', 'Nina Nascimento Teixeira', '1989-10-18',
        'NinaN1966@hotmail.com', '+55 71 3726 0849', '2023-01-20', '3b8261b9-727d-4883-b164-4402e9c4b408'),
       ('e3238b08-de8c-41d8-b717-0b1902e9d0ae', '81174973528', 'Alana Souza Nascimento', '1995-11-24',
        'AlanaS1985@hotmail.com', '+55 (011) 9029-1961', '2023-02-17', '3b8261b9-727d-4883-b164-4402e9c4b408'),
       ('e5ca86cc-d648-4e58-ba78-b06492de40cd', '16619533604', 'Gabriel Lopes Vieira', '1976-05-08',
        'GabrielL1708@outlook.com', '0800 839 5324', '2020-12-01', '4b0d6174-b4c9-49c2-9055-c07b67c88376'),
       ('2dc91c5f-8eb1-43ad-99ed-c571f2bfa31a', '81624092039', 'Augusto da Cruz Pires', '1994-07-22',
        'AugustoD1719@outlook.com', '+55 21 6486-2525', '2023-12-08', '4b0d6174-b4c9-49c2-9055-c07b67c88376'),
       ('17a08097-393d-4f4d-854d-3ae8f7620b75', '16998760965', 'Gustavo Henrique Azevedo da Costa', '1986-11-17',
        'Gustavo HenriqueA1137@gmail.com', '+55 61 9699 7593', '2020-12-20', '4b0d6174-b4c9-49c2-9055-c07b67c88376'),
       ('a87f1c88-c0f5-4f07-b735-94c5bd398b31', '80320424669', 'Clarice Viana da Mota', '1997-07-07',
        'ClariceV1539@hotmail.com', '71 2216 8048', '2021-01-14', '987e4272-1ee6-4bc6-a451-fbfa5298dd68'),
       ('b1cd5b43-3c7c-44ce-9601-d328723ddbc0', '80499244915', 'Lívia da Conceição Silva', '1974-04-22',
        'LíviaD1988@hotmail.com', '+55 21 3170-7933', '2020-03-12', '987e4272-1ee6-4bc6-a451-fbfa5298dd68'),
       ('c15af6bc-0823-4832-9fa0-17ae52c22e6d', '70589549766', 'Alexia Araújo Gonçalves', '1979-06-17',
        'AlexiaA1013@outlook.com', '+55 (061) 2934 1599', '2022-07-18', '987e4272-1ee6-4bc6-a451-fbfa5298dd68'),
       ('cead822e-98ce-4dc4-bd1c-523c4840d897', '09760940701', 'Pietro Ferreira Gomes', '1973-08-05',
        'PietroF1744@live.com', '84 1408-4956', '2020-01-25', '87e6d4ad-6fd5-4f3f-a036-e88524ab9dac'),
       ('6468a12f-9a0b-4839-807b-f71ba1fd92f6', '10683045105', 'Luiza da Mota Lopes', '1996-08-13',
        'LuizaD1702@live.com', '61 5287-7148', '2023-03-22', '87e6d4ad-6fd5-4f3f-a036-e88524ab9dac'),
       ('cb962d07-9a08-4e89-afe4-32dc25eab332', '78232636025', 'Gustavo da Rosa Duarte', '1988-07-01',
        'GustavoD1589@outlook.com', '51 9839 4143', '2023-10-01', '87e6d4ad-6fd5-4f3f-a036-e88524ab9dac'),
       ('b20e64a9-2620-40d0-8e63-1e1d36517675', '15304888502', 'Luiz Miguel Moraes Correia', '1990-02-07',
        'Luiz MiguelM1195@live.com', '+55 81 9767-5870', '2022-05-08', 'fae226d0-a3cb-4192-b197-b7cbd10e6a24'),
       ('3d685f02-9df9-43f2-8091-07b726ff7fca', '34756855741', 'Amanda Almeida Sales', '1986-10-19',
        'AmandaA1556@outlook.com', '31 9056-1406', '2020-08-15', 'fae226d0-a3cb-4192-b197-b7cbd10e6a24'),
       ('4076ebfc-e433-4abd-afdf-bea296597ef4', '34923652721', 'Gabriel Vieira da Mota', '1986-04-06',
        'GabrielV1088@hotmail.com', '+55 11 1329-8152', '2020-12-13', 'fae226d0-a3cb-4192-b197-b7cbd10e6a24'),
       ('038093a1-efee-473e-ba79-c88020db2ee8', '64288937701', 'Marcela da Mota Cavalcanti', '1997-11-24',
        'MarcelaD1288@hotmail.com', '+55 (084) 7351-7997', '2022-11-12', '04c1639c-562e-4b53-b331-b6df7861141a'),
       ('00b92ebc-70e1-46da-9ae2-609218013523', '45560448206', 'Joana Lima Mendes', '1978-11-01',
        'JoanaL1900@outlook.com', '+55 (071) 5183-5514', '2020-10-10', '04c1639c-562e-4b53-b331-b6df7861141a'),
       ('dafb4343-6aea-47ea-a046-27ea36746295', '21541723341', 'André da Luz Fogaça', '1997-08-22',
        'AndréD1266@hotmail.com', '+55 41 0332 2474', '2022-04-17', '04c1639c-562e-4b53-b331-b6df7861141a'),
       ('3180cc25-0322-46ff-8e96-1df4f19ffdf9', '16502876404', 'Augusto Lima da Cunha', '1973-12-18',
        'AugustoL1122@live.com', '(071) 7262-9376', '2020-01-05', 'd6b6f679-15bd-4dfe-b345-6cf3a78d2bce'),
       ('5ba02687-75ee-45be-b479-c0f1089b73e2', '87313254407', 'Gabriel Gonçalves da Cunha', '1982-03-12',
        'GabrielG1607@live.com', '+55 (081) 6480 2032', '2020-08-05', 'd6b6f679-15bd-4dfe-b345-6cf3a78d2bce'),
       ('f51fa538-e0af-4496-a97c-a9f9d6514dc7', '57502079009', 'Marcelo Araújo da Costa', '1972-06-19',
        'MarceloA1727@hotmail.com', '51 3505 8208', '2023-08-22', 'd6b6f679-15bd-4dfe-b345-6cf3a78d2bce'),
       ('cac72f7c-adbb-4c17-952c-eb2150d40b2a', '72867158362', 'Bernardo Pinto Viana', '1993-07-24',
        'BernardoP1162@live.com', '+55 (084) 1752-8605', '2020-06-23', 'cf34a59b-b931-4c1e-ba9d-a98524af8919'),
       ('a3607407-8ce9-4ac1-aaf4-143ef6fbb402', '87104325077', 'Benício da Cruz Fogaça', '1984-02-18',
        'BenícioD1775@outlook.com', '+55 84 9567-2690', '2021-11-25', 'cf34a59b-b931-4c1e-ba9d-a98524af8919'),
       ('279ca274-2805-4132-86cd-a686b25f365f', '80277475112', 'Catarina das Neves Ramos', '1981-05-01',
        'CatarinaD1316@hotmail.com', '11 4207 5348', '2022-03-17', 'cf34a59b-b931-4c1e-ba9d-a98524af8919'),
       ('83bbd246-bb59-405f-839a-58b6eb0ffd24', '58560184864', 'João Pedro Cardoso Gonçalves', '1973-10-01',
        'João PedroC1318@outlook.com', '(084) 6685-4492', '2020-11-13', '74b2beb7-6c23-4a15-a49d-f8a4bb762a1a'),
       ('26783da1-0c9c-4511-94d3-99e92394fd82', '41971567230', 'Leonardo Cavalcanti Mendes', '1977-04-24',
        'LeonardoC1681@live.com', '+55 (051) 4342 6223', '2023-01-16', '74b2beb7-6c23-4a15-a49d-f8a4bb762a1a'),
       ('8d1f9508-f84d-40f3-bfe4-e1a41f63cc38', '60462136736', 'Rafael Nogueira Peixoto', '1974-03-10',
        'RafaelN1659@hotmail.com', '+55 (011) 9528 8639', '2021-09-21', '74b2beb7-6c23-4a15-a49d-f8a4bb762a1a'),
       ('705f43cf-48de-47e2-9d28-5d262854445b', '94872665180', 'Caio da Mota Caldeira', '1988-07-04',
        'CaioD1031@hotmail.com', '+55 11 6920-5362', '2022-09-25', '5f354023-0f60-4544-8b07-9b768c9b14c5'),
       ('91af01fd-d524-4589-be8f-1c86f6ce69db', '87235166401', 'Joana da Rocha Nogueira', '1978-02-08',
        'JoanaD1981@live.com', '(061) 6355-8872', '2023-12-23', '5f354023-0f60-4544-8b07-9b768c9b14c5'),
       ('e34230dd-b2b9-4af5-8cb2-0d2e175869e2', '01912380668', 'Noah Nogueira da Rosa', '1991-01-12',
        'NoahN1511@hotmail.com', '+55 81 0296 9223', '2021-08-16', '5f354023-0f60-4544-8b07-9b768c9b14c5'),
       ('23806096-da1b-48f4-90ab-cd5013a9bee7', '32542197245', 'Erick Correia da Luz', '1991-08-22',
        'ErickC1496@gmail.com', '+55 11 4573-8368', '2022-01-04', '80d5bffb-7022-42ac-80e1-d627313b2d7e'),
       ('67f53596-595c-4982-aa85-8001495ac837', '69970111019', 'Diego Silveira Silveira', '1987-02-01',
        'DiegoS1261@hotmail.com', '+55 11 7876 0193', '2021-11-24', '80d5bffb-7022-42ac-80e1-d627313b2d7e'),
       ('8695dc11-6ef6-40eb-91ba-dee9b6b0146f', '14533200168', 'Augusto Porto Viana', '1972-09-23',
        'AugustoP1931@outlook.com', '21 6274 6165', '2023-02-10', '80d5bffb-7022-42ac-80e1-d627313b2d7e'),
       ('220205e4-0331-4d0b-bd4b-d96909fa78f0', '13268372902', 'Maria Fernanda Freitas Barbosa', '1983-01-11',
        'Maria FernandaF1738@outlook.com', '+55 41 5483 3295', '2022-12-21', '3b09a4cf-6aca-432c-9c37-2652a4cc45f9'),
       ('b6f2db5c-394c-46bd-90d5-6a842dc35ab9', '90835959600', 'Ana Júlia Almeida Correia', '1984-03-10',
        'Ana JúliaA1178@gmail.com', '+55 84 7592 9326', '2023-03-26', '3b09a4cf-6aca-432c-9c37-2652a4cc45f9'),
       ('7a252d90-0188-4ee9-84e2-b13f2034625d', '55720745785', 'Ana Carolina Ramos Martins', '1994-11-04',
        'Ana CarolinaR1258@live.com', '+55 (021) 9966-4448', '2022-08-07', '3b09a4cf-6aca-432c-9c37-2652a4cc45f9'),
       ('ef8df168-a9d2-42d2-bc17-44e513260353', '97297749869', 'Ana Vitória Vieira Sales', '1978-01-02',
        'Ana VitóriaV1537@live.com', '+55 (041) 8930 9317', '2022-05-10', '9278a3ba-2ffb-4a80-8033-8bd9496e66d7'),
       ('0642bf0f-6f43-4c78-a743-dddf89afd898', '84630295151', 'Sophia Azevedo Santos', '1978-07-02',
        'SophiaA1845@outlook.com', '+55 (051) 3442-3690', '2020-05-06', '9278a3ba-2ffb-4a80-8033-8bd9496e66d7'),
       ('535872b3-b9d6-4270-9612-0f5a77cb04b5', '26825877127', 'Isis Rocha Peixoto', '1997-11-07',
        'IsisR1128@outlook.com', '+55 41 9453 6331', '2022-07-27', '9278a3ba-2ffb-4a80-8033-8bd9496e66d7'),
       ('cc5a2d5a-3e7e-4da8-b7a8-91a3c180f5e3', '36223926308', 'Ana Júlia da Costa Barbosa', '1972-05-18',
        'Ana JúliaD1279@gmail.com', '(041) 9018-2212', '2020-08-05', '49be5e09-c96b-4e44-b50a-d35c66604145'),
       ('20dd894d-0cc1-42e6-b3ec-f528b53e5424', '03902673842', 'Juan Dias Teixeira', '1978-07-12',
        'JuanD1735@gmail.com', '+55 (011) 2056 0517', '2020-08-24', '49be5e09-c96b-4e44-b50a-d35c66604145'),
       ('3b430d02-7ce8-4a64-b17b-5596e7c036fe', '80173641210', 'Luiz Otávio Caldeira Silva', '1985-05-08',
        'Luiz OtávioC1378@live.com', '0900-956-4570', '2023-02-05', '49be5e09-c96b-4e44-b50a-d35c66604145'),
       ('67701b3d-5e1a-42d8-9d20-e934a91bcbac', '16302703778', 'Eloah Viana Alves', '1982-10-24',
        'EloahV1727@hotmail.com', '0800-390-2588', '2022-03-04', 'cae14bdf-9a20-4e93-826c-bc2a6c4b3030'),
       ('2a337aaa-562d-453b-8f3c-533c8e50226a', '50465485855', 'Eduarda das Neves Freitas', '1973-10-15',
        'EduardaD1201@outlook.com', '+55 (061) 7769 7590', '2022-12-08', 'cae14bdf-9a20-4e93-826c-bc2a6c4b3030'),
       ('0093ad54-9c46-4991-a8ba-809b0461db3d', '87712004447', 'Rodrigo da Rosa Martins', '1993-11-07',
        'RodrigoD1896@live.com', '(021) 5768-0628', '2023-10-26', 'cae14bdf-9a20-4e93-826c-bc2a6c4b3030'),
       ('a56f4dd1-22ef-4584-b36e-60810e3699c0', '03842187092', 'Calebe Ferreira Ramos', '1981-03-11',
        'CalebeF1429@outlook.com', '(061) 0570-3296', '2020-04-06', '6bea508d-28c0-4418-afe9-f5ec7ccff14b'),
       ('7798fa86-ff3d-4def-af72-4d46af540204', '29842807096', 'Felipe Barros da Cunha', '1982-11-19',
        'FelipeB1498@outlook.com', '11 8652-2878', '2020-10-16', '6bea508d-28c0-4418-afe9-f5ec7ccff14b'),
       ('56dbaccd-2f69-45e3-8528-ac0c1ff98980', '39431506823', 'Letícia Campos Costa', '1978-02-22',
        'LetíciaC1003@live.com', '+55 (041) 5444-3363', '2022-05-04', '6bea508d-28c0-4418-afe9-f5ec7ccff14b'),
       ('bb7e6ae2-11df-4184-a2b5-0cbe5b6768f4', '82564504604', 'Stephany Teixeira Nogueira', '1971-07-20',
        'StephanyT1954@live.com', '+55 21 0974 0774', '2021-10-14', '34e63b60-f09a-4f2c-a75f-29be72d13cfc'),
       ('f80b0e6d-77d6-43bb-87b4-2e79b0e840bf', '79056147277', 'João Lucas Fogaça da Rocha', '1981-07-03',
        'João LucasF1729@live.com', '51 7365 1780', '2021-08-07', '34e63b60-f09a-4f2c-a75f-29be72d13cfc'),
       ('73158084-46a0-4949-979b-02aa054f0097', '40620759704', 'Maitê Teixeira Sales', '1976-04-07',
        'MaitêT1839@hotmail.com', '(011) 2838-9338', '2020-07-07', '34e63b60-f09a-4f2c-a75f-29be72d13cfc'),
       ('81ac1652-7702-448c-b4f3-9b54dd20c49f', '25346297359', 'Miguel Dias das Neves', '1973-12-11',
        'MiguelD1329@live.com', '81 7422-9426', '2022-12-02', '62fd8e1c-1891-4e3a-b153-c5d029be721c'),
       ('4f2b8261-ce11-4b75-8f14-70448a6ae604', '24321079187', 'Luiza Fogaça Castro', '1972-09-11',
        'LuizaF1768@outlook.com', '(084) 9311-8611', '2023-07-02', '62fd8e1c-1891-4e3a-b153-c5d029be721c'),
       ('09305914-0bc7-4f86-9bf8-d478c920ffed', '08316768178', 'Daniel Cardoso da Luz', '1987-05-23',
        'DanielC1915@live.com', '(011) 4624-9824', '2020-01-14', '62fd8e1c-1891-4e3a-b153-c5d029be721c'),
       ('3f3a91d4-bb54-4bbc-83e1-ac7eeb0a7d12', '32942413727', 'Mariana Rodrigues da Mata', '1981-04-18',
        'MarianaR1472@hotmail.com', '61 8815 0857', '2021-01-02', '7c405a43-f93e-4712-b6da-9d80a3ab0a1c'),
       ('aca5bf6a-fd6b-4b3a-9c72-5dabce7bf054', '77263724359', 'Sarah Silva Viana', '1990-09-14',
        'SarahS1022@outlook.com', '11 1457-0472', '2023-04-14', '7c405a43-f93e-4712-b6da-9d80a3ab0a1c'),
       ('c4a3cf00-aec6-402f-bd7e-f39e2062c749', '32793402680', 'Giovanna Duarte Campos', '1997-02-09',
        'GiovannaD1261@outlook.com', '11 6358-8952', '2023-12-04', '7c405a43-f93e-4712-b6da-9d80a3ab0a1c'),
       ('4bdb6894-3964-449f-87f1-48a5d19731b4', '03333709961', 'Manuela Cavalcanti Campos', '1982-03-02',
        'ManuelaC1195@gmail.com', '+55 21 1200-5607', '2021-02-19', '7f0f6f09-c783-4c97-a9ab-6ef828886e02'),
       ('7295001f-2f25-4902-a471-bdf29e6a4130', '88767383637', 'Vitória Farias da Cruz', '1989-04-08',
        'VitóriaF1954@gmail.com', '61 7929-5492', '2023-06-26', '7f0f6f09-c783-4c97-a9ab-6ef828886e02'),
       ('ca4c771b-d2ec-423c-973c-53bf2984d05f', '73550201451', 'Brenda Dias Dias', '1979-09-20',
        'BrendaD1985@outlook.com', '+55 84 8682-2628', '2023-03-01', '7f0f6f09-c783-4c97-a9ab-6ef828886e02'),
       ('7fd729a7-6fbc-4ac5-966a-8c50eb95e77a', '83060061513', 'Joana Dias Duarte', '1975-03-13',
        'JoanaD1118@gmail.com', '+55 84 9895 8247', '2021-12-07', '302ec8d1-0ce6-4c9c-9019-ddec3ef8c94a'),
       ('4890c851-40c2-4199-ab57-a595b3b457d7', '29045346281', 'Luana Moreira Ferreira', '1980-01-14',
        'LuanaM1757@gmail.com', '(011) 0311 3921', '2023-07-08', '302ec8d1-0ce6-4c9c-9019-ddec3ef8c94a'),
       ('e974d018-cbda-439f-9ade-cfe814ebaa97', '59025116400', 'Antônio Freitas Pires', '1984-03-06',
        'AntônioF1033@live.com', '(061) 5215 8642', '2023-03-07', '302ec8d1-0ce6-4c9c-9019-ddec3ef8c94a'),
       ('0e6002f4-e6d4-4934-8cfb-05c4974b1f7b', '47013051039', 'Stephany Moreira Moreira', '1970-05-06',
        'StephanyM1051@gmail.com', '0500-312-9104', '2023-01-02', 'a78011d5-078c-42b6-ba87-bae871fa7263'),
       ('b66aa455-2070-4c7b-ba58-01e1d4e7cbd1', '74513376180', 'Pietra Fogaça Mendes', '1992-07-25',
        'PietraF1573@hotmail.com', '+55 51 8809 0443', '2021-12-10', 'a78011d5-078c-42b6-ba87-bae871fa7263'),
       ('497ade6c-7785-4a51-90b4-dadb94ecb2c8', '77795016472', 'Stella Almeida Moreira', '1996-11-22',
        'StellaA1969@gmail.com', '31 3326-5014', '2020-12-01', 'a78011d5-078c-42b6-ba87-bae871fa7263'),
       ('b7a703f1-003b-4c27-be1e-03518e32fc50', '67089630781', 'Maria Sophia da Rocha Ramos', '1971-03-17',
        'Maria SophiaD1298@outlook.com', '+55 71 3949 9731', '2023-05-13', '1c36e29c-5bba-4e9b-913e-74738c65d687'),
       ('9ff946ad-df89-46ec-adf1-48ce67c4c5c3', '78498146810', 'Bernardo Lopes Rezende', '1987-12-17',
        'BernardoL1211@hotmail.com', '+55 (081) 8515-0596', '2021-08-03', '1c36e29c-5bba-4e9b-913e-74738c65d687'),
       ('b38d852e-b8c1-4617-8fc3-ee6f5815944f', '49608734185', 'Calebe da Conceição Azevedo', '1985-08-13',
        'CalebeD1577@gmail.com', '+55 51 9970 0246', '2020-02-13', '1c36e29c-5bba-4e9b-913e-74738c65d687'),
       ('0bd80445-6a5c-4f9c-8101-f3496275f1fe', '88401163544', 'Julia Nogueira Nogueira', '1989-07-10',
        'JuliaN1719@outlook.com', '(084) 8430 5047', '2023-07-11', 'df07bf85-e66a-4947-98aa-7a3a9863d7a7'),
       ('e998443d-6f8b-4512-a5a4-9991a8ea6aa8', '20602563216', 'Guilherme Carvalho Cardoso', '1986-01-07',
        'GuilhermeC1830@live.com', '21 7138-8392', '2022-05-26', 'df07bf85-e66a-4947-98aa-7a3a9863d7a7'),
       ('6ccc3ff8-8273-4d40-9757-67f1c103f015', '65175209884', 'Enzo Gabriel Cavalcanti Melo', '1993-04-02',
        'Enzo GabrielC1017@outlook.com', '+55 (061) 3730-0657', '2021-07-08', 'df07bf85-e66a-4947-98aa-7a3a9863d7a7'),
       ('49c2e7a2-a5c7-49d3-b98b-35e3079761bb', '66776334978', 'Vitor Hugo Correia Cardoso', '1987-11-14',
        'Vitor HugoC1853@gmail.com', '+55 (051) 3530-9501', '2021-11-12', '37c63d84-92ab-4c7e-a11d-525ca6f39199'),
       ('facd6df9-7ced-4978-90cd-cd01950df213', '00050058177', 'Diego Silveira da Rosa', '1977-04-14',
        'DiegoS1569@outlook.com', '51 3602 6135', '2023-10-10', '37c63d84-92ab-4c7e-a11d-525ca6f39199'),
       ('6637e99a-0afa-42e5-a256-838b5c8a850b', '70334479495', 'Melissa Campos Fernandes', '1975-12-23',
        'MelissaC1337@live.com', '11 3746 0557', '2022-01-18', '37c63d84-92ab-4c7e-a11d-525ca6f39199'),
       ('bd8b4d9b-6b87-4179-940c-2e1cb06a6cb2', '77746363580', 'Ana Nascimento Azevedo', '1993-03-08',
        'AnaN1435@gmail.com', '84 4326 0131', '2023-09-07', 'c6368878-3766-4426-a9e5-1c29f52d928e');


INSERT INTO AREAS (ID, NAME, OPENING_TIME, CLOSING_TIME)
VALUES (0, 'Churrasqueira', '18:00', '22:00'),
       (1, 'Piscina', '10:00', '18:00'),
       (2, 'Area de trabalho', '08:00', '17:00'),
       (3, 'Academia', '5:30', '22:00'),
       (4, 'Sala de Jogos', '14:00', '22:00'),
       (5, 'Salão de festas', '14:00', '22:00');

INSERT INTO USER_RESERVATION_AREAS (ID, START_OF_SCHEDULING, END_OF_SCHEDULING, RESERVATION_ID, USER_ID)
VALUES ('16b13c52-22ba-4bc6-8ecb-ac02360cc98f', '2023-12-22 13:29', '2023-12-22 17:51', 3,
        '4eb229f5-22ce-484b-b0f8-1364cc3dc68e'),
       ('8d4d8418-a75d-4490-9938-2c9539140381', '2023-07-12 15:31', '2023-07-12 19:43', 0,
        '4eb229f5-22ce-484b-b0f8-1364cc3dc68e'),
       ('4132f184-28d4-41fc-a5d1-703129c7db61', '2023-01-13 13:51', '2023-01-13 17:31', 5,
        '4eb229f5-22ce-484b-b0f8-1364cc3dc68e'),
       ('c0de22e7-d64e-410f-b0a3-899d6e799fde', '2023-04-24 13:17', '2023-04-24 17:53', 3,
        '4eb229f5-22ce-484b-b0f8-1364cc3dc68e'),
       ('e0bf0ff0-587a-4cf4-91c5-440d972b223a', '2023-05-27 17:58', '2023-05-27 21:36', 0,
        '4eb229f5-22ce-484b-b0f8-1364cc3dc68e'),
       ('86e4cf3b-3663-4969-902c-f4ee19e2e4bd', '2023-03-11 11:52', '2023-03-11 15:41', 4,
        '4eb229f5-22ce-484b-b0f8-1364cc3dc68e'),
       ('03065b76-b086-49ff-9069-b5a7199dda11', '2023-03-28 15:52', '2023-03-28 19:14', 5,
        '4eb229f5-22ce-484b-b0f8-1364cc3dc68e'),
       ('f30eeda6-c6de-4fac-ad6a-3a1e1734a015', '2023-05-22 11:50', '2023-05-22 15:03', 4,
        '4eb229f5-22ce-484b-b0f8-1364cc3dc68e'),
       ('f2a34e11-9887-4e01-b79f-0d1c1fa08e45', '2023-08-10 12:47', '2023-08-10 16:45', 5,
        '4eb229f5-22ce-484b-b0f8-1364cc3dc68e'),
       ('fe42ac42-259c-4a7f-9135-bddaf1c7094b', '2023-07-10 12:14', '2023-07-10 16:01', 2,
        '4eb229f5-22ce-484b-b0f8-1364cc3dc68e'),
       ('ba7c8128-5c3c-4647-aab3-daf82f529638', '2023-02-06 13:33', '2023-02-06 17:04', 2,
        '7372a3f6-dc93-4ad6-ba25-0a1731abd122'),
       ('ee916f3b-1a28-460b-a15d-d8511abd1871', '2023-12-04 13:20', '2023-12-04 17:51', 5,
        '7372a3f6-dc93-4ad6-ba25-0a1731abd122'),
       ('b0ee97d8-7828-42e8-9e8d-71e442f90a8e', '2023-03-09 11:40', '2023-03-09 15:09', 1,
        '7372a3f6-dc93-4ad6-ba25-0a1731abd122'),
       ('72ed2a6f-3b95-4d18-981d-0ca92318d1e7', '2023-01-04 12:28', '2023-01-04 16:57', 0,
        '7372a3f6-dc93-4ad6-ba25-0a1731abd122'),
       ('ddbfbe29-5372-49d7-8da2-d9f4940392c2', '2023-06-26 12:52', '2023-06-26 16:25', 5,
        '7372a3f6-dc93-4ad6-ba25-0a1731abd122'),
       ('67c32486-a920-4bbf-9d95-a715cc674e36', '2023-10-21 11:17', '2023-10-21 15:49', 5,
        '7372a3f6-dc93-4ad6-ba25-0a1731abd122'),
       ('6939248c-e24e-401b-a28c-e6406f235a36', '2023-10-22 14:01', '2023-10-22 18:02', 4,
        '7372a3f6-dc93-4ad6-ba25-0a1731abd122'),
       ('de8441d2-b912-4305-a938-21f997afdd3b', '2023-09-26 11:52', '2023-09-26 15:55', 5,
        '7372a3f6-dc93-4ad6-ba25-0a1731abd122'),
       ('208d4df1-8288-482b-a8b0-934bdafbedb4', '2023-06-04 17:30', '2023-06-04 21:51', 2,
        '7372a3f6-dc93-4ad6-ba25-0a1731abd122'),
       ('5f78bf7d-923f-4644-96eb-365b124b68ae', '2023-07-02 11:50', '2023-07-02 15:02', 4,
        '7372a3f6-dc93-4ad6-ba25-0a1731abd122'),
       ('3b592a36-1206-4863-92c6-03fb8e5b3363', '2023-05-20 18:31', '2023-05-20 22:58', 4,
        'e3b9888c-ffe3-4f1f-8c8c-64e5580edc23'),
       ('c06b5d0d-4dfc-4ef6-bcae-1f9ef8122696', '2023-07-08 18:56', '2023-07-08 22:10', 2,
        'e3b9888c-ffe3-4f1f-8c8c-64e5580edc23'),
       ('055d2e6c-254d-4083-b256-95ea514da77c', '2023-09-02 11:49', '2023-09-02 15:18', 2,
        'e3b9888c-ffe3-4f1f-8c8c-64e5580edc23'),
       ('78ec81f3-49e9-495e-8173-b199496bcae9', '2023-10-20 14:49', '2023-10-20 18:59', 0,
        'e3b9888c-ffe3-4f1f-8c8c-64e5580edc23'),
       ('7196af5c-ebb9-40ed-93ae-d688e35a15dc', '2023-03-18 14:19', '2023-03-18 18:19', 4,
        'e3b9888c-ffe3-4f1f-8c8c-64e5580edc23'),
       ('26b1cdf7-a380-4b81-989a-ad94ff44eadf', '2023-08-16 17:47', '2023-08-16 21:49', 2,
        'e3b9888c-ffe3-4f1f-8c8c-64e5580edc23'),
       ('c4fd7de7-d5d8-4f9f-be8d-99ab13c385e3', '2023-03-01 13:30', '2023-03-01 17:18', 1,
        'e3b9888c-ffe3-4f1f-8c8c-64e5580edc23'),
       ('7f555301-96a6-413c-8397-2592da594e7d', '2023-07-25 16:50', '2023-07-25 20:47', 0,
        'e3b9888c-ffe3-4f1f-8c8c-64e5580edc23'),
       ('c7b0abfc-8a56-4538-9508-69ce2b8cf446', '2023-03-12 18:24', '2023-03-12 22:44', 2,
        'e3b9888c-ffe3-4f1f-8c8c-64e5580edc23'),
       ('c87e17f7-7160-4487-bcc1-ac165bfed741', '2023-02-23 18:19', '2023-02-23 22:58', 5,
        'e3b9888c-ffe3-4f1f-8c8c-64e5580edc23'),
       ('1040c143-9f61-4432-901c-844f7a28dac0', '2023-07-16 12:38', '2023-07-16 16:27', 1,
        '62668724-7b36-49da-a3f5-bb6e0cdb693a'),
       ('4433c4d2-42a3-4746-a5a8-70f6c98f748e', '2023-05-22 12:25', '2023-05-22 16:16', 3,
        '62668724-7b36-49da-a3f5-bb6e0cdb693a'),
       ('0600f9db-a066-4e61-9a9d-f108a9a2fd6e', '2023-02-05 17:41', '2023-02-05 21:04', 4,
        '62668724-7b36-49da-a3f5-bb6e0cdb693a'),
       ('99918f42-7169-4b7a-82cd-c058c0c6ad36', '2023-12-18 11:45', '2023-12-18 15:12', 0,
        '62668724-7b36-49da-a3f5-bb6e0cdb693a'),
       ('90e9edaa-e32c-4857-abc5-8bddf4e16977', '2023-09-10 15:13', '2023-09-10 19:29', 5,
        '62668724-7b36-49da-a3f5-bb6e0cdb693a'),
       ('7d97f7d8-6ffb-4cd3-9d45-4dcd42125d0a', '2023-04-17 12:29', '2023-04-17 16:44', 4,
        '62668724-7b36-49da-a3f5-bb6e0cdb693a'),
       ('d646e260-fcf5-4ef8-a824-1c7f057267ef', '2023-11-24 15:19', '2023-11-24 19:00', 0,
        '62668724-7b36-49da-a3f5-bb6e0cdb693a'),
       ('28876e85-6d63-470e-be96-9ab65d5f0fdd', '2023-03-23 13:30', '2023-03-23 17:04', 0,
        '62668724-7b36-49da-a3f5-bb6e0cdb693a'),
       ('e89a8416-7e3d-4eb7-8baa-e29d5914e9e7', '2023-01-08 11:16', '2023-01-08 15:57', 5,
        '62668724-7b36-49da-a3f5-bb6e0cdb693a'),
       ('e40ef72a-1e71-4c77-88ce-352010962526', '2023-11-06 11:07', '2023-11-06 15:59', 2,
        '62668724-7b36-49da-a3f5-bb6e0cdb693a'),
       ('1b5bedb9-3e0b-4cfe-a5c1-74ad7cb4e952', '2023-06-10 12:20', '2023-06-10 16:42', 3,
        'f8053f1b-ee9f-43cd-8de1-614e1902ecd0'),
       ('9590e336-b479-4db3-9a97-bf17960c3bab', '2023-08-28 17:05', '2023-08-28 21:14', 5,
        'f8053f1b-ee9f-43cd-8de1-614e1902ecd0'),
       ('4ce17cc6-c794-45cf-900c-a2b61e1e65e0', '2023-12-01 17:08', '2023-12-01 21:43', 2,
        'f8053f1b-ee9f-43cd-8de1-614e1902ecd0'),
       ('28359d44-bf2f-4be4-8285-124ccb6f281c', '2023-02-17 11:51', '2023-02-17 15:31', 0,
        'f8053f1b-ee9f-43cd-8de1-614e1902ecd0'),
       ('1c754e1e-8579-4eb6-8f0a-f938e04e3625', '2023-03-16 16:27', '2023-03-16 20:19', 3,
        'f8053f1b-ee9f-43cd-8de1-614e1902ecd0'),
       ('7fe8d877-feb3-4962-bddc-5d4f42f4b536', '2023-03-26 18:45', '2023-03-26 22:02', 5,
        'f8053f1b-ee9f-43cd-8de1-614e1902ecd0'),
       ('287f8827-93e4-4349-9460-8060c8aa64a6', '2023-01-15 15:23', '2023-01-15 19:00', 5,
        'f8053f1b-ee9f-43cd-8de1-614e1902ecd0'),
       ('c2935a88-61ae-4ba2-953e-3b76276496e1', '2023-11-17 13:11', '2023-11-17 17:29', 4,
        'f8053f1b-ee9f-43cd-8de1-614e1902ecd0'),
       ('737a59de-08df-481b-abc6-15293f0d7448', '2023-03-05 12:22', '2023-03-05 16:38', 2,
        'f8053f1b-ee9f-43cd-8de1-614e1902ecd0'),
       ('96cea74c-d6cf-41e4-a6f8-0393278268f8', '2023-01-02 18:02', '2023-01-02 22:34', 1,
        'f8053f1b-ee9f-43cd-8de1-614e1902ecd0'),
       ('1ffcf513-63ea-44a1-91e9-c356b8d0df72', '2023-11-25 14:01', '2023-11-25 18:21', 3,
        '461862f1-eea7-44a8-8de9-82ea05a934a2'),
       ('83045f3d-775b-4161-9cb3-5d18db4f93e7', '2023-07-11 13:58', '2023-07-11 17:01', 0,
        '461862f1-eea7-44a8-8de9-82ea05a934a2'),
       ('4dd33196-6aff-4f00-861a-171b5d64ff35', '2023-05-25 11:49', '2023-05-25 15:51', 4,
        '461862f1-eea7-44a8-8de9-82ea05a934a2'),
       ('18a72e7c-2702-4f6d-91d1-ed5f76bec559', '2023-07-21 13:51', '2023-07-21 17:52', 2,
        '461862f1-eea7-44a8-8de9-82ea05a934a2'),
       ('b1fa4c04-8cde-4dd9-a180-0009fdd43c73', '2023-08-17 15:38', '2023-08-17 19:02', 2,
        '461862f1-eea7-44a8-8de9-82ea05a934a2'),
       ('97f9a05a-4ffe-4b96-9c10-437f4659729a', '2023-07-28 16:01', '2023-07-28 20:21', 1,
        '461862f1-eea7-44a8-8de9-82ea05a934a2'),
       ('2a1ca5d3-bc3e-492c-a967-442e0abaaad7', '2023-01-04 16:47', '2023-01-04 20:25', 3,
        '461862f1-eea7-44a8-8de9-82ea05a934a2'),
       ('6609b83b-42cd-4335-ab4e-2029b34e1a5c', '2023-01-21 17:04', '2023-01-21 21:09', 3,
        '461862f1-eea7-44a8-8de9-82ea05a934a2'),
       ('4f757bea-c69d-4e43-9a0a-5f6407ee8548', '2023-02-08 17:21', '2023-02-08 21:23', 2,
        '461862f1-eea7-44a8-8de9-82ea05a934a2'),
       ('cf70303c-5921-43d4-afd9-ea95c1a6aa1e', '2023-11-03 13:41', '2023-11-03 17:14', 4,
        '461862f1-eea7-44a8-8de9-82ea05a934a2'),
       ('5f6b580a-c268-400c-a929-4eac47f51195', '2023-10-17 11:56', '2023-10-17 15:50', 3,
        'd85af5bf-6477-4c9e-8770-fb39ca077b0e'),
       ('3df54261-c2cd-442c-a336-d45778b06cef', '2023-06-20 16:24', '2023-06-20 20:29', 2,
        'd85af5bf-6477-4c9e-8770-fb39ca077b0e'),
       ('e9713739-d964-455e-baa4-735e1471e213', '2023-01-01 17:29', '2023-01-01 21:03', 5,
        'd85af5bf-6477-4c9e-8770-fb39ca077b0e'),
       ('656807df-5837-46e2-8223-dc59c4f74eb6', '2023-09-10 12:38', '2023-09-10 16:22', 0,
        'd85af5bf-6477-4c9e-8770-fb39ca077b0e'),
       ('034dcabc-9638-4694-ba79-a2aec51651ff', '2023-10-09 17:04', '2023-10-09 21:42', 2,
        'd85af5bf-6477-4c9e-8770-fb39ca077b0e'),
       ('b382192e-a4bc-4fb0-be79-c9281f3f1571', '2023-08-12 17:50', '2023-08-12 21:08', 1,
        'd85af5bf-6477-4c9e-8770-fb39ca077b0e'),
       ('81815227-c964-4d75-84c8-3ed01f3b2f72', '2023-06-23 12:18', '2023-06-23 16:05', 2,
        'd85af5bf-6477-4c9e-8770-fb39ca077b0e'),
       ('32612010-b547-4c48-bac6-9ee1b29204e5', '2023-10-23 13:31', '2023-10-23 17:42', 1,
        'd85af5bf-6477-4c9e-8770-fb39ca077b0e'),
       ('4043567b-0135-408e-8264-2a43bedb7c64', '2023-06-15 18:10', '2023-06-15 22:25', 0,
        'd85af5bf-6477-4c9e-8770-fb39ca077b0e'),
       ('73c7a55a-40e4-4401-a688-e6eda19d2145', '2023-03-13 17:45', '2023-03-13 21:53', 3,
        'd85af5bf-6477-4c9e-8770-fb39ca077b0e'),
       ('98ae9c5d-e5c2-4d79-8476-222040a6035d', '2023-11-18 16:35', '2023-11-18 20:39', 3,
        '7d3414b6-d632-4500-b9ca-6e52302bf5d1'),
       ('ba608c8d-20ce-4be8-9c5e-7deac109d464', '2023-02-27 14:48', '2023-02-27 18:13', 2,
        '7d3414b6-d632-4500-b9ca-6e52302bf5d1'),
       ('44aae729-26c4-41d3-b21b-1188254cd274', '2023-03-28 12:00', '2023-03-28 16:06', 1,
        '7d3414b6-d632-4500-b9ca-6e52302bf5d1'),
       ('5b30ff53-e68e-421c-a4e8-fd4d76694630', '2023-12-20 15:16', '2023-12-20 19:42', 1,
        '7d3414b6-d632-4500-b9ca-6e52302bf5d1'),
       ('8ec508c0-3396-4157-a27a-a7415270411d', '2023-07-17 18:54', '2023-07-17 22:26', 0,
        '7d3414b6-d632-4500-b9ca-6e52302bf5d1'),
       ('1922ffd9-76a6-414d-88ea-6ce9d35c9beb', '2023-06-06 12:03', '2023-06-06 16:29', 3,
        '7d3414b6-d632-4500-b9ca-6e52302bf5d1'),
       ('30b64782-cce3-4d1c-8ffe-38489c2c211d', '2023-08-26 18:54', '2023-08-26 22:08', 0,
        '7d3414b6-d632-4500-b9ca-6e52302bf5d1'),
       ('09e40fcc-3138-435d-8eea-506a97a0209f', '2023-11-24 17:53', '2023-11-24 21:08', 5,
        '7d3414b6-d632-4500-b9ca-6e52302bf5d1'),
       ('ae7f9060-c1c4-4d9e-89ce-92ed7416b0ba', '2023-12-03 13:36', '2023-12-03 17:15', 5,
        '7d3414b6-d632-4500-b9ca-6e52302bf5d1'),
       ('d19883a0-4e2b-4a4b-8b77-0c72c890f17a', '2023-10-13 12:47', '2023-10-13 16:06', 3,
        '7d3414b6-d632-4500-b9ca-6e52302bf5d1'),
       ('10982f89-16d5-4a9f-9f47-3c66e50a6503', '2023-07-10 13:27', '2023-07-10 17:55', 4,
        '730a2448-06fc-4e1f-98ab-fa5e4966b23c'),
       ('c7f6a25c-c8a9-412c-b4ad-1a3d81867f71', '2023-02-24 13:42', '2023-02-24 17:22', 2,
        '730a2448-06fc-4e1f-98ab-fa5e4966b23c'),
       ('e9717708-2cff-4849-a351-0d4dde7f25ed', '2023-12-07 16:29', '2023-12-07 20:13', 3,
        '730a2448-06fc-4e1f-98ab-fa5e4966b23c'),
       ('bd1a3d34-6a8c-44ea-b1c5-ec6363205cb0', '2023-01-21 12:30', '2023-01-21 16:20', 1,
        '730a2448-06fc-4e1f-98ab-fa5e4966b23c'),
       ('64d130ef-09f7-4bd4-9b98-b0950b6e06a1', '2023-08-05 18:39', '2023-08-05 22:55', 4,
        '730a2448-06fc-4e1f-98ab-fa5e4966b23c'),
       ('e0d9dc7a-1968-4450-886a-f0a70bf82829', '2023-01-15 15:25', '2023-01-15 19:20', 5,
        '730a2448-06fc-4e1f-98ab-fa5e4966b23c'),
       ('efc81235-a693-4c38-904c-ca498c376e3e', '2023-08-01 18:36', '2023-08-01 22:16', 4,
        '730a2448-06fc-4e1f-98ab-fa5e4966b23c'),
       ('e6116587-0d4c-4d09-83c3-73fd936e8b71', '2023-07-01 17:53', '2023-07-01 21:16', 1,
        '730a2448-06fc-4e1f-98ab-fa5e4966b23c'),
       ('315a391a-6ef1-4827-9014-e5bfcc505163', '2023-09-06 13:58', '2023-09-06 17:48', 5,
        '730a2448-06fc-4e1f-98ab-fa5e4966b23c'),
       ('a8de7c2b-90f1-4958-9ce0-b14aacccfc3e', '2023-08-09 12:36', '2023-08-09 16:21', 2,
        '730a2448-06fc-4e1f-98ab-fa5e4966b23c'),
       ('8bacb2e3-ad99-4c83-a7f9-d7653b9f4213', '2023-01-07 13:53', '2023-01-07 17:32', 0,
        'a69d2e5e-c989-4415-9901-f02844c1e8b3'),
       ('805d3d12-d2ec-4eb1-97b5-535ad95087af', '2023-07-04 12:30', '2023-07-04 16:40', 3,
        'a69d2e5e-c989-4415-9901-f02844c1e8b3'),
       ('9ee474f0-7dfc-4e0c-b526-3e54e27449b5', '2023-05-18 18:37', '2023-05-18 22:33', 4,
        'a69d2e5e-c989-4415-9901-f02844c1e8b3'),
       ('19f28ff1-f8da-449e-8d69-e006ec1006c7', '2023-09-15 16:44', '2023-09-15 20:59', 2,
        'a69d2e5e-c989-4415-9901-f02844c1e8b3'),
       ('1d90810a-f956-4585-be01-c8ca152e6431', '2023-07-18 14:33', '2023-07-18 18:47', 3,
        'a69d2e5e-c989-4415-9901-f02844c1e8b3'),
       ('b9dc5a7f-3867-4b39-8159-6987aa742d28', '2023-04-10 11:20', '2023-04-10 15:55', 3,
        'a69d2e5e-c989-4415-9901-f02844c1e8b3'),
       ('15d652bb-6773-45cb-9d48-4df5de5856f4', '2023-12-04 15:20', '2023-12-04 19:05', 1,
        'a69d2e5e-c989-4415-9901-f02844c1e8b3'),
       ('c75ebc3f-266e-4333-a4e7-bd5341edc9cf', '2023-04-16 15:55', '2023-04-16 19:40', 1,
        'a69d2e5e-c989-4415-9901-f02844c1e8b3'),
       ('4120c920-b5f2-4a8b-a8c1-9ea803db25f1', '2023-03-08 15:12', '2023-03-08 19:51', 2,
        'a69d2e5e-c989-4415-9901-f02844c1e8b3'),
       ('a64b0660-c23a-4e3a-97c6-6134f998a049', '2023-10-02 14:18', '2023-10-02 18:58', 0,
        'a69d2e5e-c989-4415-9901-f02844c1e8b3'),
       ('893e62b3-818b-483e-8054-1ec8b15b2d35', '2023-01-22 15:10', '2023-01-22 19:28', 2,
        '66fddc66-b311-4f33-8575-8812aefdd5fe'),
       ('4836e42b-cb24-467f-ad44-d52d1b8807c4', '2023-02-23 13:34', '2023-02-23 17:50', 5,
        '66fddc66-b311-4f33-8575-8812aefdd5fe'),
       ('fd90ebe8-d255-48ab-8bcd-793f3999733e', '2023-06-16 17:35', '2023-06-16 21:30', 2,
        '66fddc66-b311-4f33-8575-8812aefdd5fe'),
       ('38228375-e140-46e5-ba23-a0004e82bae9', '2023-09-01 11:16', '2023-09-01 15:09', 5,
        '66fddc66-b311-4f33-8575-8812aefdd5fe'),
       ('4355bd16-0c27-4d3a-8229-fa506821dee1', '2023-04-22 13:51', '2023-04-22 17:38', 5,
        '66fddc66-b311-4f33-8575-8812aefdd5fe'),
       ('996d3ff8-de55-4a2d-a46a-66ab88b6d1ff', '2023-12-22 17:30', '2023-12-22 21:15', 0,
        '66fddc66-b311-4f33-8575-8812aefdd5fe'),
       ('7782f6fc-2526-411a-8a90-d8bb94082236', '2023-08-13 11:14', '2023-08-13 15:29', 5,
        '66fddc66-b311-4f33-8575-8812aefdd5fe'),
       ('7323353d-244c-4707-a6ab-ce2b92c3eac7', '2023-06-10 15:09', '2023-06-10 19:50', 3,
        '66fddc66-b311-4f33-8575-8812aefdd5fe'),
       ('bf7d7bbb-ab08-4364-acfc-0d3e0fb6d532', '2023-08-19 11:21', '2023-08-19 15:00', 4,
        '66fddc66-b311-4f33-8575-8812aefdd5fe'),
       ('d434e616-b7b0-4c76-90a6-c0a3068323f4', '2023-12-27 11:05', '2023-12-27 15:42', 5,
        '66fddc66-b311-4f33-8575-8812aefdd5fe'),
       ('caae22c6-464b-4816-9cf6-5591878070ae', '2023-10-01 14:53', '2023-10-01 18:55', 1,
        'c2a6a7c1-05a0-4f75-b1b7-550233ef2e8d'),
       ('c801974d-162c-417b-88ca-85a68bc1f269', '2023-04-05 15:48', '2023-04-05 19:38', 1,
        'c2a6a7c1-05a0-4f75-b1b7-550233ef2e8d'),
       ('2caa108f-8613-43d2-b03b-2cbd9cd01b2e', '2023-12-21 13:25', '2023-12-21 17:17', 4,
        'c2a6a7c1-05a0-4f75-b1b7-550233ef2e8d'),
       ('23ee469d-16d7-462d-ab1f-80a09666e297', '2023-09-07 13:53', '2023-09-07 17:34', 1,
        'c2a6a7c1-05a0-4f75-b1b7-550233ef2e8d'),
       ('74d80c31-79bc-41cc-9925-04731b995af4', '2023-01-11 14:57', '2023-01-11 18:11', 2,
        'c2a6a7c1-05a0-4f75-b1b7-550233ef2e8d'),
       ('9503ca6c-cfce-4be7-a378-e6598a07382a', '2023-12-15 17:01', '2023-12-15 21:36', 3,
        'c2a6a7c1-05a0-4f75-b1b7-550233ef2e8d'),
       ('925afa11-cd51-460f-93b8-969e30e8b3fe', '2023-09-08 13:30', '2023-09-08 17:09', 1,
        'c2a6a7c1-05a0-4f75-b1b7-550233ef2e8d'),
       ('6e655fbf-14c1-42bd-8c79-b5e02e205ca8', '2023-12-16 13:55', '2023-12-16 17:30', 0,
        'c2a6a7c1-05a0-4f75-b1b7-550233ef2e8d'),
       ('12b25f61-fe95-4787-b0f9-6f73d0f65bc3', '2023-03-02 18:46', '2023-03-02 22:35', 1,
        'c2a6a7c1-05a0-4f75-b1b7-550233ef2e8d'),
       ('d6c9e3ba-1b93-4678-9c8c-2d8e4b8ff392', '2023-08-12 11:28', '2023-08-12 15:05', 0,
        'c2a6a7c1-05a0-4f75-b1b7-550233ef2e8d'),
       ('fcee5f48-f076-4737-9e6b-b8936dc5b82d', '2023-04-06 17:13', '2023-04-06 21:43', 3,
        '4b0b8c6d-5ccc-40dc-8d1b-02accb2be38a'),
       ('00aa3dba-25eb-4715-8215-6df66d4a77b3', '2023-01-23 14:26', '2023-01-23 18:22', 4,
        '4b0b8c6d-5ccc-40dc-8d1b-02accb2be38a'),
       ('2a6cb49b-f255-4948-a00d-b8b37b028572', '2023-03-19 11:37', '2023-03-19 15:03', 3,
        '4b0b8c6d-5ccc-40dc-8d1b-02accb2be38a'),
       ('f09a0b26-3dc4-430b-b5c9-d66bbaecc6ae', '2023-02-27 16:20', '2023-02-27 20:46', 3,
        '4b0b8c6d-5ccc-40dc-8d1b-02accb2be38a'),
       ('3685a6ef-cc12-4cfb-9c52-b32aa254017c', '2023-08-15 13:34', '2023-08-15 17:33', 3,
        '4b0b8c6d-5ccc-40dc-8d1b-02accb2be38a'),
       ('502fa281-fdeb-4aa9-bde1-c025c8ca18bd', '2023-02-22 14:37', '2023-02-22 18:18', 3,
        '4b0b8c6d-5ccc-40dc-8d1b-02accb2be38a'),
       ('b9df7d86-5c6e-42dc-a9e2-3da1ee9054f2', '2023-07-03 18:27', '2023-07-03 22:06', 3,
        '4b0b8c6d-5ccc-40dc-8d1b-02accb2be38a'),
       ('cfd33475-ebe5-43d4-9896-9d61e9a0efd9', '2023-08-24 13:43', '2023-08-24 17:16', 5,
        '4b0b8c6d-5ccc-40dc-8d1b-02accb2be38a'),
       ('546e2df1-9934-47f3-8450-84dac1ee329f', '2023-05-18 18:00', '2023-05-18 22:33', 1,
        '4b0b8c6d-5ccc-40dc-8d1b-02accb2be38a'),
       ('74b53bfe-2ac7-41b6-9c2c-1550233c1b25', '2023-11-27 18:26', '2023-11-27 22:16', 5,
        '4b0b8c6d-5ccc-40dc-8d1b-02accb2be38a'),
       ('93de7f06-6524-4386-bf91-5696019ce536', '2023-12-14 16:26', '2023-12-14 20:51', 4,
        'b2ce333b-14fb-41f6-97a9-d01238b1fd2f'),
       ('e61667ec-abae-4948-b409-a252a32fb1ed', '2023-10-16 13:09', '2023-10-16 17:15', 2,
        'b2ce333b-14fb-41f6-97a9-d01238b1fd2f'),
       ('8e85095a-91e6-45e7-a5cc-718add85096a', '2023-09-01 13:05', '2023-09-01 17:39', 3,
        'b2ce333b-14fb-41f6-97a9-d01238b1fd2f'),
       ('736c26a9-a6fc-4941-9a31-1f5d5b9f25d2', '2023-01-06 17:52', '2023-01-06 21:57', 2,
        'b2ce333b-14fb-41f6-97a9-d01238b1fd2f'),
       ('b3357be2-5b83-4c38-8b97-5bb0c483e814', '2023-10-21 15:13', '2023-10-21 19:53', 1,
        'b2ce333b-14fb-41f6-97a9-d01238b1fd2f'),
       ('8d5712af-f60c-4d05-87a4-61e9821aaf88', '2023-05-16 17:20', '2023-05-16 21:46', 0,
        'b2ce333b-14fb-41f6-97a9-d01238b1fd2f'),
       ('bed2ea14-9e04-4126-91d5-26bf3226d532', '2023-01-18 12:34', '2023-01-18 16:05', 3,
        'b2ce333b-14fb-41f6-97a9-d01238b1fd2f'),
       ('df6aa877-bcaf-4080-9627-93aca61da42c', '2023-02-13 14:34', '2023-02-13 18:50', 1,
        'b2ce333b-14fb-41f6-97a9-d01238b1fd2f'),
       ('ca0c8d31-97e0-4e55-8b9b-10bc941aac6a', '2023-04-21 12:22', '2023-04-21 16:21', 3,
        'b2ce333b-14fb-41f6-97a9-d01238b1fd2f'),
       ('b843fda0-9da5-4bba-a7b0-ccb1f13800a4', '2023-04-23 18:59', '2023-04-23 22:34', 4,
        'b2ce333b-14fb-41f6-97a9-d01238b1fd2f'),
       ('dc939c5d-7461-4783-a438-13346a191709', '2023-07-02 12:29', '2023-07-02 16:22', 0,
        'f4ef72ae-245a-4b6a-bb8b-be61258ed0f8'),
       ('09e004f9-0848-4d72-9d1b-242e3eb73d16', '2023-03-21 11:32', '2023-03-21 15:30', 2,
        'f4ef72ae-245a-4b6a-bb8b-be61258ed0f8'),
       ('1ae56c96-b711-4295-977a-133ca99faf45', '2023-01-20 11:02', '2023-01-20 15:28', 5,
        'f4ef72ae-245a-4b6a-bb8b-be61258ed0f8'),
       ('52ec9abb-5a65-4145-a318-c01d7dc29fac', '2023-06-05 12:14', '2023-06-05 16:12', 2,
        'f4ef72ae-245a-4b6a-bb8b-be61258ed0f8'),
       ('8fe33909-12cf-4581-8735-d60dd5ffa770', '2023-08-05 18:31', '2023-08-05 22:35', 5,
        'f4ef72ae-245a-4b6a-bb8b-be61258ed0f8'),
       ('1f9a4fdd-f76d-4813-8002-482ad702a8cf', '2023-10-03 12:54', '2023-10-03 16:49', 4,
        'f4ef72ae-245a-4b6a-bb8b-be61258ed0f8'),
       ('29cd5cf9-49e4-43ff-b45f-87e9f84a5508', '2023-10-21 12:10', '2023-10-21 16:39', 1,
        'f4ef72ae-245a-4b6a-bb8b-be61258ed0f8'),
       ('a457ea0c-9de3-4d4a-879e-df3b7f491327', '2023-08-19 11:03', '2023-08-19 15:30', 2,
        'f4ef72ae-245a-4b6a-bb8b-be61258ed0f8'),
       ('851080ea-5d8f-4430-b4ff-73ac58f5ba19', '2023-12-03 15:42', '2023-12-03 19:35', 0,
        'f4ef72ae-245a-4b6a-bb8b-be61258ed0f8'),
       ('fc5d8b18-13bd-4fe9-b461-543f6423cb1d', '2023-02-10 13:18', '2023-02-10 17:25', 5,
        'f4ef72ae-245a-4b6a-bb8b-be61258ed0f8'),
       ('37336f24-e330-4e5c-b4a9-9c2e10187a66', '2023-06-07 15:00', '2023-06-07 19:13', 2,
        '0202eac1-fa88-4744-83c1-c942b2956e8e'),
       ('7b547949-301c-490f-96b3-b984e8865b32', '2023-08-24 16:25', '2023-08-24 20:00', 5,
        '0202eac1-fa88-4744-83c1-c942b2956e8e'),
       ('6add2155-21a5-43de-b211-09faed84cb5d', '2023-11-05 12:21', '2023-11-05 16:20', 2,
        '0202eac1-fa88-4744-83c1-c942b2956e8e'),
       ('409045d2-418b-4962-9ae9-4793926e1fa9', '2023-09-07 16:49', '2023-09-07 20:40', 1,
        '0202eac1-fa88-4744-83c1-c942b2956e8e'),
       ('2c37ebba-14f6-403b-a11d-5d8b917bcc64', '2023-01-14 13:09', '2023-01-14 17:04', 0,
        '0202eac1-fa88-4744-83c1-c942b2956e8e'),
       ('30aff102-e1cf-42c7-83e4-ed389362aa0e', '2023-09-21 14:01', '2023-09-21 18:33', 3,
        '0202eac1-fa88-4744-83c1-c942b2956e8e'),
       ('95e253f9-db6c-4856-aaff-6dbf41aa1a3e', '2023-12-16 15:58', '2023-12-16 19:22', 2,
        '0202eac1-fa88-4744-83c1-c942b2956e8e'),
       ('14407df7-7de0-4ce1-8af1-58ca8c31e135', '2023-05-18 12:01', '2023-05-18 16:33', 0,
        '0202eac1-fa88-4744-83c1-c942b2956e8e'),
       ('ae1a51b7-73b8-4f65-b86c-f709ae30cd5b', '2023-01-02 17:27', '2023-01-02 21:48', 0,
        '0202eac1-fa88-4744-83c1-c942b2956e8e'),
       ('053482b5-164b-4c76-bbc7-8d81a719dd90', '2023-05-02 11:17', '2023-05-02 15:06', 1,
        '0202eac1-fa88-4744-83c1-c942b2956e8e'),
       ('ced64237-fe98-4cf4-b318-1acfa243d66f', '2023-01-15 12:55', '2023-01-15 16:28', 1,
        '5eb1230d-25a9-46ca-b54d-a468daee35d7'),
       ('2290dd84-a6fa-46f5-ab05-d783eb2eb923', '2023-06-10 14:34', '2023-06-10 18:23', 3,
        '5eb1230d-25a9-46ca-b54d-a468daee35d7'),
       ('5711e155-8486-4dd0-887c-5581b7cc2295', '2023-10-07 16:50', '2023-10-07 20:53', 5,
        '5eb1230d-25a9-46ca-b54d-a468daee35d7'),
       ('558703c9-4b3b-4d69-af20-6d1f1e3b717a', '2023-02-09 17:45', '2023-02-09 21:44', 5,
        '5eb1230d-25a9-46ca-b54d-a468daee35d7'),
       ('b70ef848-41c6-4c98-8402-764dc988515e', '2023-05-18 14:31', '2023-05-18 18:10', 3,
        '5eb1230d-25a9-46ca-b54d-a468daee35d7'),
       ('832ee020-ac80-422d-85f2-cd56e6b643ee', '2023-05-12 14:57', '2023-05-12 18:37', 2,
        '5eb1230d-25a9-46ca-b54d-a468daee35d7'),
       ('11a9efcb-634d-41d3-b7a6-dcd73f4a1e72', '2023-02-23 18:23', '2023-02-23 22:31', 0,
        '5eb1230d-25a9-46ca-b54d-a468daee35d7'),
       ('3bb35f6d-389b-41c4-8f67-b25db3be7289', '2023-05-07 11:43', '2023-05-07 15:42', 2,
        '5eb1230d-25a9-46ca-b54d-a468daee35d7'),
       ('7a7e2655-72b4-4cd1-bb6a-44dbac5ad328', '2023-01-01 12:56', '2023-01-01 16:15', 2,
        '5eb1230d-25a9-46ca-b54d-a468daee35d7'),
       ('5420ac2e-d2e9-4175-abdc-a41f8b46a6b5', '2023-02-20 11:39', '2023-02-20 15:46', 4,
        '5eb1230d-25a9-46ca-b54d-a468daee35d7'),
       ('6afe44b3-9d4d-495f-b12b-bcde6d49c97b', '2023-05-21 16:56', '2023-05-21 20:33', 3,
        'c322c63a-3d76-4d29-8111-552171c0b926'),
       ('aee43924-74fe-4f03-9541-17c812c3dab2', '2023-09-03 16:24', '2023-09-03 20:02', 4,
        'c322c63a-3d76-4d29-8111-552171c0b926'),
       ('3db978c2-74ed-4df6-9fdc-beeeaefb67c1', '2023-09-26 13:26', '2023-09-26 17:51', 2,
        'c322c63a-3d76-4d29-8111-552171c0b926'),
       ('63afe2ce-10cb-4805-bc62-5ca34ed41c97', '2023-03-14 15:56', '2023-03-14 19:46', 5,
        'c322c63a-3d76-4d29-8111-552171c0b926'),
       ('d74ce133-29d0-4d72-bd38-198edf5abc5b', '2023-05-02 17:08', '2023-05-02 21:20', 0,
        'c322c63a-3d76-4d29-8111-552171c0b926'),
       ('3a98afa4-b44c-4a4f-a34a-195581b34fd8', '2023-08-02 17:15', '2023-08-02 21:31', 5,
        'c322c63a-3d76-4d29-8111-552171c0b926'),
       ('c03abb9b-cb55-4ead-9052-4a7971b8b8af', '2023-01-02 18:24', '2023-01-02 22:51', 5,
        'c322c63a-3d76-4d29-8111-552171c0b926'),
       ('bb95f253-8f8b-4593-b78a-b84cfb99acf5', '2023-05-03 12:18', '2023-05-03 16:57', 1,
        'c322c63a-3d76-4d29-8111-552171c0b926'),
       ('ca6149b3-07c5-4275-a5c4-92bfd65e8cd2', '2023-05-24 11:50', '2023-05-24 15:47', 2,
        'c322c63a-3d76-4d29-8111-552171c0b926'),
       ('718ba272-4597-45c8-b99a-cf2978a2d273', '2023-03-03 14:18', '2023-03-03 18:06', 3,
        'c322c63a-3d76-4d29-8111-552171c0b926'),
       ('8110f7e3-9c72-4089-975a-0c6ddd6978fb', '2023-08-06 14:11', '2023-08-06 18:26', 3,
        '723496a0-1825-4755-a496-fa69b3f7d8a3'),
       ('f3dfb231-c02e-48e1-897d-e119c9c9b715', '2023-09-02 15:15', '2023-09-02 19:27', 3,
        '723496a0-1825-4755-a496-fa69b3f7d8a3'),
       ('15c6ce92-11e8-45d5-9f0d-8f24048f0d7a', '2023-07-07 15:13', '2023-07-07 19:59', 3,
        '723496a0-1825-4755-a496-fa69b3f7d8a3'),
       ('ccea45d0-e2c5-4d63-9080-a6ed73632133', '2023-10-14 17:02', '2023-10-14 21:32', 0,
        '723496a0-1825-4755-a496-fa69b3f7d8a3'),
       ('1ad4090e-97b2-4e2c-bad8-a8441031880e', '2023-07-19 11:47', '2023-07-19 15:07', 3,
        '723496a0-1825-4755-a496-fa69b3f7d8a3'),
       ('05586019-54e9-4724-afeb-dbeb1acede27', '2023-01-25 12:27', '2023-01-25 16:52', 1,
        '723496a0-1825-4755-a496-fa69b3f7d8a3'),
       ('e9ea651d-d6f1-4506-8807-a873de0245ff', '2023-11-27 11:20', '2023-11-27 15:46', 0,
        '723496a0-1825-4755-a496-fa69b3f7d8a3'),
       ('450fa266-a29d-4970-8b13-ef35a96a32e6', '2023-01-21 11:13', '2023-01-21 15:22', 2,
        '723496a0-1825-4755-a496-fa69b3f7d8a3'),
       ('b58ae963-3170-4ad8-8b9e-9331751e3800', '2023-06-15 13:35', '2023-06-15 17:50', 5,
        '723496a0-1825-4755-a496-fa69b3f7d8a3'),
       ('2ea6a37b-d7b9-474f-bff5-a0ba0a6d579e', '2023-03-24 11:47', '2023-03-24 15:19', 4,
        '723496a0-1825-4755-a496-fa69b3f7d8a3'),
       ('c569af29-b081-43d3-a5f8-e9874b6567d7', '2023-05-12 12:21', '2023-05-12 16:13', 5,
        'd0b7f70a-2dc3-4b4b-8690-2d8f3bb61022'),
       ('66c07c6e-7afe-45c7-99ef-7675068515f3', '2023-10-04 13:14', '2023-10-04 17:06', 4,
        'd0b7f70a-2dc3-4b4b-8690-2d8f3bb61022'),
       ('63ecb8cc-a777-4ad6-91e0-48157afb6005', '2023-02-27 18:30', '2023-02-27 22:50', 5,
        'd0b7f70a-2dc3-4b4b-8690-2d8f3bb61022'),
       ('62d5824f-9fa7-4c52-ab4a-ffdebffdce35', '2023-01-28 12:48', '2023-01-28 16:33', 2,
        'd0b7f70a-2dc3-4b4b-8690-2d8f3bb61022'),
       ('8b1e0ea3-581e-4ffb-b1ad-df5cb3800277', '2023-03-05 15:25', '2023-03-05 19:24', 5,
        'd0b7f70a-2dc3-4b4b-8690-2d8f3bb61022'),
       ('6390b7b8-e9a1-4a8e-aca2-05b0b0287119', '2023-01-21 12:00', '2023-01-21 16:08', 4,
        'd0b7f70a-2dc3-4b4b-8690-2d8f3bb61022'),
       ('dc82e8f2-ab9a-4068-b91d-ee2a01673eaa', '2023-04-18 17:07', '2023-04-18 21:20', 5,
        'd0b7f70a-2dc3-4b4b-8690-2d8f3bb61022'),
       ('1ae6e9b8-0c2f-4fdb-85fb-c7ba39adac08', '2023-06-03 12:13', '2023-06-03 16:50', 4,
        'd0b7f70a-2dc3-4b4b-8690-2d8f3bb61022'),
       ('00c319b1-a160-41ef-a3c2-750560187d74', '2023-06-05 13:57', '2023-06-05 17:29', 3,
        'd0b7f70a-2dc3-4b4b-8690-2d8f3bb61022'),
       ('db22bc8f-5e50-4316-8ad8-0379ec1195d0', '2023-09-08 14:12', '2023-09-08 18:57', 2,
        'd0b7f70a-2dc3-4b4b-8690-2d8f3bb61022'),
       ('66524cd7-c60b-4e8a-8c74-d67c645b8030', '2023-02-07 11:41', '2023-02-07 15:58', 2,
        '52a9ecc6-bab1-4aee-81b2-3b572de81d78'),
       ('c869701a-bd91-425a-98c0-e8ac6f580c43', '2023-11-05 14:49', '2023-11-05 18:39', 2,
        '52a9ecc6-bab1-4aee-81b2-3b572de81d78'),
       ('98d64eb3-6396-488b-8b9b-08f62781823f', '2023-12-04 12:26', '2023-12-04 16:26', 3,
        '52a9ecc6-bab1-4aee-81b2-3b572de81d78'),
       ('37222971-6888-45f7-95ab-ed48bb56a777', '2023-01-04 11:03', '2023-01-04 15:31', 3,
        '52a9ecc6-bab1-4aee-81b2-3b572de81d78'),
       ('70a8c482-c1ed-44ab-9437-73296b5c62ae', '2023-11-17 11:54', '2023-11-17 15:09', 3,
        '52a9ecc6-bab1-4aee-81b2-3b572de81d78'),
       ('24a52756-fe25-47d1-bd2d-83f3cd07b4cd', '2023-08-02 16:39', '2023-08-02 20:10', 0,
        '52a9ecc6-bab1-4aee-81b2-3b572de81d78'),
       ('fc850b92-e1a2-4c11-8629-852805330fb4', '2023-08-05 15:26', '2023-08-05 19:55', 4,
        '52a9ecc6-bab1-4aee-81b2-3b572de81d78'),
       ('410f1c66-919e-4471-814a-95591bf8c2a9', '2023-06-28 17:29', '2023-06-28 21:59', 3,
        '52a9ecc6-bab1-4aee-81b2-3b572de81d78'),
       ('5a1cb740-df4d-49be-8b09-059cac13a122', '2023-07-14 18:14', '2023-07-14 22:03', 0,
        '52a9ecc6-bab1-4aee-81b2-3b572de81d78'),
       ('a75a87ae-2019-428e-a3ad-014a660475e3', '2023-05-16 18:32', '2023-05-16 22:05', 0,
        '52a9ecc6-bab1-4aee-81b2-3b572de81d78'),
       ('67d9d403-252e-4549-b4a0-4f96ae336ed1', '2023-11-01 11:16', '2023-11-01 15:28', 0,
        '9b5beaed-3f0e-4e50-9819-a6deb3d093dc'),
       ('9489c388-c3da-4b93-8c1c-3f3c04ce8f4b', '2023-01-08 11:38', '2023-01-08 15:12', 2,
        '9b5beaed-3f0e-4e50-9819-a6deb3d093dc'),
       ('aa7bef04-3f11-450e-9aa7-6a854b07a8b2', '2023-02-13 17:37', '2023-02-13 21:43', 3,
        '9b5beaed-3f0e-4e50-9819-a6deb3d093dc'),
       ('b29d754e-19ea-4c67-856b-3f940a31a938', '2023-01-08 17:24', '2023-01-08 21:43', 2,
        '9b5beaed-3f0e-4e50-9819-a6deb3d093dc'),
       ('c014a629-852a-453f-bc8d-1a4864173600', '2023-07-07 11:57', '2023-07-07 15:27', 4,
        '9b5beaed-3f0e-4e50-9819-a6deb3d093dc'),
       ('e07c8134-6792-4a25-829a-11aa43e0419b', '2023-05-16 17:50', '2023-05-16 21:05', 1,
        '9b5beaed-3f0e-4e50-9819-a6deb3d093dc'),
       ('986bf144-2db0-4e35-a112-fc6b19adeba1', '2023-01-19 12:41', '2023-01-19 16:42', 0,
        '9b5beaed-3f0e-4e50-9819-a6deb3d093dc'),
       ('c87f23b0-f33b-4ec2-b534-4cd9274d6517', '2023-10-21 15:11', '2023-10-21 19:33', 5,
        '9b5beaed-3f0e-4e50-9819-a6deb3d093dc'),
       ('ee4dcbf0-97ac-4a70-a321-37c040bf731f', '2023-11-10 13:40', '2023-11-10 17:20', 5,
        '9b5beaed-3f0e-4e50-9819-a6deb3d093dc'),
       ('0ecbbcd2-2486-43b2-a46c-345dd06c64e4', '2023-08-06 13:21', '2023-08-06 17:02', 3,
        '9b5beaed-3f0e-4e50-9819-a6deb3d093dc'),
       ('e87d28b5-e7d5-46e3-b173-76f66132a483', '2023-10-10 18:31', '2023-10-10 22:02', 0,
        '224a83df-cb17-4bda-8e9a-7c151405b5db'),
       ('3794cef8-27a9-424f-8bd5-c893af7b9a48', '2023-10-19 15:29', '2023-10-19 19:48', 5,
        '224a83df-cb17-4bda-8e9a-7c151405b5db'),
       ('63912d24-ab38-478f-ad21-24d3b4737b0e', '2023-01-05 13:04', '2023-01-05 17:56', 0,
        '224a83df-cb17-4bda-8e9a-7c151405b5db'),
       ('923fa780-ba3c-4623-8b5a-4f1a27fe79a0', '2023-06-04 11:48', '2023-06-04 15:55', 5,
        '224a83df-cb17-4bda-8e9a-7c151405b5db'),
       ('6641f8f6-505a-4e62-b371-1b9ffbb44bcd', '2023-07-06 11:14', '2023-07-06 15:25', 4,
        '224a83df-cb17-4bda-8e9a-7c151405b5db'),
       ('c490e1fa-2a5f-4648-a465-1230124d68f5', '2023-08-12 13:21', '2023-08-12 17:15', 2,
        '224a83df-cb17-4bda-8e9a-7c151405b5db'),
       ('11b42dd7-e607-4555-afa8-d461fb7ad4e8', '2023-05-08 14:48', '2023-05-08 18:52', 5,
        '224a83df-cb17-4bda-8e9a-7c151405b5db'),
       ('1891093c-69fb-4038-8361-ceb062b38806', '2023-08-28 13:26', '2023-08-28 17:07', 0,
        '224a83df-cb17-4bda-8e9a-7c151405b5db'),
       ('9d3a7b2d-6ace-46a6-b5fe-b3f212183c50', '2023-07-04 17:16', '2023-07-04 21:39', 3,
        '224a83df-cb17-4bda-8e9a-7c151405b5db'),
       ('ab4b9a39-c4e9-42d0-8af2-8f276fcdfd11', '2023-12-19 13:25', '2023-12-19 17:15', 2,
        '224a83df-cb17-4bda-8e9a-7c151405b5db'),
       ('0dd39267-6a4c-4c07-afc6-259fe7984072', '2023-01-21 17:57', '2023-01-21 21:42', 5,
        '80ad75bb-9515-42fd-a0f7-e786366546c3'),
       ('8ae84b85-8cd4-4a14-9a08-06f664b32c45', '2023-04-18 14:54', '2023-04-18 18:30', 0,
        '80ad75bb-9515-42fd-a0f7-e786366546c3'),
       ('68aa14d9-bba7-46b5-81b6-99230c527288', '2023-12-24 13:32', '2023-12-24 17:28', 4,
        '80ad75bb-9515-42fd-a0f7-e786366546c3'),
       ('82ca7cf7-e0ef-4834-b09f-0b16cb8b0967', '2023-03-13 11:10', '2023-03-13 15:42', 1,
        '80ad75bb-9515-42fd-a0f7-e786366546c3'),
       ('09638f32-0965-4ed0-8a22-53ce35b0d50d', '2023-12-28 18:53', '2023-12-28 22:22', 4,
        '80ad75bb-9515-42fd-a0f7-e786366546c3'),
       ('57adc7d0-2c63-4f19-afed-2196c99c0f3e', '2023-09-13 18:25', '2023-09-13 22:29', 4,
        '80ad75bb-9515-42fd-a0f7-e786366546c3'),
       ('13abf58a-3b3b-4980-b7bf-9e57bad637e1', '2023-06-03 15:57', '2023-06-03 19:12', 4,
        '80ad75bb-9515-42fd-a0f7-e786366546c3'),
       ('45a5d4fe-79fc-4d01-8677-260bc841dda0', '2023-02-01 17:27', '2023-02-01 21:03', 1,
        '80ad75bb-9515-42fd-a0f7-e786366546c3'),
       ('2c033965-ac70-4670-8713-905c0566d1da', '2023-11-19 13:46', '2023-11-19 17:05', 4,
        '80ad75bb-9515-42fd-a0f7-e786366546c3'),
       ('1687f3be-c387-4ebb-bfac-f920180c8724', '2023-04-15 15:33', '2023-04-15 19:43', 5,
        '80ad75bb-9515-42fd-a0f7-e786366546c3'),
       ('54a29981-dcec-41fc-83bc-81a9aba73a94', '2023-07-17 17:02', '2023-07-17 21:48', 3,
        'c3e1dc7e-b04e-4761-bf6f-b8de9fbbf559'),
       ('281318c9-931e-4d13-a8e1-3d34ffe7205c', '2023-01-12 16:11', '2023-01-12 20:18', 4,
        'c3e1dc7e-b04e-4761-bf6f-b8de9fbbf559'),
       ('c0f0a85f-15df-411b-828a-403ba2bb8b12', '2023-11-27 16:10', '2023-11-27 20:54', 3,
        'c3e1dc7e-b04e-4761-bf6f-b8de9fbbf559'),
       ('0f071786-89a0-43ce-9b01-1dd72a67582d', '2023-07-03 15:33', '2023-07-03 19:37', 1,
        'c3e1dc7e-b04e-4761-bf6f-b8de9fbbf559'),
       ('03592f57-16b4-4867-8a36-6b1e37ca0117', '2023-12-15 11:25', '2023-12-15 15:52', 3,
        'c3e1dc7e-b04e-4761-bf6f-b8de9fbbf559'),
       ('5905d83e-99ef-493d-860b-c8b40f1508e3', '2023-04-22 13:02', '2023-04-22 17:39', 2,
        'c3e1dc7e-b04e-4761-bf6f-b8de9fbbf559'),
       ('be168bff-ef58-4b00-b55c-9544fa575a5f', '2023-06-01 15:43', '2023-06-01 19:26', 1,
        'c3e1dc7e-b04e-4761-bf6f-b8de9fbbf559'),
       ('2530b8c3-4fcb-470a-9c8d-1555a5576f37', '2023-02-06 11:10', '2023-02-06 15:06', 1,
        'c3e1dc7e-b04e-4761-bf6f-b8de9fbbf559'),
       ('0506e492-87ba-4dd4-a14c-3752ff7eee56', '2023-01-10 11:40', '2023-01-10 15:27', 3,
        'c3e1dc7e-b04e-4761-bf6f-b8de9fbbf559'),
       ('47be9c18-0f96-4654-a13f-0359a2f63d37', '2023-08-06 17:57', '2023-08-06 21:38', 0,
        'c3e1dc7e-b04e-4761-bf6f-b8de9fbbf559'),
       ('bd089a06-6774-4990-a315-67df013a4667', '2023-12-24 12:03', '2023-12-24 16:12', 4,
        '95ef11fb-ebea-4591-b03b-0adab7e61f70'),
       ('c1c3d01b-e17f-4b76-8932-246948372192', '2023-11-04 17:16', '2023-11-04 21:09', 2,
        '95ef11fb-ebea-4591-b03b-0adab7e61f70'),
       ('2f0961a2-d39a-41dd-a948-b436b7751fd6', '2023-06-23 15:46', '2023-06-23 19:48', 0,
        '95ef11fb-ebea-4591-b03b-0adab7e61f70'),
       ('06915084-a820-4e67-97b0-177feb19d557', '2023-11-01 18:30', '2023-11-01 22:55', 2,
        '95ef11fb-ebea-4591-b03b-0adab7e61f70'),
       ('1eaf040e-b8d3-40c8-82ac-4f09d8870ea9', '2023-03-25 14:50', '2023-03-25 18:13', 2,
        '95ef11fb-ebea-4591-b03b-0adab7e61f70'),
       ('086c54be-0a8f-4512-99ca-1d9f8307bb5f', '2023-11-07 18:44', '2023-11-07 22:47', 1,
        '95ef11fb-ebea-4591-b03b-0adab7e61f70'),
       ('4ddec342-6b87-4891-b695-454061d51b94', '2023-06-07 15:13', '2023-06-07 19:46', 5,
        '95ef11fb-ebea-4591-b03b-0adab7e61f70'),
       ('3b1526b5-9fb0-403c-8c53-068e3fe9b0a5', '2023-07-21 16:13', '2023-07-21 20:20', 4,
        '95ef11fb-ebea-4591-b03b-0adab7e61f70'),
       ('607ab725-4b37-4ec2-85d4-37d4529ad395', '2023-06-15 12:24', '2023-06-15 16:33', 4,
        '95ef11fb-ebea-4591-b03b-0adab7e61f70'),
       ('445e6281-2870-4964-8421-237c2010cd50', '2023-04-17 15:47', '2023-04-17 19:22', 5,
        '95ef11fb-ebea-4591-b03b-0adab7e61f70'),
       ('3454ad4c-32ca-4e2a-bc75-f31170f905f1', '2023-07-02 13:58', '2023-07-02 17:09', 0,
        '358005cc-7126-4f7e-8c21-f217906a338c'),
       ('a106e157-1e74-4b24-a35e-2b9293b40151', '2023-10-15 11:05', '2023-10-15 15:38', 1,
        '358005cc-7126-4f7e-8c21-f217906a338c'),
       ('bb2a2f80-5b4c-4d6b-b258-7427600acc75', '2023-01-27 11:49', '2023-01-27 15:27', 2,
        '358005cc-7126-4f7e-8c21-f217906a338c'),
       ('14f6bfc5-ce2c-4bcb-a383-ce93fbec19d9', '2023-12-24 16:08', '2023-12-24 20:17', 0,
        '358005cc-7126-4f7e-8c21-f217906a338c'),
       ('6ddf157b-2b3f-4091-a551-04116e2c85c0', '2023-04-04 18:11', '2023-04-04 22:20', 2,
        '358005cc-7126-4f7e-8c21-f217906a338c'),
       ('5a9d03e2-bef5-467e-835e-07be7505bd93', '2023-06-15 15:36', '2023-06-15 19:44', 4,
        '358005cc-7126-4f7e-8c21-f217906a338c'),
       ('c4504d0c-b20b-46c5-9038-f60d1777042a', '2023-05-20 15:09', '2023-05-20 19:08', 3,
        '358005cc-7126-4f7e-8c21-f217906a338c'),
       ('d2e8a04f-d87f-4d45-8d9b-7c55dc504360', '2023-08-12 18:43', '2023-08-12 22:52', 1,
        '358005cc-7126-4f7e-8c21-f217906a338c'),
       ('da5a7bab-0be8-458b-8e1e-dc490ee5831b', '2023-09-21 14:39', '2023-09-21 18:12', 3,
        '358005cc-7126-4f7e-8c21-f217906a338c'),
       ('aa3cfefb-f357-47fc-94ce-c235e5d3a1ab', '2023-01-08 12:20', '2023-01-08 16:18', 5,
        '358005cc-7126-4f7e-8c21-f217906a338c'),
       ('8e695c43-3ca8-4f80-b1d1-4431ebb5a1be', '2023-09-20 11:54', '2023-09-20 15:34', 2,
        'b9011f54-f592-4463-92f8-281bb1a8de0b'),
       ('84188bce-cab9-4f5d-ae5a-1ee950624ff0', '2023-10-28 12:25', '2023-10-28 16:16', 4,
        'b9011f54-f592-4463-92f8-281bb1a8de0b'),
       ('3ea581f3-bc8a-488a-ac76-f6b1076265ec', '2023-07-16 12:40', '2023-07-16 16:02', 1,
        'b9011f54-f592-4463-92f8-281bb1a8de0b'),
       ('444ee2e1-d297-4d21-aa56-c00340731acc', '2023-07-07 17:54', '2023-07-07 21:23', 5,
        'b9011f54-f592-4463-92f8-281bb1a8de0b'),
       ('ac431191-910a-4c02-a894-91f12849b360', '2023-06-18 15:25', '2023-06-18 19:48', 2,
        'b9011f54-f592-4463-92f8-281bb1a8de0b'),
       ('ae3c2a97-7e86-418f-bf4f-b04f0ad3f4e3', '2023-02-11 16:28', '2023-02-11 20:23', 2,
        'b9011f54-f592-4463-92f8-281bb1a8de0b'),
       ('422d8274-f378-4f47-a55f-c6d1877c4e14', '2023-10-21 11:00', '2023-10-21 15:50', 2,
        'b9011f54-f592-4463-92f8-281bb1a8de0b'),
       ('e52ca984-9396-4c87-835c-247f8c3fb3dc', '2023-11-09 11:50', '2023-11-09 15:38', 2,
        'b9011f54-f592-4463-92f8-281bb1a8de0b'),
       ('1bb5d4fc-7a88-42bf-9421-544af458c661', '2023-04-16 17:05', '2023-04-16 21:11', 4,
        'b9011f54-f592-4463-92f8-281bb1a8de0b'),
       ('d1fe0894-3354-4295-a2b4-c7510d7c5841', '2023-07-19 12:26', '2023-07-19 16:23', 5,
        'b9011f54-f592-4463-92f8-281bb1a8de0b'),
       ('913245eb-1289-46c3-964d-2249a001c71a', '2023-11-03 16:13', '2023-11-03 20:36', 4,
        '8631c27f-dc81-4741-9e77-32618b5256b5'),
       ('28cdd137-ec11-44ee-a0e4-812df9317ea8', '2023-09-23 12:36', '2023-09-23 16:17', 0,
        '8631c27f-dc81-4741-9e77-32618b5256b5'),
       ('2db6c7c3-df54-47fa-933e-767ac1afb9a7', '2023-08-07 17:38', '2023-08-07 21:51', 0,
        '8631c27f-dc81-4741-9e77-32618b5256b5'),
       ('0ff5ab25-2c62-446b-8461-2d5311df2a17', '2023-02-02 17:19', '2023-02-02 21:25', 2,
        '8631c27f-dc81-4741-9e77-32618b5256b5'),
       ('07699d30-0bcb-4c56-bdb3-e53c8a18e789', '2023-07-25 14:17', '2023-07-25 18:25', 5,
        '8631c27f-dc81-4741-9e77-32618b5256b5'),
       ('24b03c6f-740c-46c9-a9f1-876365237761', '2023-08-11 13:42', '2023-08-11 17:48', 1,
        '8631c27f-dc81-4741-9e77-32618b5256b5'),
       ('ea731352-da1a-47d5-8fbf-09eb10f3bcd7', '2023-04-07 16:40', '2023-04-07 20:35', 4,
        '8631c27f-dc81-4741-9e77-32618b5256b5'),
       ('c523bbe4-a752-4fb3-946b-b29fc0737093', '2023-12-01 14:15', '2023-12-01 18:07', 5,
        '8631c27f-dc81-4741-9e77-32618b5256b5'),
       ('72974caa-a25b-4d5d-bae2-12d67bd826be', '2023-04-07 12:43', '2023-04-07 16:21', 5,
        '8631c27f-dc81-4741-9e77-32618b5256b5'),
       ('60ea576c-c552-4e1e-bcb4-328e071f9568', '2023-12-21 17:17', '2023-12-21 21:28', 2,
        '8631c27f-dc81-4741-9e77-32618b5256b5'),
       ('acc1201f-958e-4e38-97b8-148d8dd3edaf', '2023-08-13 14:12', '2023-08-13 18:12', 4,
        'f586f2a0-659d-4fe8-9411-3a76d762b105'),
       ('0dc6cb7c-e934-435a-9385-9ce254e0447e', '2023-11-20 14:16', '2023-11-20 18:14', 1,
        'f586f2a0-659d-4fe8-9411-3a76d762b105'),
       ('220d4a8b-ba4c-4678-b008-a290ab7f9157', '2023-11-14 13:33', '2023-11-14 17:55', 5,
        'f586f2a0-659d-4fe8-9411-3a76d762b105'),
       ('50783351-1e95-4053-a219-0594e98a96c1', '2023-02-14 16:05', '2023-02-14 20:36', 0,
        'f586f2a0-659d-4fe8-9411-3a76d762b105'),
       ('ab80dc96-5cfd-41f1-8a1f-356f2276aaa6', '2023-03-14 12:14', '2023-03-14 16:21', 4,
        'f586f2a0-659d-4fe8-9411-3a76d762b105'),
       ('21f49b14-82ae-4716-904b-369e337947e1', '2023-04-04 18:25', '2023-04-04 22:12', 3,
        'f586f2a0-659d-4fe8-9411-3a76d762b105'),
       ('ee18be66-dc70-48ff-b5f1-3aabb1691645', '2023-09-01 17:00', '2023-09-01 21:21', 1,
        'f586f2a0-659d-4fe8-9411-3a76d762b105'),
       ('8ec8b606-6aed-405b-bbda-cf81ecb163de', '2023-04-06 11:35', '2023-04-06 15:26', 3,
        'f586f2a0-659d-4fe8-9411-3a76d762b105'),
       ('d7cfe321-90b5-4f7e-b190-de58a5a43d94', '2023-03-15 14:20', '2023-03-15 18:39', 0,
        'f586f2a0-659d-4fe8-9411-3a76d762b105'),
       ('1461bf6b-bba4-418a-88e0-88bac7c7ec8c', '2023-03-10 18:23', '2023-03-10 22:25', 3,
        'f586f2a0-659d-4fe8-9411-3a76d762b105'),
       ('7ab03d0e-4358-45a9-9ba4-a61fc50464ff', '2023-08-14 12:29', '2023-08-14 16:58', 5,
        'ffd6ec2d-b8d8-43a5-9214-754badfbd323'),
       ('9fe65dd2-5e5a-40ca-8f3a-cce0c47a8951', '2023-09-05 14:57', '2023-09-05 18:59', 4,
        'ffd6ec2d-b8d8-43a5-9214-754badfbd323'),
       ('4ad4ed45-998b-43d8-805c-3e12e56ccddb', '2023-09-17 13:07', '2023-09-17 17:35', 2,
        'ffd6ec2d-b8d8-43a5-9214-754badfbd323'),
       ('d706acb1-0a91-4312-ba4f-3fdc9b1cdcba', '2023-02-05 13:14', '2023-02-05 17:15', 4,
        'ffd6ec2d-b8d8-43a5-9214-754badfbd323'),
       ('2755c15f-627e-450e-b047-80c91804bffe', '2023-07-05 15:16', '2023-07-05 19:25', 1,
        'ffd6ec2d-b8d8-43a5-9214-754badfbd323'),
       ('8377c72e-6759-47c2-9cb0-225c2ca83431', '2023-01-17 15:17', '2023-01-17 19:36', 2,
        'ffd6ec2d-b8d8-43a5-9214-754badfbd323'),
       ('7022db21-a110-498e-80bd-5f9f3142b6c4', '2023-02-21 18:57', '2023-02-21 22:45', 3,
        'ffd6ec2d-b8d8-43a5-9214-754badfbd323'),
       ('a0c86eb3-3e87-4c2b-9b72-ac15967179db', '2023-01-04 18:39', '2023-01-04 22:36', 1,
        'ffd6ec2d-b8d8-43a5-9214-754badfbd323'),
       ('868442b3-ec40-4b43-ad45-dd2a1777c4c7', '2023-07-26 14:50', '2023-07-26 18:13', 1,
        'ffd6ec2d-b8d8-43a5-9214-754badfbd323'),
       ('69520d58-9fb3-4fbe-b27a-a86c8d3c45ff', '2023-01-18 11:43', '2023-01-18 15:51', 5,
        'ffd6ec2d-b8d8-43a5-9214-754badfbd323'),
       ('64768637-595f-4aec-b935-ec689580395c', '2023-03-10 18:43', '2023-03-10 22:45', 1,
        '47b1e966-3a49-4560-8c09-50782c26f702'),
       ('54c24bcd-7952-4b25-ac24-18e6334475d3', '2023-11-18 17:31', '2023-11-18 21:11', 3,
        '47b1e966-3a49-4560-8c09-50782c26f702'),
       ('c87629e9-e6b2-4140-b42a-6cbdd1b22948', '2023-05-05 13:25', '2023-05-05 17:35', 1,
        '47b1e966-3a49-4560-8c09-50782c26f702'),
       ('eaace35f-d68d-4025-90fc-868ad2bae4f0', '2023-03-02 14:27', '2023-03-02 18:46', 2,
        '47b1e966-3a49-4560-8c09-50782c26f702'),
       ('d7631d40-359e-444f-990c-6096d0133197', '2023-04-08 16:58', '2023-04-08 20:03', 1,
        '47b1e966-3a49-4560-8c09-50782c26f702'),
       ('63e63f12-e46b-4e94-8b0e-8677d7044b91', '2023-08-01 12:30', '2023-08-01 16:06', 5,
        '47b1e966-3a49-4560-8c09-50782c26f702'),
       ('8769d4a8-58dd-4de0-ab60-1c89c822e671', '2023-06-02 16:42', '2023-06-02 20:54', 2,
        '47b1e966-3a49-4560-8c09-50782c26f702'),
       ('3411768b-5524-4780-a9f2-0ac88f12bca0', '2023-12-25 12:46', '2023-12-25 16:27', 2,
        '47b1e966-3a49-4560-8c09-50782c26f702'),
       ('d52db20f-c292-47ba-b226-af413b057bcb', '2023-09-28 15:11', '2023-09-28 19:17', 0,
        '47b1e966-3a49-4560-8c09-50782c26f702'),
       ('603543b1-7fc6-48a6-bdad-ef8981bd7675', '2023-10-21 13:08', '2023-10-21 17:55', 2,
        '47b1e966-3a49-4560-8c09-50782c26f702'),
       ('0fbd9045-aba9-4a17-a745-57a5a89443f9', '2023-07-14 15:33', '2023-07-14 19:35', 2,
        '0b9528ac-70cd-4644-9139-3958763a39ad'),
       ('0818c204-6490-4f9d-817c-0fc7cb526904', '2023-07-15 11:28', '2023-07-15 15:22', 4,
        '0b9528ac-70cd-4644-9139-3958763a39ad'),
       ('aeecc9b6-c5cc-4cef-ad61-c61b04701b6a', '2023-11-15 17:19', '2023-11-15 21:03', 1,
        '0b9528ac-70cd-4644-9139-3958763a39ad'),
       ('8682244b-fb39-4a56-999c-cb51b41a76c7', '2023-02-23 18:42', '2023-02-23 22:38', 3,
        '0b9528ac-70cd-4644-9139-3958763a39ad'),
       ('ae782547-50ba-4977-a100-ce24433b97f4', '2023-02-03 16:52', '2023-02-03 20:55', 4,
        '0b9528ac-70cd-4644-9139-3958763a39ad'),
       ('d4576c9e-e3b6-458a-bd42-364fec7d4eec', '2023-08-24 12:13', '2023-08-24 16:57', 5,
        '0b9528ac-70cd-4644-9139-3958763a39ad'),
       ('61266c9b-ded0-4dc6-aafa-5791ce59d493', '2023-11-06 11:13', '2023-11-06 15:36', 1,
        '0b9528ac-70cd-4644-9139-3958763a39ad'),
       ('b347398f-27a9-4f74-b8fd-bfc21445f818', '2023-03-05 15:59', '2023-03-05 19:01', 2,
        '0b9528ac-70cd-4644-9139-3958763a39ad'),
       ('12422fb5-0b7a-4f89-9061-bd840215e07f', '2023-08-17 18:19', '2023-08-17 22:11', 1,
        '0b9528ac-70cd-4644-9139-3958763a39ad'),
       ('8d5d2d01-91d9-4e7e-9daf-9e51912c51b3', '2023-04-19 11:38', '2023-04-19 15:07', 3,
        '0b9528ac-70cd-4644-9139-3958763a39ad'),
       ('c53f52e7-34e0-4cba-9cb1-19e2f46521a6', '2023-10-13 11:38', '2023-10-13 15:00', 3,
        '36a0b165-f3da-49da-96cf-d4a1742fad48'),
       ('a40f9d74-5f6f-4d5b-89b6-29cacd4f0ccd', '2023-02-03 14:23', '2023-02-03 18:29', 4,
        '36a0b165-f3da-49da-96cf-d4a1742fad48'),
       ('865376df-0539-4595-983a-6a1c8b72667f', '2023-04-21 18:16', '2023-04-21 22:32', 0,
        '36a0b165-f3da-49da-96cf-d4a1742fad48'),
       ('ed345335-dda8-464e-9ca6-ce817bdc176f', '2023-03-16 18:12', '2023-03-16 22:16', 0,
        '36a0b165-f3da-49da-96cf-d4a1742fad48'),
       ('92ef8d21-d6c9-4561-b345-bc71ea7adf18', '2023-10-23 14:58', '2023-10-23 18:35', 4,
        '36a0b165-f3da-49da-96cf-d4a1742fad48'),
       ('d6fa8130-9649-49c2-98fa-09358d9ab60a', '2023-04-10 13:47', '2023-04-10 17:28', 1,
        '36a0b165-f3da-49da-96cf-d4a1742fad48'),
       ('f8946a4c-f527-43b1-b767-985a43ff971e', '2023-02-11 14:06', '2023-02-11 18:54', 5,
        '36a0b165-f3da-49da-96cf-d4a1742fad48'),
       ('b2e0de30-1c99-452b-a34c-8647c31d4277', '2023-11-20 15:10', '2023-11-20 19:46', 3,
        '36a0b165-f3da-49da-96cf-d4a1742fad48'),
       ('5cf458c4-98f4-4008-a52b-02fe67beb001', '2023-01-23 15:48', '2023-01-23 19:54', 3,
        '36a0b165-f3da-49da-96cf-d4a1742fad48'),
       ('66322424-1823-4953-8742-2f96ac7f018c', '2023-12-24 15:24', '2023-12-24 19:32', 5,
        '36a0b165-f3da-49da-96cf-d4a1742fad48'),
       ('af6772d5-23f1-4b39-9821-149b7d5154e6', '2023-06-07 13:58', '2023-06-07 17:50', 1,
        '3b8261b9-727d-4883-b164-4402e9c4b408'),
       ('2378b741-e284-452c-9c7d-907d0eea3da2', '2023-04-20 16:37', '2023-04-20 20:20', 1,
        '3b8261b9-727d-4883-b164-4402e9c4b408'),
       ('ba6e6267-4519-473f-9008-4b157d83868f', '2023-09-01 13:50', '2023-09-01 17:12', 4,
        '3b8261b9-727d-4883-b164-4402e9c4b408'),
       ('e7b2cf49-19da-4a23-b439-3176993763b8', '2023-10-20 18:25', '2023-10-20 22:03', 2,
        '3b8261b9-727d-4883-b164-4402e9c4b408'),
       ('dbe7c573-73d1-4151-bddb-935314e65a9e', '2023-11-24 17:55', '2023-11-24 21:25', 4,
        '3b8261b9-727d-4883-b164-4402e9c4b408'),
       ('7663a779-7312-4c22-81b7-8cb6e7f476b9', '2023-11-16 14:47', '2023-11-16 18:25', 5,
        '3b8261b9-727d-4883-b164-4402e9c4b408'),
       ('c3dd6085-25b7-408b-86fb-108425c3a5a6', '2023-01-24 15:20', '2023-01-24 19:34', 1,
        '3b8261b9-727d-4883-b164-4402e9c4b408'),
       ('f563df83-28c4-4671-8d6f-09bc4b09476f', '2023-09-20 15:11', '2023-09-20 19:55', 0,
        '3b8261b9-727d-4883-b164-4402e9c4b408'),
       ('42c12b5d-6745-4c07-986f-d64901e96a46', '2023-01-28 11:04', '2023-01-28 15:57', 3,
        '3b8261b9-727d-4883-b164-4402e9c4b408'),
       ('95b24e0d-66ae-4f17-bece-9b0c10836c7d', '2023-01-10 16:12', '2023-01-10 20:33', 2,
        '3b8261b9-727d-4883-b164-4402e9c4b408'),
       ('8d2ccb39-afeb-46ce-8f2d-85c3d33d50cf', '2023-12-10 16:35', '2023-12-10 20:18', 3,
        '4b0d6174-b4c9-49c2-9055-c07b67c88376'),
       ('312cc4cd-c2f8-412f-92f3-f6c868f00698', '2023-12-18 18:39', '2023-12-18 22:47', 5,
        '4b0d6174-b4c9-49c2-9055-c07b67c88376'),
       ('56501333-6673-419c-85b0-c216a273262f', '2023-03-10 18:07', '2023-03-10 22:32', 4,
        '4b0d6174-b4c9-49c2-9055-c07b67c88376'),
       ('6ae12c73-b556-4a3c-94e9-b0b16d8dced6', '2023-04-17 14:10', '2023-04-17 18:50', 2,
        '4b0d6174-b4c9-49c2-9055-c07b67c88376'),
       ('c0b3c6bb-2903-4374-9d3a-3cb57b8ca42e', '2023-01-16 15:47', '2023-01-16 19:47', 2,
        '4b0d6174-b4c9-49c2-9055-c07b67c88376'),
       ('c20968ec-77a5-4fd8-bbe5-476b07026f92', '2023-11-20 18:22', '2023-11-20 22:48', 4,
        '4b0d6174-b4c9-49c2-9055-c07b67c88376'),
       ('ee1af5fb-8980-4272-8694-a40b67f2a18e', '2023-09-16 16:30', '2023-09-16 20:03', 2,
        '4b0d6174-b4c9-49c2-9055-c07b67c88376'),
       ('1762f8f1-e60b-4e69-9b70-cdf5995419a4', '2023-12-25 15:29', '2023-12-25 19:56', 2,
        '4b0d6174-b4c9-49c2-9055-c07b67c88376'),
       ('608215b8-35f1-47dd-b340-3a3bb9e6a516', '2023-02-01 11:39', '2023-02-01 15:50', 1,
        '4b0d6174-b4c9-49c2-9055-c07b67c88376'),
       ('d1231b00-cce9-42d6-a077-c24407e41e24', '2023-07-27 13:29', '2023-07-27 17:43', 3,
        '4b0d6174-b4c9-49c2-9055-c07b67c88376'),
       ('3081c250-ad58-4672-b94b-818c87c5baac', '2023-04-12 13:33', '2023-04-12 17:14', 3,
        '987e4272-1ee6-4bc6-a451-fbfa5298dd68'),
       ('368f89c4-7450-4f61-a0f5-10c9f9c758f5', '2023-02-02 15:38', '2023-02-02 19:10', 4,
        '987e4272-1ee6-4bc6-a451-fbfa5298dd68'),
       ('b4dbc049-2651-48fe-beb3-b28dd36b3632', '2023-03-13 17:26', '2023-03-13 21:37', 0,
        '987e4272-1ee6-4bc6-a451-fbfa5298dd68'),
       ('3d044adc-9436-4d76-a41a-fd479fe86a0f', '2023-06-26 11:34', '2023-06-26 15:30', 1,
        '987e4272-1ee6-4bc6-a451-fbfa5298dd68'),
       ('88b018ce-fe8f-4801-a295-f0103fbb4308', '2023-06-28 14:04', '2023-06-28 18:35', 0,
        '987e4272-1ee6-4bc6-a451-fbfa5298dd68'),
       ('1f3763da-0387-48cf-ac5e-16009426c2ab', '2023-06-09 13:20', '2023-06-09 17:02', 4,
        '987e4272-1ee6-4bc6-a451-fbfa5298dd68'),
       ('cc497412-a1a1-44de-b959-75cc93d86992', '2023-04-04 15:02', '2023-04-04 19:26', 5,
        '987e4272-1ee6-4bc6-a451-fbfa5298dd68'),
       ('14319df7-1ded-46cd-aba6-3fe93e65ef61', '2023-01-14 18:57', '2023-01-14 22:54', 3,
        '987e4272-1ee6-4bc6-a451-fbfa5298dd68'),
       ('e9b59f93-f03b-44be-b6a0-0d3cc47358ac', '2023-03-11 16:51', '2023-03-11 20:42', 2,
        '987e4272-1ee6-4bc6-a451-fbfa5298dd68'),
       ('082a2496-c09d-4a2e-9c7f-3af4c4f31b25', '2023-04-14 18:58', '2023-04-14 22:49', 5,
        '987e4272-1ee6-4bc6-a451-fbfa5298dd68'),
       ('1da3528a-ca8f-4941-ae12-2c31b475b094', '2023-01-24 15:20', '2023-01-24 19:32', 1,
        '87e6d4ad-6fd5-4f3f-a036-e88524ab9dac'),
       ('7c90e711-66b0-4028-bef7-7735b1c80321', '2023-09-04 13:47', '2023-09-04 17:34', 3,
        '87e6d4ad-6fd5-4f3f-a036-e88524ab9dac'),
       ('b738ab9c-3ab1-4221-a710-9def5ef11d96', '2023-07-04 12:10', '2023-07-04 16:39', 0,
        '87e6d4ad-6fd5-4f3f-a036-e88524ab9dac'),
       ('54d977ca-3b20-4fe4-a4e9-daebc6409f42', '2023-12-05 16:54', '2023-12-05 20:40', 3,
        '87e6d4ad-6fd5-4f3f-a036-e88524ab9dac'),
       ('71d18988-8057-4b6b-8b3b-5e43acff3146', '2023-03-05 15:09', '2023-03-05 19:00', 2,
        '87e6d4ad-6fd5-4f3f-a036-e88524ab9dac'),
       ('9d78ebaa-21ea-488e-a698-b2789853faff', '2023-09-19 17:30', '2023-09-19 21:19', 0,
        '87e6d4ad-6fd5-4f3f-a036-e88524ab9dac'),
       ('15f4d1ea-527b-4ef7-bc6b-8246ed61a326', '2023-04-18 18:26', '2023-04-18 22:35', 2,
        '87e6d4ad-6fd5-4f3f-a036-e88524ab9dac'),
       ('2b202bd8-dccd-451e-abd1-b3d2a8d4a8f2', '2023-11-22 13:12', '2023-11-22 17:03', 2,
        '87e6d4ad-6fd5-4f3f-a036-e88524ab9dac'),
       ('914a33cb-b57f-42f4-983e-5e56db1d1f1b', '2023-12-28 15:30', '2023-12-28 19:58', 4,
        '87e6d4ad-6fd5-4f3f-a036-e88524ab9dac'),
       ('f0d01565-bf9d-48e4-8dc1-23bae0f877d2', '2023-08-02 11:08', '2023-08-02 15:54', 1,
        '87e6d4ad-6fd5-4f3f-a036-e88524ab9dac'),
       ('8e460b18-6944-43c0-9ca3-cb8adc7c2948', '2023-08-15 16:54', '2023-08-15 20:16', 2,
        'fae226d0-a3cb-4192-b197-b7cbd10e6a24'),
       ('5a371be5-bfea-4985-8052-aee25ab7d854', '2023-08-19 16:44', '2023-08-19 20:25', 5,
        'fae226d0-a3cb-4192-b197-b7cbd10e6a24'),
       ('104fd68a-e5fb-48a8-8602-1f8dde5bfcc5', '2023-06-27 13:32', '2023-06-27 17:58', 5,
        'fae226d0-a3cb-4192-b197-b7cbd10e6a24'),
       ('0a3ed66d-35f7-4f6a-bdee-51aacf70a9c7', '2023-04-08 15:20', '2023-04-08 19:12', 0,
        'fae226d0-a3cb-4192-b197-b7cbd10e6a24'),
       ('20bb2325-a610-4a2b-bae6-36242381c71b', '2023-09-10 17:01', '2023-09-10 21:20', 0,
        'fae226d0-a3cb-4192-b197-b7cbd10e6a24'),
       ('8dc70f43-fab0-4075-865e-1db555de86e6', '2023-03-13 17:52', '2023-03-13 21:06', 1,
        'fae226d0-a3cb-4192-b197-b7cbd10e6a24'),
       ('193b2d4c-7f48-4dcd-b1f2-003e958f92ee', '2023-10-09 15:27', '2023-10-09 19:22', 5,
        'fae226d0-a3cb-4192-b197-b7cbd10e6a24'),
       ('f2cb5ee2-549b-4a98-b007-2c1a39b8059a', '2023-01-10 18:44', '2023-01-10 22:13', 5,
        'fae226d0-a3cb-4192-b197-b7cbd10e6a24'),
       ('a98b670a-3523-47cf-b5ac-6b8cba11d54d', '2023-01-06 11:10', '2023-01-06 15:50', 2,
        'fae226d0-a3cb-4192-b197-b7cbd10e6a24'),
       ('3c2652e1-742a-406a-b3a7-19f5bf7e715c', '2023-03-17 13:46', '2023-03-17 17:24', 5,
        'fae226d0-a3cb-4192-b197-b7cbd10e6a24'),
       ('29a28502-936f-4296-8e20-eca8496e9ad0', '2023-09-15 15:46', '2023-09-15 19:38', 4,
        '04c1639c-562e-4b53-b331-b6df7861141a'),
       ('6876d6db-97c2-4cfe-9440-4783433ff950', '2023-05-13 17:04', '2023-05-13 21:25', 4,
        '04c1639c-562e-4b53-b331-b6df7861141a'),
       ('2446c061-e997-4e5b-ae15-2df22f2e4c55', '2023-01-11 15:48', '2023-01-11 19:22', 4,
        '04c1639c-562e-4b53-b331-b6df7861141a'),
       ('e8e1f540-f913-4d26-8d03-b4ce1ba96522', '2023-01-07 17:29', '2023-01-07 21:11', 1,
        '04c1639c-562e-4b53-b331-b6df7861141a'),
       ('345658e1-1eef-4008-aab2-3f1749cedd62', '2023-03-21 13:21', '2023-03-21 17:18', 3,
        '04c1639c-562e-4b53-b331-b6df7861141a'),
       ('8da669cd-b5c5-490e-9a5e-ee46dcad7f3a', '2023-02-13 17:41', '2023-02-13 21:41', 2,
        '04c1639c-562e-4b53-b331-b6df7861141a'),
       ('620995a2-e476-4fe8-8d83-63d1cbf52598', '2023-02-26 13:38', '2023-02-26 17:56', 5,
        '04c1639c-562e-4b53-b331-b6df7861141a'),
       ('1ab55122-e0cf-4919-9cc9-bd1dcdc73e2d', '2023-07-17 18:40', '2023-07-17 22:15', 3,
        '04c1639c-562e-4b53-b331-b6df7861141a'),
       ('fb1d2372-e4ed-471c-8275-b36f328cb7cd', '2023-08-08 17:53', '2023-08-08 21:28', 5,
        '04c1639c-562e-4b53-b331-b6df7861141a'),
       ('8b797819-4ca3-417e-9f17-65a6dedfb8eb', '2023-12-15 14:06', '2023-12-15 18:50', 0,
        '04c1639c-562e-4b53-b331-b6df7861141a'),
       ('cfb07511-893c-436a-a3fa-22ce294ba36a', '2023-07-27 12:40', '2023-07-27 16:25', 4,
        'd6b6f679-15bd-4dfe-b345-6cf3a78d2bce'),
       ('0e3fce2e-aa02-43f5-8be5-e17ff3b6ec9a', '2023-02-01 16:11', '2023-02-01 20:43', 0,
        'd6b6f679-15bd-4dfe-b345-6cf3a78d2bce'),
       ('8227e2a7-a98c-4e3f-90fb-613399f80f25', '2023-09-16 15:48', '2023-09-16 19:22', 5,
        'd6b6f679-15bd-4dfe-b345-6cf3a78d2bce'),
       ('beb987ce-2e04-42f4-85ce-a6e927f8a47f', '2023-11-10 12:02', '2023-11-10 16:01', 4,
        'd6b6f679-15bd-4dfe-b345-6cf3a78d2bce'),
       ('b2622ce1-9034-40ff-9d48-9cc69f4ca7bd', '2023-09-13 15:24', '2023-09-13 19:59', 2,
        'd6b6f679-15bd-4dfe-b345-6cf3a78d2bce'),
       ('bb099882-a546-4cce-9d02-9c0e5ea8f2ba', '2023-09-14 13:14', '2023-09-14 17:05', 0,
        'd6b6f679-15bd-4dfe-b345-6cf3a78d2bce'),
       ('cbc38aff-af17-4b06-9d35-2097a68d9b58', '2023-08-02 11:32', '2023-08-02 15:35', 1,
        'd6b6f679-15bd-4dfe-b345-6cf3a78d2bce'),
       ('a9128f25-2e2d-4b0c-bbf4-7a1d77ba64fd', '2023-04-06 16:47', '2023-04-06 20:04', 3,
        'd6b6f679-15bd-4dfe-b345-6cf3a78d2bce'),
       ('447e796d-4d25-43b6-a84e-d8965574b11b', '2023-01-22 14:37', '2023-01-22 18:54', 4,
        'd6b6f679-15bd-4dfe-b345-6cf3a78d2bce'),
       ('da745f6c-a500-4f77-89ad-5cd5de0ce970', '2023-11-05 17:24', '2023-11-05 21:42', 5,
        'd6b6f679-15bd-4dfe-b345-6cf3a78d2bce'),
       ('8bd83074-d41f-4b5e-9b1f-1e9993dde62d', '2023-10-15 13:31', '2023-10-15 17:21', 0,
        'cf34a59b-b931-4c1e-ba9d-a98524af8919'),
       ('a2574a3e-692b-4b86-93e8-a256917c7312', '2023-02-12 11:43', '2023-02-12 15:56', 3,
        'cf34a59b-b931-4c1e-ba9d-a98524af8919'),
       ('30e6cb6d-e54b-4466-9bfa-09f73a030769', '2023-08-01 18:09', '2023-08-01 22:03', 4,
        'cf34a59b-b931-4c1e-ba9d-a98524af8919'),
       ('f86adbfb-8d01-404c-8af3-500fef494831', '2023-08-22 11:42', '2023-08-22 15:44', 3,
        'cf34a59b-b931-4c1e-ba9d-a98524af8919'),
       ('97d39931-e736-4af0-9073-bc30c8251779', '2023-06-18 14:46', '2023-06-18 18:39', 3,
        'cf34a59b-b931-4c1e-ba9d-a98524af8919'),
       ('93f3e606-3940-4f83-b04a-3646175d9706', '2023-07-27 12:39', '2023-07-27 16:11', 0,
        'cf34a59b-b931-4c1e-ba9d-a98524af8919'),
       ('c8bd03e5-d935-4d69-9c10-a3a435762802', '2023-01-25 14:46', '2023-01-25 18:01', 4,
        'cf34a59b-b931-4c1e-ba9d-a98524af8919'),
       ('abb0ceda-ec62-412a-a544-f6695f75d8e1', '2023-08-19 17:43', '2023-08-19 21:27', 3,
        'cf34a59b-b931-4c1e-ba9d-a98524af8919'),
       ('6d4297e0-04d2-4576-9067-baf9e4e701d5', '2023-08-15 18:42', '2023-08-15 22:35', 0,
        'cf34a59b-b931-4c1e-ba9d-a98524af8919'),
       ('a5841b71-83a1-49a2-bdda-af75a709b653', '2023-10-01 12:29', '2023-10-01 16:46', 0,
        'cf34a59b-b931-4c1e-ba9d-a98524af8919'),
       ('ecfa4678-9868-4581-aae9-37273d36f9a7', '2023-02-16 17:59', '2023-02-16 21:42', 0,
        '74b2beb7-6c23-4a15-a49d-f8a4bb762a1a'),
       ('8cefcceb-b278-48d7-938f-af60d7a2b6a9', '2023-06-25 16:04', '2023-06-25 20:06', 5,
        '74b2beb7-6c23-4a15-a49d-f8a4bb762a1a'),
       ('0172bf4b-f501-435b-8141-9c9d46b5a032', '2023-10-21 18:52', '2023-10-21 22:25', 3,
        '74b2beb7-6c23-4a15-a49d-f8a4bb762a1a'),
       ('fa4f36ba-97af-4098-ba78-2b052c5aabd5', '2023-04-17 16:47', '2023-04-17 20:12', 5,
        '74b2beb7-6c23-4a15-a49d-f8a4bb762a1a'),
       ('fe5d8f88-e504-4f2d-b81d-c849056a3a3d', '2023-11-12 11:24', '2023-11-12 15:51', 5,
        '74b2beb7-6c23-4a15-a49d-f8a4bb762a1a'),
       ('195f9527-2596-4ba1-9aad-9e86e1a1ffb6', '2023-12-07 17:35', '2023-12-07 21:28', 3,
        '74b2beb7-6c23-4a15-a49d-f8a4bb762a1a'),
       ('9a793baa-7928-437a-bb2e-c15e370b7002', '2023-11-02 11:33', '2023-11-02 15:33', 5,
        '74b2beb7-6c23-4a15-a49d-f8a4bb762a1a'),
       ('447bd41e-0db5-43eb-b41a-f194a6ea5170', '2023-10-10 18:37', '2023-10-10 22:53', 3,
        '74b2beb7-6c23-4a15-a49d-f8a4bb762a1a'),
       ('4fe17df3-923b-4a5f-a1e2-276163d8a2e1', '2023-02-08 12:48', '2023-02-08 16:35', 4,
        '74b2beb7-6c23-4a15-a49d-f8a4bb762a1a'),
       ('a302062b-20d3-4b1f-ab61-c397f06b15b3', '2023-05-15 14:57', '2023-05-15 18:48', 5,
        '74b2beb7-6c23-4a15-a49d-f8a4bb762a1a'),
       ('e97beecc-cd5a-4caa-8c98-7b6300bccb14', '2023-11-22 11:23', '2023-11-22 15:07', 3,
        '5f354023-0f60-4544-8b07-9b768c9b14c5'),
       ('e89781eb-86cb-40c2-9278-143e499c016d', '2023-03-15 13:51', '2023-03-15 17:44', 5,
        '5f354023-0f60-4544-8b07-9b768c9b14c5'),
       ('70ba58f9-a02b-4041-89c5-da40f463e5cc', '2023-12-11 17:30', '2023-12-11 21:10', 4,
        '5f354023-0f60-4544-8b07-9b768c9b14c5'),
       ('890075b5-ff23-42f8-b7f5-2e6c9ffdb8f7', '2023-02-02 17:23', '2023-02-02 21:36', 1,
        '5f354023-0f60-4544-8b07-9b768c9b14c5'),
       ('3ef44e6e-4949-4b43-a3be-218c1b9147e3', '2023-02-04 12:20', '2023-02-04 16:20', 3,
        '5f354023-0f60-4544-8b07-9b768c9b14c5'),
       ('b41104ac-ba57-4fb9-accf-f3b8826b7a3d', '2023-08-18 13:01', '2023-08-18 17:20', 2,
        '5f354023-0f60-4544-8b07-9b768c9b14c5'),
       ('d0526678-d6b0-45ee-9266-a7a3cc93dc83', '2023-03-04 17:06', '2023-03-04 21:41', 4,
        '5f354023-0f60-4544-8b07-9b768c9b14c5'),
       ('41f36b63-3a13-4a8f-b506-cba514fef017', '2023-06-26 18:53', '2023-06-26 22:06', 1,
        '5f354023-0f60-4544-8b07-9b768c9b14c5'),
       ('c63675ee-8b2f-4074-9821-f1a0e278aa72', '2023-05-13 12:31', '2023-05-13 16:11', 0,
        '5f354023-0f60-4544-8b07-9b768c9b14c5'),
       ('878a6df7-2a3c-4d33-be8b-8844eef7661c', '2023-01-15 18:54', '2023-01-15 22:20', 0,
        '5f354023-0f60-4544-8b07-9b768c9b14c5'),
       ('4f9a4349-fd47-480f-9506-444dac1e69b7', '2023-11-10 16:18', '2023-11-10 20:36', 3,
        '80d5bffb-7022-42ac-80e1-d627313b2d7e'),
       ('996d717f-2a24-4eaa-b554-239f04f667a6', '2023-08-01 11:55', '2023-08-01 15:29', 2,
        '80d5bffb-7022-42ac-80e1-d627313b2d7e'),
       ('1ad0c5f7-a692-45b8-91ce-fb8a359d500e', '2023-12-10 13:00', '2023-12-10 17:25', 5,
        '80d5bffb-7022-42ac-80e1-d627313b2d7e'),
       ('905623c5-2931-4d18-b618-c56a6dd948ff', '2023-07-22 15:22', '2023-07-22 19:21', 4,
        '80d5bffb-7022-42ac-80e1-d627313b2d7e'),
       ('ab57128b-a7d6-472b-9ac9-f660dbbd3943', '2023-12-09 13:36', '2023-12-09 17:41', 1,
        '80d5bffb-7022-42ac-80e1-d627313b2d7e'),
       ('a34185fe-3421-424b-ab40-3772650becfd', '2023-09-15 13:40', '2023-09-15 17:24', 5,
        '80d5bffb-7022-42ac-80e1-d627313b2d7e'),
       ('33d02815-2282-4c56-872b-fdc724bca90b', '2023-01-08 12:51', '2023-01-08 16:32', 3,
        '80d5bffb-7022-42ac-80e1-d627313b2d7e'),
       ('818da171-9075-4b78-9dba-b068cd983087', '2023-01-21 12:53', '2023-01-21 16:20', 3,
        '80d5bffb-7022-42ac-80e1-d627313b2d7e'),
       ('fcbef369-ef68-4618-91be-c9d4191a171c', '2023-09-23 13:00', '2023-09-23 17:43', 3,
        '80d5bffb-7022-42ac-80e1-d627313b2d7e'),
       ('166e1b8e-7b2b-45dd-bb0f-79cf0ec81a85', '2023-12-27 11:32', '2023-12-27 15:14', 0,
        '80d5bffb-7022-42ac-80e1-d627313b2d7e'),
       ('c8a2e02f-2f54-4216-8724-084c842b8039', '2023-08-22 14:21', '2023-08-22 18:08', 3,
        '3b09a4cf-6aca-432c-9c37-2652a4cc45f9'),
       ('e4d91ca1-189c-4227-a73d-88e2272e8436', '2023-05-14 15:07', '2023-05-14 19:49', 2,
        '3b09a4cf-6aca-432c-9c37-2652a4cc45f9'),
       ('f6c3ba2c-7c25-4a14-a287-2bef7454d6a6', '2023-09-15 14:56', '2023-09-15 18:17', 4,
        '3b09a4cf-6aca-432c-9c37-2652a4cc45f9'),
       ('c5382b2c-c178-4aa4-b5bd-cba3588353ea', '2023-07-04 14:23', '2023-07-04 18:11', 3,
        '3b09a4cf-6aca-432c-9c37-2652a4cc45f9'),
       ('c05fcdce-aa96-42c3-94db-3d753d34f97c', '2023-07-19 17:48', '2023-07-19 21:20', 1,
        '3b09a4cf-6aca-432c-9c37-2652a4cc45f9'),
       ('20a71563-1ccc-4e36-8155-390375c03e0a', '2023-07-06 12:32', '2023-07-06 16:58', 2,
        '3b09a4cf-6aca-432c-9c37-2652a4cc45f9'),
       ('a51a38d0-f2c6-4a6e-927a-29b7bd07f590', '2023-01-02 17:14', '2023-01-02 21:52', 2,
        '3b09a4cf-6aca-432c-9c37-2652a4cc45f9'),
       ('58089c35-7716-4ba4-ad03-a982aa0bfbec', '2023-08-08 17:23', '2023-08-08 21:23', 2,
        '3b09a4cf-6aca-432c-9c37-2652a4cc45f9'),
       ('c5515871-e7c4-42e1-bfb4-3d8c0f47335c', '2023-02-09 12:43', '2023-02-09 16:38', 1,
        '3b09a4cf-6aca-432c-9c37-2652a4cc45f9'),
       ('2222717f-7d9d-48b8-aa26-c6c7b90db229', '2023-04-26 14:21', '2023-04-26 18:04', 2,
        '3b09a4cf-6aca-432c-9c37-2652a4cc45f9'),
       ('274ef2f0-c6ce-485f-a985-099c6ce4bb86', '2023-02-02 14:36', '2023-02-02 18:14', 4,
        '9278a3ba-2ffb-4a80-8033-8bd9496e66d7'),
       ('f5097551-bc9a-452f-b09f-52df9114e969', '2023-02-02 15:16', '2023-02-02 19:21', 1,
        '9278a3ba-2ffb-4a80-8033-8bd9496e66d7'),
       ('9c69df4b-4a2f-4a56-a411-31b7357a75c8', '2023-08-23 18:55', '2023-08-23 22:06', 4,
        '9278a3ba-2ffb-4a80-8033-8bd9496e66d7'),
       ('e46a314d-f308-4284-a203-2c4f1c0665ff', '2023-10-19 15:31', '2023-10-19 19:22', 2,
        '9278a3ba-2ffb-4a80-8033-8bd9496e66d7'),
       ('265967c1-5504-4529-9461-7976af3298d1', '2023-05-07 16:44', '2023-05-07 20:55', 5,
        '9278a3ba-2ffb-4a80-8033-8bd9496e66d7'),
       ('285402b1-3dc1-48cd-af95-befa19af9217', '2023-01-22 18:18', '2023-01-22 22:00', 0,
        '9278a3ba-2ffb-4a80-8033-8bd9496e66d7'),
       ('242db7d0-99a5-488d-8661-1d32fc815c85', '2023-07-10 18:58', '2023-07-10 22:11', 2,
        '9278a3ba-2ffb-4a80-8033-8bd9496e66d7'),
       ('a6b9ec38-3b06-4e7d-9602-fd21176475b0', '2023-11-14 17:33', '2023-11-14 21:15', 5,
        '9278a3ba-2ffb-4a80-8033-8bd9496e66d7'),
       ('8ca3576e-1244-4389-8ee9-4700ab00c177', '2023-05-09 12:41', '2023-05-09 16:17', 4,
        '9278a3ba-2ffb-4a80-8033-8bd9496e66d7'),
       ('b1ac9981-6dbf-4dc1-99d3-754a621e8edd', '2023-11-07 14:48', '2023-11-07 18:34', 3,
        '9278a3ba-2ffb-4a80-8033-8bd9496e66d7'),
       ('0926d958-67f2-4918-82db-3267654865cb', '2023-06-17 14:59', '2023-06-17 18:12', 0,
        '49be5e09-c96b-4e44-b50a-d35c66604145'),
       ('96773479-be5f-4d2e-a6e2-c8c23cf62d02', '2023-11-01 16:00', '2023-11-01 20:29', 4,
        '49be5e09-c96b-4e44-b50a-d35c66604145'),
       ('a1cbced6-4aac-4321-b541-bca893ee19c7', '2023-11-14 18:46', '2023-11-14 22:44', 0,
        '49be5e09-c96b-4e44-b50a-d35c66604145'),
       ('7ca72a10-c251-4810-afaf-31ebae5c9a6d', '2023-03-20 18:34', '2023-03-20 22:12', 1,
        '49be5e09-c96b-4e44-b50a-d35c66604145'),
       ('72658bf8-ee0f-4d17-a0ee-4c067e582403', '2023-06-10 15:04', '2023-06-10 19:36', 5,
        '49be5e09-c96b-4e44-b50a-d35c66604145'),
       ('5464cb66-be77-43f3-9ef4-8d94b96e9d03', '2023-08-09 12:17', '2023-08-09 16:12', 2,
        '49be5e09-c96b-4e44-b50a-d35c66604145'),
       ('9ba65ca2-ae95-4da9-8f78-afaaec6f3922', '2023-10-09 13:52', '2023-10-09 17:48', 1,
        '49be5e09-c96b-4e44-b50a-d35c66604145'),
       ('4add814d-be8e-4264-a51c-edc0dbf685e5', '2023-10-06 16:44', '2023-10-06 20:54', 1,
        '49be5e09-c96b-4e44-b50a-d35c66604145'),
       ('4b9d0b91-d1b0-4bfa-912e-8e8530caec99', '2023-06-26 15:31', '2023-06-26 19:40', 1,
        '49be5e09-c96b-4e44-b50a-d35c66604145'),
       ('ea231556-f9db-4b54-a51e-6c590d6751c6', '2023-11-27 16:23', '2023-11-27 20:41', 4,
        '49be5e09-c96b-4e44-b50a-d35c66604145'),
       ('38bf0638-a15d-4352-8b74-a5421ec14019', '2023-10-19 12:23', '2023-10-19 16:15', 1,
        'cae14bdf-9a20-4e93-826c-bc2a6c4b3030'),
       ('68ac4f37-238c-44f9-be24-169686fc53f7', '2023-03-05 12:30', '2023-03-05 16:21', 3,
        'cae14bdf-9a20-4e93-826c-bc2a6c4b3030'),
       ('2c9c3d6a-d6b7-4d7d-8988-811fdb842cd2', '2023-12-17 14:24', '2023-12-17 18:13', 4,
        'cae14bdf-9a20-4e93-826c-bc2a6c4b3030'),
       ('dd3b5630-0180-4732-893e-ecf917c29292', '2023-12-03 14:50', '2023-12-03 18:57', 2,
        'cae14bdf-9a20-4e93-826c-bc2a6c4b3030'),
       ('75fd34dd-4c56-4f8e-8760-e77c22aa98bf', '2023-08-17 14:46', '2023-08-17 18:59', 3,
        'cae14bdf-9a20-4e93-826c-bc2a6c4b3030'),
       ('cd3e9979-1500-49e0-9ac5-6564de4c65de', '2023-07-24 15:12', '2023-07-24 19:43', 3,
        'cae14bdf-9a20-4e93-826c-bc2a6c4b3030'),
       ('777bf9e3-97aa-479c-96f3-a6d6ff4a787a', '2023-05-18 15:06', '2023-05-18 19:00', 5,
        'cae14bdf-9a20-4e93-826c-bc2a6c4b3030'),
       ('204ae4c0-c016-4625-96c0-8a45ea3fc390', '2023-10-07 13:36', '2023-10-07 17:56', 4,
        'cae14bdf-9a20-4e93-826c-bc2a6c4b3030'),
       ('922449d8-007e-40b4-8b0b-2d1ff92cd92b', '2023-12-27 12:35', '2023-12-27 16:51', 5,
        'cae14bdf-9a20-4e93-826c-bc2a6c4b3030'),
       ('9401a94b-e9a1-43ca-bce6-76e0ac14ffe0', '2023-12-15 16:10', '2023-12-15 20:39', 3,
        'cae14bdf-9a20-4e93-826c-bc2a6c4b3030'),
       ('f6f56f0c-1336-463c-a49c-adf70947e990', '2023-12-19 11:20', '2023-12-19 15:56', 0,
        '6bea508d-28c0-4418-afe9-f5ec7ccff14b'),
       ('f48b297c-1858-4c02-8d53-d06dcd86b00e', '2023-08-26 14:09', '2023-08-26 18:28', 3,
        '6bea508d-28c0-4418-afe9-f5ec7ccff14b'),
       ('9aae891d-aacc-4426-9f72-858cae23ac4b', '2023-02-22 14:34', '2023-02-22 18:50', 4,
        '6bea508d-28c0-4418-afe9-f5ec7ccff14b'),
       ('96f2fde3-1622-4ea0-b162-3915974819eb', '2023-09-08 18:31', '2023-09-08 22:31', 4,
        '6bea508d-28c0-4418-afe9-f5ec7ccff14b'),
       ('78a11d4d-92bf-440c-bf4c-d5829c243937', '2023-11-28 17:49', '2023-11-28 21:55', 0,
        '6bea508d-28c0-4418-afe9-f5ec7ccff14b'),
       ('1bae475a-0995-40d2-bdd8-fea4864be099', '2023-08-27 15:17', '2023-08-27 19:36', 0,
        '6bea508d-28c0-4418-afe9-f5ec7ccff14b'),
       ('75ed44c7-77a2-4c7b-b54a-bf0544f70352', '2023-10-11 11:05', '2023-10-11 15:04', 2,
        '6bea508d-28c0-4418-afe9-f5ec7ccff14b'),
       ('fc6b19ff-f061-46b8-9181-29f1b8cf0147', '2023-11-14 16:27', '2023-11-14 20:12', 2,
        '6bea508d-28c0-4418-afe9-f5ec7ccff14b'),
       ('94b387ff-256a-4049-b303-bad6c0177c84', '2023-01-02 17:36', '2023-01-02 21:49', 2,
        '6bea508d-28c0-4418-afe9-f5ec7ccff14b'),
       ('9359114c-6590-4835-9967-ec667d4ba7de', '2023-06-07 16:15', '2023-06-07 20:09', 4,
        '6bea508d-28c0-4418-afe9-f5ec7ccff14b'),
       ('045c7819-876d-4f4e-b5fa-2db82bd9f801', '2023-03-18 13:33', '2023-03-18 17:45', 2,
        '34e63b60-f09a-4f2c-a75f-29be72d13cfc'),
       ('0eaac0b7-95ec-4815-b431-e768bb4bd9e4', '2023-06-08 15:51', '2023-06-08 19:42', 3,
        '34e63b60-f09a-4f2c-a75f-29be72d13cfc'),
       ('a6096a30-b564-4187-8419-f336ef6e172d', '2023-03-14 14:22', '2023-03-14 18:37', 4,
        '34e63b60-f09a-4f2c-a75f-29be72d13cfc'),
       ('477baa21-2022-4c0d-bef2-7d6ac17f70e1', '2023-05-21 13:24', '2023-05-21 17:59', 3,
        '34e63b60-f09a-4f2c-a75f-29be72d13cfc'),
       ('03d490c1-84c6-4495-828a-b0ac4aee845d', '2023-08-27 14:17', '2023-08-27 18:20', 2,
        '34e63b60-f09a-4f2c-a75f-29be72d13cfc'),
       ('7846b526-05e5-40cf-a80d-acd6928373cd', '2023-04-20 18:37', '2023-04-20 22:34', 1,
        '34e63b60-f09a-4f2c-a75f-29be72d13cfc'),
       ('4fff40d7-bc19-4ce3-8161-08d5feb9bba6', '2023-08-12 15:50', '2023-08-12 19:35', 5,
        '34e63b60-f09a-4f2c-a75f-29be72d13cfc'),
       ('f3f13a98-167f-425b-9c9b-3f24907f24e9', '2023-05-19 11:00', '2023-05-19 15:01', 3,
        '34e63b60-f09a-4f2c-a75f-29be72d13cfc'),
       ('238f64ca-b707-478c-ba07-be817a91bab4', '2023-11-25 15:45', '2023-11-25 19:55', 5,
        '34e63b60-f09a-4f2c-a75f-29be72d13cfc'),
       ('8ed1ff11-7e4c-46e3-880e-ecea112c6049', '2023-06-14 16:22', '2023-06-14 20:15', 0,
        '34e63b60-f09a-4f2c-a75f-29be72d13cfc'),
       ('13fc042e-29b4-4e84-9cf9-8917bd594dee', '2023-04-20 18:10', '2023-04-20 22:55', 3,
        '62fd8e1c-1891-4e3a-b153-c5d029be721c'),
       ('15df66b4-019f-4d40-a2ef-98ccefd02eb7', '2023-10-13 16:56', '2023-10-13 20:48', 3,
        '62fd8e1c-1891-4e3a-b153-c5d029be721c'),
       ('138b9d8b-090d-4577-8270-5d108ad9d5fe', '2023-02-13 13:35', '2023-02-13 17:15', 4,
        '62fd8e1c-1891-4e3a-b153-c5d029be721c'),
       ('739424b5-fc96-4d2e-aa3b-1f64cf7fe66b', '2023-05-16 16:07', '2023-05-16 20:39', 2,
        '62fd8e1c-1891-4e3a-b153-c5d029be721c'),
       ('e5925347-1aff-4e44-a0e4-4b48c75445eb', '2023-09-19 11:19', '2023-09-19 15:58', 5,
        '62fd8e1c-1891-4e3a-b153-c5d029be721c'),
       ('7d4fee9e-33dd-473f-b4b9-8fc878be206b', '2023-09-04 15:15', '2023-09-04 19:44', 0,
        '62fd8e1c-1891-4e3a-b153-c5d029be721c'),
       ('89ae1096-5dcb-40f4-880a-324f2cc3a058', '2023-04-22 11:51', '2023-04-22 15:59', 1,
        '62fd8e1c-1891-4e3a-b153-c5d029be721c'),
       ('b511591c-8b67-4740-b8eb-abacab5f6519', '2023-09-08 17:50', '2023-09-08 21:21', 1,
        '62fd8e1c-1891-4e3a-b153-c5d029be721c'),
       ('81b12340-b314-4ae0-b47d-726ae874da35', '2023-12-19 17:38', '2023-12-19 21:41', 1,
        '62fd8e1c-1891-4e3a-b153-c5d029be721c'),
       ('4e38ee83-a0de-47e8-95fa-555eb6239212', '2023-05-15 17:37', '2023-05-15 21:10', 4,
        '62fd8e1c-1891-4e3a-b153-c5d029be721c'),
       ('70766118-f548-40f4-9738-6590a1c120ec', '2023-04-05 17:02', '2023-04-05 21:53', 1,
        '7c405a43-f93e-4712-b6da-9d80a3ab0a1c'),
       ('b958c598-8c98-4ff3-a193-90d20606d3ed', '2023-06-10 18:51', '2023-06-10 22:04', 3,
        '7c405a43-f93e-4712-b6da-9d80a3ab0a1c'),
       ('77bfb236-16ff-4bd2-b446-017715c0846b', '2023-06-11 15:39', '2023-06-11 19:59', 3,
        '7c405a43-f93e-4712-b6da-9d80a3ab0a1c'),
       ('76646061-cee4-4896-b60e-d63c5e3279a6', '2023-11-24 14:01', '2023-11-24 18:16', 5,
        '7c405a43-f93e-4712-b6da-9d80a3ab0a1c'),
       ('ad70a4ee-5ca1-4888-8295-d0414ff0335e', '2023-11-26 16:39', '2023-11-26 20:16', 1,
        '7c405a43-f93e-4712-b6da-9d80a3ab0a1c'),
       ('df2e2f15-af9c-4ca6-bf18-659ae73c9b40', '2023-04-17 14:08', '2023-04-17 18:20', 4,
        '7c405a43-f93e-4712-b6da-9d80a3ab0a1c'),
       ('7265d620-2902-4892-b62a-6e55ba7f333b', '2023-08-14 13:11', '2023-08-14 17:39', 5,
        '7c405a43-f93e-4712-b6da-9d80a3ab0a1c'),
       ('81c48fdb-e841-405b-b1a1-994e5e954479', '2023-03-14 14:31', '2023-03-14 18:40', 0,
        '7c405a43-f93e-4712-b6da-9d80a3ab0a1c'),
       ('090f89df-8187-462c-9da3-779ea48557c7', '2023-09-02 14:43', '2023-09-02 18:53', 4,
        '7c405a43-f93e-4712-b6da-9d80a3ab0a1c'),
       ('df2ae205-5882-4cfa-ac0d-831f0db6e274', '2023-03-15 11:24', '2023-03-15 15:33', 0,
        '7c405a43-f93e-4712-b6da-9d80a3ab0a1c'),
       ('6ea3d688-6b5a-4811-b595-a5de3a1676ca', '2023-02-15 12:04', '2023-02-15 16:15', 5,
        '7f0f6f09-c783-4c97-a9ab-6ef828886e02'),
       ('15b1678b-dd49-4e00-b04f-67fdc9f56e2f', '2023-06-15 18:21', '2023-06-15 22:42', 3,
        '7f0f6f09-c783-4c97-a9ab-6ef828886e02'),
       ('8bdba525-f554-49e8-ab7f-568c926e351c', '2023-04-10 11:40', '2023-04-10 15:07', 1,
        '7f0f6f09-c783-4c97-a9ab-6ef828886e02'),
       ('c34f6225-2032-46cf-80fa-ce64a7fb3099', '2023-09-01 15:35', '2023-09-01 19:46', 0,
        '7f0f6f09-c783-4c97-a9ab-6ef828886e02'),
       ('c60a5a96-db43-4fef-9beb-8c28d48dd1c8', '2023-05-01 16:15', '2023-05-01 20:59', 4,
        '7f0f6f09-c783-4c97-a9ab-6ef828886e02'),
       ('87999cdb-ba74-424a-9591-c4fa7cbe3d04', '2023-03-11 12:08', '2023-03-11 16:18', 1,
        '7f0f6f09-c783-4c97-a9ab-6ef828886e02'),
       ('049368f8-a0a2-43f2-b547-b0fb2485b2ee', '2023-02-12 14:40', '2023-02-12 18:30', 0,
        '7f0f6f09-c783-4c97-a9ab-6ef828886e02'),
       ('3ea039c0-40b9-43c4-a15d-5dadb0151428', '2023-11-19 17:43', '2023-11-19 21:54', 5,
        '7f0f6f09-c783-4c97-a9ab-6ef828886e02'),
       ('d2dd9200-0c88-4e7b-b584-a41095be2a36', '2023-07-02 11:16', '2023-07-02 15:40', 4,
        '7f0f6f09-c783-4c97-a9ab-6ef828886e02'),
       ('d4c3cc26-18d4-47c0-8389-fcf981c9b827', '2023-01-11 17:05', '2023-01-11 21:08', 5,
        '7f0f6f09-c783-4c97-a9ab-6ef828886e02'),
       ('15564d81-67bc-4dd4-a5e9-463fd5ead2c2', '2023-07-22 12:31', '2023-07-22 16:49', 2,
        '302ec8d1-0ce6-4c9c-9019-ddec3ef8c94a'),
       ('2c02c3cb-2fd0-48cf-9bbf-8411528dd496', '2023-05-14 14:16', '2023-05-14 18:26', 4,
        '302ec8d1-0ce6-4c9c-9019-ddec3ef8c94a'),
       ('58a92978-90f6-4e43-b7d1-859bf9fe730b', '2023-08-05 13:06', '2023-08-05 17:51', 0,
        '302ec8d1-0ce6-4c9c-9019-ddec3ef8c94a'),
       ('efb2ba1e-f015-4859-9720-bde132b3ce42', '2023-01-05 18:24', '2023-01-05 22:27', 3,
        '302ec8d1-0ce6-4c9c-9019-ddec3ef8c94a'),
       ('7661d579-f282-4b8f-afeb-8410096fb71d', '2023-04-07 15:38', '2023-04-07 19:31', 1,
        '302ec8d1-0ce6-4c9c-9019-ddec3ef8c94a'),
       ('4f6983ba-e195-43c0-af56-9887725dfcc4', '2023-04-11 11:37', '2023-04-11 15:52', 5,
        '302ec8d1-0ce6-4c9c-9019-ddec3ef8c94a'),
       ('7b989161-54ad-431c-a4b7-4ae9dc53ac14', '2023-07-19 16:51', '2023-07-19 20:17', 3,
        '302ec8d1-0ce6-4c9c-9019-ddec3ef8c94a'),
       ('04631171-a49a-493d-a23c-077968577605', '2023-06-14 13:48', '2023-06-14 17:22', 4,
        '302ec8d1-0ce6-4c9c-9019-ddec3ef8c94a'),
       ('fe48acfc-0a1e-4e61-ae5e-861c4b9bb26d', '2023-06-16 15:44', '2023-06-16 19:46', 5,
        '302ec8d1-0ce6-4c9c-9019-ddec3ef8c94a'),
       ('2d9ee1df-02e8-44b0-a6b5-5609d0bde971', '2023-09-13 16:12', '2023-09-13 20:50', 2,
        '302ec8d1-0ce6-4c9c-9019-ddec3ef8c94a'),
       ('e274a6eb-7774-4278-8006-417939d75525', '2023-01-15 12:10', '2023-01-15 16:23', 4,
        'a78011d5-078c-42b6-ba87-bae871fa7263'),
       ('1ea03451-7cd9-4001-8418-ae5a2af5a0c4', '2023-06-24 17:00', '2023-06-24 21:06', 4,
        'a78011d5-078c-42b6-ba87-bae871fa7263'),
       ('d993f7a5-b517-472d-80b4-b9e919a573a3', '2023-09-18 16:20', '2023-09-18 20:40', 4,
        'a78011d5-078c-42b6-ba87-bae871fa7263'),
       ('3c7df115-dac6-450a-99aa-caa5f5c296b9', '2023-07-18 14:42', '2023-07-18 18:34', 2,
        'a78011d5-078c-42b6-ba87-bae871fa7263'),
       ('92d7fa9a-cb55-42e3-aedb-328c59e7a691', '2023-09-14 17:21', '2023-09-14 21:24', 2,
        'a78011d5-078c-42b6-ba87-bae871fa7263'),
       ('d74015c0-cc74-4d6d-81f6-0dc591dfded9', '2023-02-27 14:38', '2023-02-27 18:22', 0,
        'a78011d5-078c-42b6-ba87-bae871fa7263'),
       ('73706e99-7dbc-44cb-b280-016a9714e6e2', '2023-12-21 18:05', '2023-12-21 22:43', 1,
        'a78011d5-078c-42b6-ba87-bae871fa7263'),
       ('797e5c4d-5d4e-4584-b7f3-ea93e741b155', '2023-06-05 12:24', '2023-06-05 16:47', 1,
        'a78011d5-078c-42b6-ba87-bae871fa7263'),
       ('97981f90-9948-4dd8-9317-a68571cd0dd1', '2023-01-24 17:58', '2023-01-24 21:51', 3,
        'a78011d5-078c-42b6-ba87-bae871fa7263'),
       ('2827c649-c6e0-4b73-9a69-b3be6222cdf5', '2023-09-27 14:37', '2023-09-27 18:54', 2,
        'a78011d5-078c-42b6-ba87-bae871fa7263'),
       ('5d86b70f-07d6-4676-9beb-994f8fd684a0', '2023-01-08 11:17', '2023-01-08 15:35', 0,
        '1c36e29c-5bba-4e9b-913e-74738c65d687'),
       ('518186b0-5e78-4c8a-9427-8aebf67f5cff', '2023-11-13 15:38', '2023-11-13 19:56', 4,
        '1c36e29c-5bba-4e9b-913e-74738c65d687'),
       ('baa2f2e9-7dc3-4cc9-979e-24f0487c8eee', '2023-06-11 14:10', '2023-06-11 18:29', 3,
        '1c36e29c-5bba-4e9b-913e-74738c65d687'),
       ('11339250-8751-4d45-b46e-1f7d4dbb0993', '2023-08-19 16:32', '2023-08-19 20:18', 4,
        '1c36e29c-5bba-4e9b-913e-74738c65d687'),
       ('e35e3a37-1710-4b19-a2a8-6ad18db2ae25', '2023-10-04 16:56', '2023-10-04 20:36', 1,
        '1c36e29c-5bba-4e9b-913e-74738c65d687'),
       ('848e90cc-be83-4b31-8375-710237b63f32', '2023-05-06 15:41', '2023-05-06 19:47', 5,
        '1c36e29c-5bba-4e9b-913e-74738c65d687'),
       ('d9ee0e25-0f45-46b5-83e5-02e55ed1bdbb', '2023-12-02 18:38', '2023-12-02 22:02', 0,
        '1c36e29c-5bba-4e9b-913e-74738c65d687'),
       ('72e40007-a2b8-44a3-9807-e647d01cc078', '2023-07-25 14:12', '2023-07-25 18:12', 0,
        '1c36e29c-5bba-4e9b-913e-74738c65d687'),
       ('f19aff56-188e-4603-86bd-7f12851f3bbd', '2023-04-27 12:21', '2023-04-27 16:57', 5,
        '1c36e29c-5bba-4e9b-913e-74738c65d687'),
       ('0e611894-a1b9-4efe-acac-e499ab620784', '2023-04-28 18:01', '2023-04-28 22:20', 5,
        '1c36e29c-5bba-4e9b-913e-74738c65d687'),
       ('b9695205-7bf6-498f-9307-475d36a1cd54', '2023-12-12 11:15', '2023-12-12 15:30', 2,
        'df07bf85-e66a-4947-98aa-7a3a9863d7a7'),
       ('90d87d1d-f1af-4bb5-84b4-70b6274e4288', '2023-10-22 14:56', '2023-10-22 18:45', 5,
        'df07bf85-e66a-4947-98aa-7a3a9863d7a7'),
       ('e64e3865-93f6-481c-97c3-57e3703639f2', '2023-03-03 16:02', '2023-03-03 20:19', 5,
        'df07bf85-e66a-4947-98aa-7a3a9863d7a7'),
       ('66082673-400b-4d64-b434-6b12f9963db4', '2023-03-13 11:49', '2023-03-13 15:17', 2,
        'df07bf85-e66a-4947-98aa-7a3a9863d7a7'),
       ('7661a371-3cb9-4467-bd69-752bceddb418', '2023-12-19 17:49', '2023-12-19 21:11', 3,
        'df07bf85-e66a-4947-98aa-7a3a9863d7a7'),
       ('12e72d9f-da7f-48bb-b209-13cb706823ae', '2023-02-15 11:52', '2023-02-15 15:39', 5,
        'df07bf85-e66a-4947-98aa-7a3a9863d7a7'),
       ('183fea3a-dd96-454b-a721-665362a9b304', '2023-09-17 18:23', '2023-09-17 22:02', 3,
        'df07bf85-e66a-4947-98aa-7a3a9863d7a7'),
       ('5d115827-bc10-44a0-b16c-2b995aa206be', '2023-12-08 17:49', '2023-12-08 21:09', 2,
        'df07bf85-e66a-4947-98aa-7a3a9863d7a7'),
       ('7bba0a1d-fe89-4b6e-a65e-be8f63384f5e', '2023-06-17 15:15', '2023-06-17 19:58', 4,
        'df07bf85-e66a-4947-98aa-7a3a9863d7a7'),
       ('d1c3eb60-e595-4fa1-9c5b-724bba89a180', '2023-03-27 11:12', '2023-03-27 15:35', 3,
        'df07bf85-e66a-4947-98aa-7a3a9863d7a7'),
       ('aaf24938-173f-45f8-b66f-8c8216793486', '2023-06-10 15:42', '2023-06-10 19:11', 2,
        '37c63d84-92ab-4c7e-a11d-525ca6f39199'),
       ('191b6a29-a2ec-47f8-bb7c-1c54ccf8368c', '2023-07-14 14:44', '2023-07-14 18:34', 4,
        '37c63d84-92ab-4c7e-a11d-525ca6f39199'),
       ('037fc4d7-6715-4281-9ea1-5f38da87b33e', '2023-05-28 15:36', '2023-05-28 19:04', 3,
        '37c63d84-92ab-4c7e-a11d-525ca6f39199'),
       ('8e99ddf8-8877-4f6d-8a36-ccd501e1316e', '2023-03-19 13:20', '2023-03-19 17:40', 5,
        '37c63d84-92ab-4c7e-a11d-525ca6f39199'),
       ('301aae74-14e1-481e-9c55-833fcb590975', '2023-01-23 13:25', '2023-01-23 17:15', 5,
        '37c63d84-92ab-4c7e-a11d-525ca6f39199'),
       ('3e86e7e5-34fb-4c5e-a216-f79d70e714e1', '2023-08-25 18:50', '2023-08-25 22:22', 0,
        '37c63d84-92ab-4c7e-a11d-525ca6f39199'),
       ('3e983eec-fd5b-4450-b437-a060fb4abbac', '2023-05-24 17:20', '2023-05-24 21:03', 2,
        '37c63d84-92ab-4c7e-a11d-525ca6f39199'),
       ('10dc5446-6933-4b0b-be14-dcb35899a6cd', '2023-06-24 13:11', '2023-06-24 17:14', 2,
        '37c63d84-92ab-4c7e-a11d-525ca6f39199'),
       ('ecb2a52f-e111-4d08-8186-a5d62e1c5d78', '2023-10-20 11:53', '2023-10-20 15:45', 0,
        '37c63d84-92ab-4c7e-a11d-525ca6f39199'),
       ('20ed0556-a16e-4932-91f4-0f112d3647df', '2023-01-18 14:48', '2023-01-18 18:37', 1,
        '37c63d84-92ab-4c7e-a11d-525ca6f39199'),
       ('064341e8-99d6-45e3-811f-230571f7be56', '2023-09-09 15:52', '2023-09-09 19:54', 3,
        'c6368878-3766-4426-a9e5-1c29f52d928e'),
       ('4fb35a9d-a238-4f4e-8876-3ffd1c5e4140', '2023-08-21 17:11', '2023-08-21 21:09', 5,
        'c6368878-3766-4426-a9e5-1c29f52d928e'),
       ('fadd62a5-18be-4e6d-8b7c-86a9b4d13cfe', '2023-06-08 16:11', '2023-06-08 20:59', 5,
        'c6368878-3766-4426-a9e5-1c29f52d928e'),
       ('ce387bd5-b63a-4954-86c4-3de796da2727', '2023-02-09 12:34', '2023-02-09 16:50', 1,
        'c6368878-3766-4426-a9e5-1c29f52d928e'),
       ('527ffd56-7cec-46eb-87d3-9e81b6da1ed1', '2023-11-19 16:05', '2023-11-19 20:43', 1,
        'c6368878-3766-4426-a9e5-1c29f52d928e'),
       ('eafd7afb-c09f-45da-890c-b48d8e8ffde8', '2023-12-16 15:54', '2023-12-16 19:18', 1,
        'c6368878-3766-4426-a9e5-1c29f52d928e'),
       ('77f21880-70f7-44bc-b81d-c494f59b90fb', '2023-02-17 14:28', '2023-02-17 18:38', 4,
        'c6368878-3766-4426-a9e5-1c29f52d928e'),
       ('f3492a13-846e-4e14-8d41-10f32eaebe42', '2023-04-24 15:04', '2023-04-24 19:15', 4,
        'c6368878-3766-4426-a9e5-1c29f52d928e'),
       ('00b57194-c90a-4be8-8289-4ddee2cea9f1', '2023-02-21 17:50', '2023-02-21 21:09', 4,
        'c6368878-3766-4426-a9e5-1c29f52d928e'),
       ('aa5e06af-7f3e-4775-ba53-324042decdae', '2023-10-06 11:11', '2023-10-06 15:19', 2,
        'c6368878-3766-4426-a9e5-1c29f52d928e');