INSERT INTO USERS (ID, NAME, CPF, BIRTH_DAY, EMAIL, ENABLED, PASSWORD, PHONE, ROLE, CONDOMINIUM_PRICE, APARTMENT_NUMBER)
VALUES ('df692b2b-da0f-4c2a-897a-dba7cead677e', 'Igor Alves', '47776777777', '1975-07-14',
        'IgorAlves@outlook.com', TRUE, '4044',
        '+55 (071) 0363 1073', 0, 1160.14, '0A'),
       ('a4104a7f-7769-4933-85f5-28f3933624ce', 'Davi Lucas Castro Moura', '45681326497', '1971-10-06',
        'Davi LucasC1260@live.com', TRUE, '$2a$10$2yUouMI5tyVZHDNz0dIiyuxQF2BnX.Kmt/Q6D5W/FBKs/3s/ZOeKe',
        '+55 84 5062 7229', 0, 1933.57, '1B'),
       ('b8e70dda-0e66-42f5-823f-1da2a36e6915', 'Emilly Jesus Cardoso', '05337180827', '1972-03-22',
        'EmillyJ1748@live.com', TRUE, '$2a$10$2yUouMI5tyVZHDNz0dIiyuxQF2BnX.Kmt/Q6D5W/FBKs/3s/ZOeKe',
        '+55 (061) 3596 5773', 0, 1583.78, '2B'),
       ('b2261968-8eaf-40a5-8d2f-965dd3bb54e7', 'Luiz Felipe Almeida Nogueira', '77285474029', '1987-06-24',
        'Luiz FelipeA1333@hotmail.com', TRUE, '$2a$10$2yUouMI5tyVZHDNz0dIiyuxQF2BnX.Kmt/Q6D5W/FBKs/3s/ZOeKe',
        '71 3203-3931', 0, 1904.97, '3C'),
       ('1c17fbe1-c45c-4686-80c4-a18a5007477c', 'Calebe Cavalcanti Oliveira', '78504872572', '1975-10-19',
        'CalebeC1774@outlook.com', TRUE, '$2a$10$2yUouMI5tyVZHDNz0dIiyuxQF2BnX.Kmt/Q6D5W/FBKs/3s/ZOeKe',
        '+55 (071) 8816 1593', 0, 1957.84, '4A'),
       ('940db052-4c99-426b-9c33-35a5ed8eba7d', 'Isabella Ferreira da Cunha', '49292337556', '1975-04-23',
        'IsabellaF1349@gmail.com', TRUE, '$2a$10$2yUouMI5tyVZHDNz0dIiyuxQF2BnX.Kmt/Q6D5W/FBKs/3s/ZOeKe',
        '+55 84 5218 7684', 0, 1803.94, '5A'),
       ('1d7600ad-cce4-417b-9d52-4471ff00e375', 'Lorenzo da Paz Martins', '54806535044', '1985-08-13',
        'LorenzoD1572@outlook.com', TRUE, '$2a$10$2yUouMI5tyVZHDNz0dIiyuxQF2BnX.Kmt/Q6D5W/FBKs/3s/ZOeKe',
        '+55 (011) 1097 6090', 0, 1010.96, '6B'),
       ('ca6f7497-b460-4db9-a004-51fcf29b75da', 'Danilo Castro Alves', '08254286965', '1993-08-11',
        'DaniloC1186@hotmail.com', TRUE, '$2a$10$2yUouMI5tyVZHDNz0dIiyuxQF2BnX.Kmt/Q6D5W/FBKs/3s/ZOeKe', '61 9414 0340',
        0, 1391.97, '7A'),
       ('e94b9e9f-543d-476b-8fa1-cb157ba68ae1', 'Benjamin Alves Silveira', '24635593223', '1978-08-25',
        'BenjaminA1518@gmail.com', TRUE, '$2a$10$2yUouMI5tyVZHDNz0dIiyuxQF2BnX.Kmt/Q6D5W/FBKs/3s/ZOeKe', '21 0728 9224',
        0, 1376.38, '8A'),
       ('f972aa92-b6e1-4de5-9975-1b12639486f5', 'Carolina Rocha Dias', '17536463162', '1979-10-12',
        'CarolinaR1619@hotmail.com', TRUE, '$2a$10$2yUouMI5tyVZHDNz0dIiyuxQF2BnX.Kmt/Q6D5W/FBKs/3s/ZOeKe',
        '41 2664 8249', 0, 1909.78, '9A'),
       ('675b1f0b-b8e3-49a1-b179-cae0f7588309', 'Eduarda Aragão Teixeira', '93345472600', '1986-05-20',
        'EduardaA1809@live.com', TRUE, '$2a$10$2yUouMI5tyVZHDNz0dIiyuxQF2BnX.Kmt/Q6D5W/FBKs/3s/ZOeKe',
        '(031) 1845 4329', 0, 1610.05, '10C'),
       ('efd51116-2338-47f1-babc-b2ae1b8eabf0', 'João Miguel Lopes Ferreira', '80674124138', '1975-01-25',
        'João MiguelL1379@outlook.com', TRUE, '$2a$10$2yUouMI5tyVZHDNz0dIiyuxQF2BnX.Kmt/Q6D5W/FBKs/3s/ZOeKe',
        '+55 11 0665-1084', 0, 1018.09, '11C'),
       ('bffefd5c-3775-462b-af52-ea37e5fe419b', 'Maria Eduarda Porto Castro', '94633030655', '1986-06-25',
        'Maria EduardaP1042@outlook.com', TRUE, '$2a$10$2yUouMI5tyVZHDNz0dIiyuxQF2BnX.Kmt/Q6D5W/FBKs/3s/ZOeKe',
        '41 1667 3821', 0, 1232.3, '12C'),
       ('42b3ddbe-02bb-4f01-a2a3-fbaec9c3393a', 'Felipe Peixoto Jesus', '52579902457', '1985-07-15',
        'FelipeP1906@outlook.com', TRUE, '$2a$10$2yUouMI5tyVZHDNz0dIiyuxQF2BnX.Kmt/Q6D5W/FBKs/3s/ZOeKe',
        '+55 (021) 5821-4777', 0, 1166.34, '13A'),
       ('3ad7ee62-11b2-4965-acbd-622dc58128bd', 'Luiz Fernando Rocha Moura', '64811808991', '1985-01-19',
        'Luiz FernandoR1184@live.com', TRUE, '$2a$10$2yUouMI5tyVZHDNz0dIiyuxQF2BnX.Kmt/Q6D5W/FBKs/3s/ZOeKe',
        '+55 (071) 5377-3703', 0, 1924.43, '14C'),
       ('236aadbf-718b-4287-95cc-96bdc237e46f', 'Joaquim Moura Azevedo', '68207654953', '1997-02-26',
        'JoaquimM1097@gmail.com', TRUE, '$2a$10$2yUouMI5tyVZHDNz0dIiyuxQF2BnX.Kmt/Q6D5W/FBKs/3s/ZOeKe',
        '+55 61 8033-6521', 0, 1243.99, '15B'),
       ('3ac1e637-5254-4621-bf21-a6d81a9c3add', 'Stella Campos Azevedo', '13796125786', '1975-03-08',
        'StellaC1512@gmail.com', TRUE, '$2a$10$2yUouMI5tyVZHDNz0dIiyuxQF2BnX.Kmt/Q6D5W/FBKs/3s/ZOeKe',
        '+55 (011) 2261 2517', 0, 1662.85, '16C'),
       ('e594be2e-1385-4bb4-b817-3ea71a86c496', 'Nicole Monteiro Alves', '75011926346', '1970-05-20',
        'NicoleM1077@gmail.com', TRUE, '$2a$10$2yUouMI5tyVZHDNz0dIiyuxQF2BnX.Kmt/Q6D5W/FBKs/3s/ZOeKe', '21 8042 4614',
        0, 1953.62, '17A'),
       ('f0e229d7-df99-46a7-a762-d13b42dec8ec', 'Eduarda Ribeiro Oliveira', '10382272404', '1993-12-25',
        'EduardaR1907@gmail.com', TRUE, '$2a$10$2yUouMI5tyVZHDNz0dIiyuxQF2BnX.Kmt/Q6D5W/FBKs/3s/ZOeKe', '84 9204 8226',
        0, 1771.31, '18A'),
       ('0269722d-4937-4ec2-86b4-06a08143be94', 'Gustavo Henrique Porto Nascimento', '17510218667', '1976-07-23',
        'Gustavo HenriqueP1869@live.com', TRUE, '$2a$10$2yUouMI5tyVZHDNz0dIiyuxQF2BnX.Kmt/Q6D5W/FBKs/3s/ZOeKe',
        '+55 84 8462 0187', 0, 1560.6, '19C'),
       ('2113f734-ad2c-4420-a463-02d1ecb98748', 'Fernanda da Mata Oliveira', '90523920130', '1992-06-24',
        'FernandaD1572@hotmail.com', TRUE, '$2a$10$2yUouMI5tyVZHDNz0dIiyuxQF2BnX.Kmt/Q6D5W/FBKs/3s/ZOeKe',
        '71 6664-8462', 0, 1299.85, '20C'),
       ('c1f824e1-408e-416a-872d-025f6c02cee3', 'Cauã Aragão da Mata', '46845127620', '1993-06-10',
        'CauãA1169@outlook.com', TRUE, '$2a$10$2yUouMI5tyVZHDNz0dIiyuxQF2BnX.Kmt/Q6D5W/FBKs/3s/ZOeKe',
        '(011) 7573-5030', 0, 1489.96, '21B'),
       ('92e41fc4-4e83-4d0f-9bd1-2bcd29f809b9', 'Laís Oliveira Correia', '11735188867', '1988-07-19',
        'LaísO1828@outlook.com', TRUE, '$2a$10$2yUouMI5tyVZHDNz0dIiyuxQF2BnX.Kmt/Q6D5W/FBKs/3s/ZOeKe',
        '+55 (041) 5027 3192', 0, 1422.73, '22A'),
       ('645ad992-75f0-4dab-8579-934d10fc8712', 'Paulo Correia Moraes', '35079452668', '1987-07-14',
        'PauloC1751@gmail.com', TRUE, '$2a$10$2yUouMI5tyVZHDNz0dIiyuxQF2BnX.Kmt/Q6D5W/FBKs/3s/ZOeKe',
        '+55 (071) 1991-8789', 0, 1384.64, '23B'),
       ('3649dfef-75ff-4e17-9645-c87570ea1fc6', 'Rafael Porto da Cunha', '42696136882', '1992-04-02',
        'RafaelP1884@live.com', TRUE, '$2a$10$2yUouMI5tyVZHDNz0dIiyuxQF2BnX.Kmt/Q6D5W/FBKs/3s/ZOeKe',
        '+55 51 0311 3854', 0, 1609.19, '24A'),
       ('fc7ab035-2172-4c5c-8448-91a478ef7698', 'Camila Oliveira Nunes', '92484852355', '1971-10-06',
        'CamilaO1309@gmail.com', TRUE, '$2a$10$2yUouMI5tyVZHDNz0dIiyuxQF2BnX.Kmt/Q6D5W/FBKs/3s/ZOeKe',
        '+55 (051) 1225 6889', 0, 1957.94, '25C'),
       ('a5958b85-6dc2-4522-99f1-6f8ab855e8a8', 'Igor Mendes Moraes', '73159298515', '1974-10-23',
        'IgorM1373@gmail.com', TRUE, '$2a$10$2yUouMI5tyVZHDNz0dIiyuxQF2BnX.Kmt/Q6D5W/FBKs/3s/ZOeKe', '71 1253-9792', 0,
        1165.92, '26A'),
       ('da57bca7-55ad-449a-826f-6fa677455894', 'Davi Lucca Fernandes Monteiro', '90918977401', '1987-03-07',
        'Davi LuccaF1192@live.com', TRUE, '$2a$10$2yUouMI5tyVZHDNz0dIiyuxQF2BnX.Kmt/Q6D5W/FBKs/3s/ZOeKe',
        '41 0729 8631', 0, 1140.71, '27B'),
       ('aadfb41e-7778-4e0d-9044-7112c7aff7b2', 'Marcelo da Conceição Barros', '98054971435', '1992-05-07',
        'MarceloD1165@hotmail.com', TRUE, '$2a$10$2yUouMI5tyVZHDNz0dIiyuxQF2BnX.Kmt/Q6D5W/FBKs/3s/ZOeKe',
        '(021) 0448 8887', 0, 1129.34, '28C'),
       ('3b3031c0-1c22-4b55-b34f-8011c7aaee7a', 'Pedro Lucas Barros Almeida', '29908754335', '1981-08-12',
        'Pedro LucasB1377@outlook.com', TRUE, '$2a$10$2yUouMI5tyVZHDNz0dIiyuxQF2BnX.Kmt/Q6D5W/FBKs/3s/ZOeKe',
        '+55 81 8969-1950', 0, 1541.28, '29C'),
       ('3aed4565-be46-4cf1-b72c-17f6c9ffe440', 'Carolina Aragão Cunha', '31533508097', '1977-12-03',
        'CarolinaA1221@hotmail.com', TRUE, '$2a$10$2yUouMI5tyVZHDNz0dIiyuxQF2BnX.Kmt/Q6D5W/FBKs/3s/ZOeKe',
        '61 4282-1110', 0, 1002.37, '30A'),
       ('283ecaa4-bb9f-4a92-93cf-2870bcaad54b', 'Ana Clara Monteiro Porto', '30966086600', '1989-11-20',
        'Ana ClaraM1868@gmail.com', TRUE, '$2a$10$2yUouMI5tyVZHDNz0dIiyuxQF2BnX.Kmt/Q6D5W/FBKs/3s/ZOeKe',
        '71 6078 2238', 0, 1687.3, '31B'),
       ('7b34744f-34cf-49d1-a9bc-f540300eeb60', 'Isabel Lima Ferreira', '16060990860', '1990-09-23',
        'IsabelL1077@gmail.com', TRUE, '$2a$10$2yUouMI5tyVZHDNz0dIiyuxQF2BnX.Kmt/Q6D5W/FBKs/3s/ZOeKe',
        '+55 (084) 8592-1066', 0, 1065.53, '32A'),
       ('b2c0f84d-80ab-4ce2-9d76-5c8d82375844', 'Ana Vitória Costela Carvalho', '37626869044', '1987-06-01',
        'Ana VitóriaC1029@gmail.com', TRUE, '$2a$10$2yUouMI5tyVZHDNz0dIiyuxQF2BnX.Kmt/Q6D5W/FBKs/3s/ZOeKe',
        '(084) 4859-8093', 0, 1622.76, '33A'),
       ('ca08a793-4ff5-422f-ad2c-b53c14ed3c29', 'Augusto Moreira Rezende', '37750419071', '1972-11-25',
        'AugustoM1544@outlook.com', TRUE, '$2a$10$2yUouMI5tyVZHDNz0dIiyuxQF2BnX.Kmt/Q6D5W/FBKs/3s/ZOeKe',
        '(021) 5478-6714', 0, 1304.54, '34C'),
       ('4237ca88-1cc1-4226-8849-f2d77ecfb0fe', 'Daniel Vieira Rocha', '00516730614', '1986-11-12',
        'DanielV1069@hotmail.com', TRUE, '$2a$10$2yUouMI5tyVZHDNz0dIiyuxQF2BnX.Kmt/Q6D5W/FBKs/3s/ZOeKe',
        '+55 84 4375 6422', 0, 1931.0, '35A'),
       ('2034cad8-0f78-4e46-9718-cd48a18cce8d', 'Maria Araújo Vieira', '83127639295', '1983-08-09',
        'MariaA1422@outlook.com', TRUE, '$2a$10$2yUouMI5tyVZHDNz0dIiyuxQF2BnX.Kmt/Q6D5W/FBKs/3s/ZOeKe',
        '+55 81 6270-2030', 0, 1308.25, '36B'),
       ('3e5fb29a-cdfe-4321-a39f-7e085eb6e8a3', 'Giovanna Nunes Barbosa', '25549895595', '1982-09-19',
        'GiovannaN1550@hotmail.com', TRUE, '$2a$10$2yUouMI5tyVZHDNz0dIiyuxQF2BnX.Kmt/Q6D5W/FBKs/3s/ZOeKe',
        '+55 71 8954 8210', 0, 1212.23, '37C'),
       ('92435e1e-f7fe-4ad5-9681-2ef77df0c82a', 'Ana Vitória Oliveira Lopes', '84013633736', '1982-09-16',
        'Ana VitóriaO1656@gmail.com', TRUE, '$2a$10$2yUouMI5tyVZHDNz0dIiyuxQF2BnX.Kmt/Q6D5W/FBKs/3s/ZOeKe',
        '(084) 8176-8621', 0, 1656.85, '38B'),
       ('1312f5d8-d3dc-412c-b23b-4cd5f4315947', 'Vitor Melo Ramos', '03802976983', '1974-06-02',
        'VitorM1895@hotmail.com', TRUE, '$2a$10$2yUouMI5tyVZHDNz0dIiyuxQF2BnX.Kmt/Q6D5W/FBKs/3s/ZOeKe',
        '(084) 3037-6445', 0, 1870.02, '39C'),
       ('ba49f634-2320-48cf-9003-55dd4ae25255', 'Kaique Nascimento Novaes', '94651597351', '1988-05-02',
        'KaiqueN1862@hotmail.com', TRUE, '$2a$10$2yUouMI5tyVZHDNz0dIiyuxQF2BnX.Kmt/Q6D5W/FBKs/3s/ZOeKe',
        '(041) 4475 2889', 0, 1567.39, '40B'),
       ('db093ade-a585-49c6-b68d-1b71e6906206', 'Isabel Moura Pereira', '65682810260', '1977-03-18',
        'IsabelM1608@live.com', TRUE, '$2a$10$2yUouMI5tyVZHDNz0dIiyuxQF2BnX.Kmt/Q6D5W/FBKs/3s/ZOeKe', '51 7681 2920', 0,
        1583.06, '41B'),
       ('9a1bb325-c4a2-4ed8-892f-2524848c6040', 'Vinicius Vieira Farias', '46165261418', '1996-07-10',
        'ViniciusV1226@hotmail.com', TRUE, '$2a$10$2yUouMI5tyVZHDNz0dIiyuxQF2BnX.Kmt/Q6D5W/FBKs/3s/ZOeKe',
        '0800-540-3812', 0, 1590.84, '42C'),
       ('72291203-aba4-4655-acb9-5a030345a12c', 'Olivia Gomes da Paz', '28444071889', '1984-05-26',
        'OliviaG1225@gmail.com', TRUE, '$2a$10$2yUouMI5tyVZHDNz0dIiyuxQF2BnX.Kmt/Q6D5W/FBKs/3s/ZOeKe',
        '+55 (081) 7890-8000', 0, 1792.2, '43A'),
       ('f124ddbb-9403-42b2-b0d1-b2a1f732e663', 'Felipe Fogaça Costa', '44937717049', '1989-10-08',
        'FelipeF1099@live.com', TRUE, '$2a$10$2yUouMI5tyVZHDNz0dIiyuxQF2BnX.Kmt/Q6D5W/FBKs/3s/ZOeKe', '0800 069 7437',
        0, 1495.31, '44B'),
       ('eb80212c-f399-4357-86d6-c4aa6777327c', 'Giovanna Freitas Sales', '123', '1970-10-06',
        'GiovannaF1086@hotmail.com', TRUE, '$2a$10$2yUouMI5tyVZHDNz0dIiyuxQF2BnX.Kmt/Q6D5W/FBKs/3s/ZOeKe',
        '21 2727-3145', 0, 1918.33, '45C'),
       ('ae123d8c-c638-41d5-8f2d-ec149d3db7a6', 'Milena da Cruz Almeida', '48265141157', '1981-09-21',
        'MilenaD1367@hotmail.com', TRUE, '$2a$10$2yUouMI5tyVZHDNz0dIiyuxQF2BnX.Kmt/Q6D5W/FBKs/3s/ZOeKe',
        '+55 (031) 5581-5979', 0, 1435.53, '46B'),
       ('b334cbcb-31dc-4820-a364-6f78a9abf07b', 'Noah Mendes Rezende', '58116707965', '1973-09-20',
        'NoahM1041@outlook.com', TRUE, '$2a$10$2yUouMI5tyVZHDNz0dIiyuxQF2BnX.Kmt/Q6D5W/FBKs/3s/ZOeKe',
        '+55 11 6362 4075', 0, 1241.43, '47C'),
       ('a8c3be8e-b8a9-4426-9683-4e917f52710c', 'Isabella Araújo Duarte', '82784147428', '1985-05-27',
        'IsabellaA1646@live.com', TRUE, '$2a$10$2yUouMI5tyVZHDNz0dIiyuxQF2BnX.Kmt/Q6D5W/FBKs/3s/ZOeKe',
        '(061) 4511-8659', 0, 1654.66, '48A'),
       ('5bb478cb-871a-487d-90cf-626e5384e30f', 'Lucas Rocha da Conceição', '59662887121', '1984-01-13',
        'LucasR1729@hotmail.com', TRUE, '$2a$10$2yUouMI5tyVZHDNz0dIiyuxQF2BnX.Kmt/Q6D5W/FBKs/3s/ZOeKe', '51 4511 3801',
        0, 1334.55, '49C'),
       ('4609d3ca-d031-4b0e-b414-c4d66fddab1a', 'Lucas Gabriel Ramos da Cunha', '20063545667', '1981-07-01',
        'Lucas GabrielR1588@live.com', TRUE, '$2a$10$2yUouMI5tyVZHDNz0dIiyuxQF2BnX.Kmt/Q6D5W/FBKs/3s/ZOeKe',
        '+55 41 1109-4689', 0, 1460.03, '50C'),
       ('7f4d712e-27d8-4559-99a5-12986fd17b33', 'Ana Vitória Lima Gomes', '41980490333', '1974-09-16',
        'Ana VitóriaL1293@live.com', TRUE, '$2a$10$2yUouMI5tyVZHDNz0dIiyuxQF2BnX.Kmt/Q6D5W/FBKs/3s/ZOeKe',
        '+55 84 7911 0080', 0, 1637.3, '51A'),
       ('7a0a72ff-918d-4f69-974f-c04f40ebb0ba', 'Pedro Miguel Fogaça Moura', '83261116277', '1981-03-19',
        'Pedro MiguelF1357@live.com', TRUE, '$2a$10$2yUouMI5tyVZHDNz0dIiyuxQF2BnX.Kmt/Q6D5W/FBKs/3s/ZOeKe',
        '+55 (061) 0410 1985', 0, 1620.56, '52A'),
       ('0e8c0f82-eb18-4f5f-bd3a-4f7bebbc20a3', 'Leandro Melo Fogaça', '80426079973', '1996-12-05',
        'LeandroM1324@live.com', TRUE, '$2a$10$2yUouMI5tyVZHDNz0dIiyuxQF2BnX.Kmt/Q6D5W/FBKs/3s/ZOeKe',
        '+55 (051) 9142 7216', 0, 1235.46, '53C'),
       ('83aa327d-a4a9-4a6e-a76b-8f37533572a3', 'Ana Monteiro Freitas', '67639904056', '1973-05-12',
        'AnaM1524@gmail.com', TRUE, '$2a$10$2yUouMI5tyVZHDNz0dIiyuxQF2BnX.Kmt/Q6D5W/FBKs/3s/ZOeKe',
        '+55 (071) 9922 2653', 0, 1771.93, '54B'),
       ('15190c12-af81-488e-9e59-b9c9b0d66b35', 'Beatriz Vieira Moura', '89131987389', '1977-04-16',
        'BeatrizV1594@gmail.com', TRUE, '$2a$10$2yUouMI5tyVZHDNz0dIiyuxQF2BnX.Kmt/Q6D5W/FBKs/3s/ZOeKe',
        '+55 (041) 9305 0659', 0, 1651.48, '55B'),
       ('6aa0bfb6-435a-4d36-8f06-826b0d970980', 'Rebeca Melo Lima', '44153675423', '1992-04-14',
        'RebecaM1547@gmail.com', TRUE, '$2a$10$2yUouMI5tyVZHDNz0dIiyuxQF2BnX.Kmt/Q6D5W/FBKs/3s/ZOeKe',
        '(041) 4280 3100', 0, 1229.12, '56A'),
       ('ff7f9cf7-8000-4394-8c48-05301a2fd329', 'Rafaela Sales Santos', '23126903061', '1994-01-09',
        'RafaelaS1632@live.com', TRUE, '$2a$10$2yUouMI5tyVZHDNz0dIiyuxQF2BnX.Kmt/Q6D5W/FBKs/3s/ZOeKe',
        '+55 (031) 5790 8489', 0, 1540.8, '57C'),
       ('d979f6c5-43c3-4847-88c9-c52ad732633b', 'Sophia Oliveira Cardoso', '95886175296', '1970-06-05',
        'SophiaO1683@live.com', TRUE, '$2a$10$2yUouMI5tyVZHDNz0dIiyuxQF2BnX.Kmt/Q6D5W/FBKs/3s/ZOeKe',
        '+55 (011) 8523-5719', 0, 1054.07, '58A'),
       ('69c99178-a742-47d7-a328-f5943a401f99', 'João Vitor Vieira Lima', '02770997815', '1991-07-21',
        'João VitorV1611@outlook.com', TRUE, '$2a$10$2yUouMI5tyVZHDNz0dIiyuxQF2BnX.Kmt/Q6D5W/FBKs/3s/ZOeKe',
        '+55 (084) 0133 9840', 0, 1837.42, '59A');



INSERT INTO VISITORS(ID, CPF, NAME, BIRTH_DAY, EMAIL, PHONE, REGISTRATION_DATE, ID_USER)
VALUES ('e222de98-63de-44aa-90b1-68a20406edce', '123', 'Valentina Farias Farias', '1993-01-22',
        'ValentinaF1386@live.com', '84 6682 1279', '2022-06-23', 'df692b2b-da0f-4c2a-897a-dba7cead677e'),
       ('5c818b4a-3136-436c-be32-b9c681b1d1e1', '17056104479', 'Amanda da Rocha Duarte', '1994-01-08',
        'AmandaD1705@hotmail.com', '81 8168-5786', '2023-02-20', 'df692b2b-da0f-4c2a-897a-dba7cead677e'),
       ('e4e66f58-0836-418d-aae0-85a203a31fdc', '50189716657', 'Mirella Caldeira Dias', '1988-09-17',
        'MirellaC1818@hotmail.com', '51 2410 0190', '2020-01-05', 'df692b2b-da0f-4c2a-897a-dba7cead677e'),
       ('b09927b0-9d12-461a-85d5-828348cdf197', '00706211790', 'Bárbara das Neves Caldeira', '1974-08-25',
        'BárbaraD1558@live.com', '+55 51 1660 9289', '2020-01-14', 'a4104a7f-7769-4933-85f5-28f3933624ce'),
       ('a704fbc2-c618-4775-9b10-5b2eadc3d956', '66559464849', 'Letícia da Rocha Araújo', '1994-12-03',
        'LetíciaD1515@hotmail.com', '(081) 2928-3166', '2021-02-22', 'a4104a7f-7769-4933-85f5-28f3933624ce'),
       ('c0355879-21c6-4f1e-b2cc-9ba2c50f8b66', '21411795725', 'Natália Vieira Rocha', '1986-10-12',
        'NatáliaV1366@live.com', '+55 (031) 6517 6878', '2022-06-21', 'a4104a7f-7769-4933-85f5-28f3933624ce'),
       ('6b917ef1-f243-4d24-b0e5-512b8e3fa8a9', '17128356533', 'Emilly Sales Gonçalves', '1970-08-21',
        'EmillyS1452@live.com', '0300-865-5857', '2022-08-02', 'b8e70dda-0e66-42f5-823f-1da2a36e6915'),
       ('ba8aedd8-d36b-4140-864c-818adf686d01', '44521513026', 'Davi Lucas Lopes da Costa', '1993-11-24',
        'Davi LucasL1495@live.com', '+55 51 2054 6157', '2022-09-26', 'b8e70dda-0e66-42f5-823f-1da2a36e6915'),
       ('8be9d9fb-3a25-4381-9dac-f67ccedcd89b', '06249090770', 'Maria Luiza Correia Pinto', '1985-01-14',
        'Maria LuizaC1966@live.com', '+55 41 6526-3348', '2021-07-24', 'b8e70dda-0e66-42f5-823f-1da2a36e6915'),
       ('30029404-105f-4027-9f63-dc1aad4faea9', '25300427055', 'Luigi Gomes Farias', '1973-06-06',
        'LuigiG1998@live.com', '+55 21 7462 4132', '2023-03-16', 'b2261968-8eaf-40a5-8d2f-965dd3bb54e7'),
       ('429c3783-ee76-4630-bfbc-a220e8a30891', '47327589910', 'Enrico Duarte Ribeiro', '1980-05-18',
        'EnricoD1108@outlook.com', '+55 51 7701 9851', '2020-02-12', 'b2261968-8eaf-40a5-8d2f-965dd3bb54e7'),
       ('14d0a90f-119f-4af5-b2bf-f8329d3c6f24', '62082909530', 'Renan Nogueira Monteiro', '1995-06-18',
        'RenanN1800@outlook.com', '+55 21 0030 3503', '2022-09-27', 'b2261968-8eaf-40a5-8d2f-965dd3bb54e7'),
       ('dee3e970-b046-4ae2-8baf-b0c9a093ecc0', '43766944444', 'Maria Vitória Cavalcanti Sales', '1992-08-21',
        'Maria VitóriaC1054@hotmail.com', '(051) 5024 5421', '2021-03-18', '1c17fbe1-c45c-4686-80c4-a18a5007477c'),
       ('e7b6a207-61e4-490f-81d5-23aba753bc5c', '81204072701', 'Valentina Carvalho da Cruz', '1987-08-10',
        'ValentinaC1882@gmail.com', '71 4270 7484', '2023-08-10', '1c17fbe1-c45c-4686-80c4-a18a5007477c'),
       ('c720a04e-43fc-48c6-8b1d-592753c6498b', '04921238294', 'Eduardo da Mata Porto', '1995-04-14',
        'EduardoD1184@live.com', '(031) 1329 3758', '2020-04-26', '1c17fbe1-c45c-4686-80c4-a18a5007477c'),
       ('62e965c1-18d0-453b-8306-c98f2095d537', '57449031949', 'Maria Porto Duarte', '1987-03-25',
        'MariaP1371@live.com', '0300-209-8509', '2021-01-15', '940db052-4c99-426b-9c33-35a5ed8eba7d'),
       ('2bcb51a8-46df-4c2a-a72b-2cfbb717f806', '30361553170', 'Benício Dias Dias', '1971-07-11',
        'BenícioD1168@outlook.com', '84 6075 6799', '2020-11-22', '940db052-4c99-426b-9c33-35a5ed8eba7d'),
       ('0d907720-6f04-452e-8efb-dc6e479cd09b', '93424127779', 'Ana Caldeira Monteiro', '1991-12-05',
        'AnaC1027@live.com', '+55 (061) 4962-7560', '2021-07-12', '940db052-4c99-426b-9c33-35a5ed8eba7d'),
       ('be75c524-419a-4791-92c1-f1ef3811446b', '97532425495', 'Ana Vitória Teixeira Silveira', '1989-10-15',
        'Ana VitóriaT1703@gmail.com', '+55 (051) 2551 5811', '2021-04-14', '1d7600ad-cce4-417b-9d52-4471ff00e375'),
       ('03c176ba-be6a-4098-b7af-b6f2ecbd2a1a', '60710485590', 'Felipe Correia Novaes', '1985-06-09',
        'FelipeC1359@hotmail.com', '0900-760-5537', '2021-02-22', '1d7600ad-cce4-417b-9d52-4471ff00e375'),
       ('8099c033-1920-4069-be93-c4a22f5f0afd', '50093739710', 'Matheus das Neves Pinto', '1975-12-13',
        'MatheusD1894@gmail.com', '41 3960 8787', '2020-06-20', '1d7600ad-cce4-417b-9d52-4471ff00e375'),
       ('a9239d9d-5917-4e69-b9e9-59c7408b7622', '13252375745', 'Yago das Neves Silva', '1995-06-07',
        'YagoD1215@gmail.com', '81 7800-5291', '2020-07-26', 'ca6f7497-b460-4db9-a004-51fcf29b75da'),
       ('7be71dfd-9ee0-4a81-b989-caee96361239', '18933178899', 'Augusto da Cunha Costa', '1990-06-03',
        'AugustoD1363@hotmail.com', '+55 41 3873 1419', '2022-02-10', 'ca6f7497-b460-4db9-a004-51fcf29b75da'),
       ('8e9ea4d7-e01d-4d80-bbc2-4cf61b2a92ec', '87346537831', 'Brenda Cavalcanti Gonçalves', '1982-11-12',
        'BrendaC1904@hotmail.com', '(041) 1610-1458', '2021-08-10', 'ca6f7497-b460-4db9-a004-51fcf29b75da'),
       ('e1e17043-6e4c-4e1f-9c17-589b98f9a211', '24683574349', 'Pedro Miguel Rezende Lima', '1977-03-09',
        'Pedro MiguelR1201@hotmail.com', '(011) 4347-0797', '2023-01-05', 'e94b9e9f-543d-476b-8fa1-cb157ba68ae1'),
       ('df420cb6-efe1-4b57-befa-bb0217284384', '00193852187', 'Diego Vieira Teixeira', '1997-03-16',
        'DiegoV1340@live.com', '71 2250 4280', '2022-08-05', 'e94b9e9f-543d-476b-8fa1-cb157ba68ae1'),
       ('023140b0-8fa7-40fe-8a2c-58a9c6c35d0a', '94639346506', 'Bruno Pereira Correia', '1972-12-19',
        'BrunoP1111@live.com', '+55 11 4200 5456', '2021-05-08', 'e94b9e9f-543d-476b-8fa1-cb157ba68ae1'),
       ('8bb3f31e-4758-48f9-9838-4e2d4eda6abb', '72335851055', 'Kevin Dias da Rosa', '1981-03-06',
        'KevinD1703@outlook.com', '+55 41 4415 0208', '2021-03-06', 'f972aa92-b6e1-4de5-9975-1b12639486f5'),
       ('3f09b5be-5e70-400a-af13-14b735ae41f4', '98644576160', 'Renan Caldeira Nunes', '1996-08-22',
        'RenanC1318@outlook.com', '0300-674-9591', '2023-04-01', 'f972aa92-b6e1-4de5-9975-1b12639486f5'),
       ('e9d0983a-40de-4657-8ca1-b1420ffead59', '04491485640', 'Letícia Almeida Cunha', '1976-03-27',
        'LetíciaA1384@gmail.com', '0300 267 7631', '2022-09-02', 'f972aa92-b6e1-4de5-9975-1b12639486f5'),
       ('7cb36a52-4579-4b40-9e58-c9ddff657a5f', '60612427943', 'Eduarda Nogueira Cavalcanti', '1981-06-07',
        'EduardaN1340@gmail.com', '(021) 2435 3771', '2021-10-04', '675b1f0b-b8e3-49a1-b179-cae0f7588309'),
       ('4a9490db-64e6-4692-9383-f2f3d1134092', '62587146925', 'Júlia Mendes Lopes', '1993-10-20',
        'JúliaM1016@outlook.com', '51 5133 6769', '2020-12-04', '675b1f0b-b8e3-49a1-b179-cae0f7588309'),
       ('665c2ab8-7d2e-42f6-bf64-802c6688fb0c', '26672574050', 'Sabrina Farias Campos', '1981-05-14',
        'SabrinaF1828@gmail.com', '(084) 6171-9110', '2022-02-05', '675b1f0b-b8e3-49a1-b179-cae0f7588309'),
       ('c3b8943e-778d-4122-8ddc-56aa10ab4e11', '57130129646', 'Cauê Gomes Teixeira', '1980-05-07',
        'CauêG1121@gmail.com', '+55 71 1559 5017', '2020-06-19', 'efd51116-2338-47f1-babc-b2ae1b8eabf0'),
       ('57f589ec-94a9-49e3-91b2-a40a00561bea', '90390897876', 'Maria Eduarda Azevedo da Mata', '1982-03-24',
        'Maria EduardaA1560@outlook.com', '(011) 6206 4847', '2021-02-03', 'efd51116-2338-47f1-babc-b2ae1b8eabf0'),
       ('3580c117-3362-41c8-8994-17e961c45a73', '47369261980', 'João Felipe Rodrigues Moraes', '1983-05-04',
        'João FelipeR1383@hotmail.com', '51 5039 8126', '2022-05-13', 'efd51116-2338-47f1-babc-b2ae1b8eabf0'),
       ('e029327c-0b3d-4f86-bddf-11760d0f601c', '27259379065', 'Alexandre Moura Peixoto', '1970-11-22',
        'AlexandreM1250@live.com', '21 6617 7946', '2022-07-07', 'bffefd5c-3775-462b-af52-ea37e5fe419b'),
       ('f5256446-89c2-402b-a8d3-43c9e6cfb685', '54824566509', 'Clarice Vieira Costela', '1980-02-19',
        'ClariceV1152@live.com', '(071) 7697 4039', '2021-04-15', 'bffefd5c-3775-462b-af52-ea37e5fe419b'),
       ('05630af5-51b1-469b-a603-79c424a216dc', '20539189693', 'Yuri da Luz Souza', '1976-03-26', 'YuriD1854@gmail.com',
        '61 4986 2254', '2020-05-04', 'bffefd5c-3775-462b-af52-ea37e5fe419b'),
       ('35c7e8f3-d28e-4cc7-896e-5a9c1b31cdf1', '11923538462', 'Bianca Silva Barbosa', '1991-08-11',
        'BiancaS1892@hotmail.com', '+55 71 3001 0795', '2022-12-07', '42b3ddbe-02bb-4f01-a2a3-fbaec9c3393a'),
       ('78004ba7-a802-4eb1-9fa8-5f8a0616381f', '77318677730', 'Noah da Costa Melo', '1984-06-03', 'NoahD1305@live.com',
        '0800 794 7696', '2022-05-20', '42b3ddbe-02bb-4f01-a2a3-fbaec9c3393a'),
       ('3ef1bf8b-3b28-495a-bf67-1d869c468ce5', '89149072528', 'Luiz Gustavo da Luz da Mata', '1982-06-02',
        'Luiz GustavoD1463@live.com', '+55 (084) 5153 1246', '2023-03-05', '42b3ddbe-02bb-4f01-a2a3-fbaec9c3393a'),
       ('7b6951a1-509a-46f3-b212-c64720757366', '32714453201', 'Clara Pires Ramos', '1991-01-22',
        'ClaraP1380@hotmail.com', '(061) 2029-6004', '2022-05-04', '3ad7ee62-11b2-4965-acbd-622dc58128bd'),
       ('be1e28c7-f854-4284-93d0-a70542ee23ae', '89010431576', 'Guilherme da Cruz Freitas', '1982-07-01',
        'GuilhermeD1682@hotmail.com', '+55 11 6751-2066', '2021-01-16', '3ad7ee62-11b2-4965-acbd-622dc58128bd'),
       ('b4248efe-f00d-4ddd-ba98-8d5778c13d35', '53146680092', 'Elisa Pereira da Cunha', '1978-10-11',
        'ElisaP1234@gmail.com', '71 4433-7633', '2021-12-24', '3ad7ee62-11b2-4965-acbd-622dc58128bd'),
       ('c7a0d129-59ae-46ad-83bb-372c74e6a126', '47198786103', 'Natália Monteiro Gonçalves', '1985-11-14',
        'NatáliaM1312@hotmail.com', '+55 21 2679-9869', '2021-03-03', '236aadbf-718b-4287-95cc-96bdc237e46f'),
       ('fbf3d9e1-cf17-4ea1-8072-f4d1ea6d0fba', '24569005616', 'Bianca Porto Mendes', '1991-01-15',
        'BiancaP1946@outlook.com', '+55 41 9023 9503', '2021-02-01', '236aadbf-718b-4287-95cc-96bdc237e46f'),
       ('9136a618-be61-443b-a748-7b6079a49427', '29777658168', 'Theo Silva Caldeira', '1980-06-21',
        'TheoS1646@gmail.com', '+55 71 6735 9446', '2021-03-03', '236aadbf-718b-4287-95cc-96bdc237e46f'),
       ('1d9772fc-4aea-4142-ad0a-86464211b96e', '01179300750', 'Milena Silveira Souza', '1971-09-07',
        'MilenaS1165@outlook.com', '61 5332-2515', '2021-04-14', '3ac1e637-5254-4621-bf21-a6d81a9c3add'),
       ('005224bb-fa66-4f19-869e-79779a5330a6', '15843834883', 'Diego da Cunha Rocha', '1996-10-14',
        'DiegoD1589@hotmail.com', '+55 71 0297 1726', '2022-02-19', '3ac1e637-5254-4621-bf21-a6d81a9c3add'),
       ('c0edb614-b673-4306-9d43-e97e5a1ceef6', '12961077796', 'Matheus Silveira Ramos', '1971-07-17',
        'MatheusS1061@gmail.com', '0900 752 5070', '2021-06-05', '3ac1e637-5254-4621-bf21-a6d81a9c3add'),
       ('263fe8d2-c85c-4e59-9629-19be34a35bd6', '53634423536', 'Luiz Fernando Rezende Moura', '1976-08-14',
        'Luiz FernandoR1919@gmail.com', '+55 (011) 3545-7284', '2023-02-25', 'e594be2e-1385-4bb4-b817-3ea71a86c496'),
       ('dae4b376-72c3-47d0-ba63-8c4a987157f4', '41597189731', 'Luigi Santos Rodrigues', '1974-03-15',
        'LuigiS1098@gmail.com', '(071) 8734 2146', '2023-07-09', 'e594be2e-1385-4bb4-b817-3ea71a86c496'),
       ('efa0f716-b12d-4557-a7ff-3f231b7cac46', '10144195305', 'Ana Azevedo Castro', '1991-09-04', 'AnaA1865@gmail.com',
        '(051) 6995 8050', '2020-09-05', 'e594be2e-1385-4bb4-b817-3ea71a86c496'),
       ('264653fb-4460-4db3-8e93-8a3484953877', '24850170340', 'Agatha Moraes Cunha', '1983-07-01',
        'AgathaM1660@outlook.com', '61 5694 5643', '2020-12-01', 'f0e229d7-df99-46a7-a762-d13b42dec8ec'),
       ('390511a3-613c-4f27-ab8b-afe3f7c9c5e7', '26505927611', 'Lorenzo Caldeira Peixoto', '1990-05-22',
        'LorenzoC1820@gmail.com', '81 1096 3754', '2022-11-25', 'f0e229d7-df99-46a7-a762-d13b42dec8ec'),
       ('ab3d3bee-df4d-4467-a8ab-1e8fc879a30c', '94558810636', 'Mirella Araújo da Rosa', '1970-05-16',
        'MirellaA1303@gmail.com', '(041) 4719 4827', '2020-01-18', 'f0e229d7-df99-46a7-a762-d13b42dec8ec'),
       ('1a67c73f-e9a5-44f4-8d1c-a2bfdf8220f3', '39016382968', 'Maria Julia Vieira da Cunha', '1971-05-16',
        'Maria JuliaV1254@outlook.com', '(084) 2605 9108', '2022-01-19', '0269722d-4937-4ec2-86b4-06a08143be94'),
       ('e3d976b1-eba5-4f68-85d0-635bbdaa66d1', '66370352381', 'Julia Ramos Moreira', '1988-07-14',
        'JuliaR1334@hotmail.com', '(071) 7757 8465', '2023-05-14', '0269722d-4937-4ec2-86b4-06a08143be94'),
       ('82d6de27-7700-4481-881d-bff54e96b375', '04252886686', 'Davi Lucca Farias Moreira', '1984-08-21',
        'Davi LuccaF1212@outlook.com', '+55 (021) 8078-7847', '2021-11-26', '0269722d-4937-4ec2-86b4-06a08143be94'),
       ('e893ccc9-532c-42ed-bf37-533411ff6f98', '67088617714', 'Esther da Luz Costela', '1973-07-03',
        'EstherD1759@outlook.com', '+55 (011) 9992 0709', '2023-09-11', '2113f734-ad2c-4420-a463-02d1ecb98748'),
       ('a5f57779-981c-4c84-9d5f-aaf5d10a5100', '62804286304', 'Giovanna Nunes da Costa', '1997-08-04',
        'GiovannaN1863@outlook.com', '(081) 4178 5384', '2022-06-08', '2113f734-ad2c-4420-a463-02d1ecb98748'),
       ('30f3eeef-95af-4786-aa35-2247f337bfc3', '72012550533', 'Ana da Cunha Barros', '1990-05-21', 'AnaD1854@live.com',
        '+55 21 7189 0903', '2021-03-08', '2113f734-ad2c-4420-a463-02d1ecb98748'),
       ('58be46a0-0121-497b-8c88-0ff1641dc9fc', '12688050176', 'Kevin Nunes Moura', '1986-05-13', 'KevinN1242@live.com',
        '+55 41 8855-8526', '2021-06-22', 'c1f824e1-408e-416a-872d-025f6c02cee3'),
       ('a172d6e4-de3c-4af6-a811-9d2e7cb363e5', '29041649875', 'Luigi Ramos Sales', '1997-03-15',
        'LuigiR1039@outlook.com', '41 8979-8450', '2020-03-18', 'c1f824e1-408e-416a-872d-025f6c02cee3'),
       ('41d85eb9-ddaa-4e3d-9144-ee8025fd8d39', '23054623874', 'Ana Carolina Aragão Lopes', '1971-10-26',
        'Ana CarolinaA1164@hotmail.com', '(081) 0285-3756', '2020-07-02', 'c1f824e1-408e-416a-872d-025f6c02cee3'),
       ('165fc267-159a-4889-87ff-f5d685c60d80', '87431170238', 'Ana Julia Almeida Rezende', '1985-02-18',
        'Ana JuliaA1973@outlook.com', '+55 (021) 4899-2194', '2023-08-06', '92e41fc4-4e83-4d0f-9bd1-2bcd29f809b9'),
       ('8363ede3-9213-4887-91bc-48104eab23b9', '33070486940', 'Caroline Sales Pinto', '1997-02-22',
        'CarolineS1656@gmail.com', '+55 (051) 9845-0788', '2020-07-18', '92e41fc4-4e83-4d0f-9bd1-2bcd29f809b9'),
       ('6482603a-5a74-4452-8457-3760b3f97925', '61734092408', 'João Gabriel Sales da Cunha', '1976-07-23',
        'João GabrielS1478@hotmail.com', '+55 (031) 9451-5055', '2022-10-18', '92e41fc4-4e83-4d0f-9bd1-2bcd29f809b9'),
       ('c1155c0d-61c9-407a-972d-96058df3dd75', '40940544997', 'Isabelly Souza da Luz', '1979-01-12',
        'IsabellyS1036@hotmail.com', '11 0362 0361', '2020-12-08', '645ad992-75f0-4dab-8579-934d10fc8712'),
       ('4717691c-aa0d-401f-bda8-de85d7f43a0e', '39717405611', 'Ana Barbosa Souza', '1993-06-01', 'AnaB1612@gmail.com',
        '+55 71 0589-8735', '2020-03-15', '645ad992-75f0-4dab-8579-934d10fc8712'),
       ('8734ca22-0009-4c81-8417-8a8cf9aad377', '74270917288', 'Thales Campos Viana', '1984-02-07',
        'ThalesC1662@hotmail.com', '+55 11 3529-6406', '2022-02-23', '645ad992-75f0-4dab-8579-934d10fc8712'),
       ('593a8532-56c9-4dad-9673-ea9d46cf8b3f', '66667797705', 'João Gomes Cardoso', '1971-02-23', 'JoãoG1011@live.com',
        '+55 21 3097 5924', '2020-04-19', '3649dfef-75ff-4e17-9645-c87570ea1fc6'),
       ('9eeab30e-bbc4-40dc-9030-c47f4736773a', '96396867940', 'Noah Peixoto Souza', '1983-12-23',
        'NoahP1879@gmail.com', '+55 61 3213-2282', '2022-01-04', '3649dfef-75ff-4e17-9645-c87570ea1fc6'),
       ('bd79640c-9361-407d-bdf4-3794eb5c36bf', '06719054813', 'Davi Lucca Moraes Dias', '1983-09-14',
        'Davi LuccaM1016@live.com', '+55 81 7407-9198', '2023-03-06', '3649dfef-75ff-4e17-9645-c87570ea1fc6'),
       ('e9cb754a-1e4d-43b6-bd4e-88992cfd60cd', '20866519378', 'Ana Mendes Viana', '1995-03-14', 'AnaM1191@live.com',
        '0800 116 7008', '2020-10-15', 'fc7ab035-2172-4c5c-8448-91a478ef7698'),
       ('f7ba235b-eb56-4906-b6b9-36145ef8757c', '59073349400', 'Gabriel Mendes Caldeira', '1992-06-18',
        'GabrielM1999@outlook.com', '+55 (081) 2303 0491', '2021-09-13', 'fc7ab035-2172-4c5c-8448-91a478ef7698'),
       ('b5c35906-3d33-4645-b536-54b41b7071b9', '74353960792', 'Isabelly Teixeira Peixoto', '1984-09-15',
        'IsabellyT1523@live.com', '(081) 9919-4559', '2023-05-22', 'fc7ab035-2172-4c5c-8448-91a478ef7698'),
       ('ea9753f8-f87b-4677-994c-4c271dea70e4', '38998810794', 'Enzo Moura Silveira', '1981-09-10',
        'EnzoM1419@outlook.com', '+55 11 1501-3222', '2022-05-17', 'a5958b85-6dc2-4522-99f1-6f8ab855e8a8'),
       ('da6da9b1-4bc4-4e11-bdcc-4fcf46635d1c', '85082278924', 'Igor Oliveira Carvalho', '1984-10-26',
        'IgorO1150@outlook.com', '0900-000-6734', '2020-09-24', 'a5958b85-6dc2-4522-99f1-6f8ab855e8a8'),
       ('96a7967c-e858-438b-9f87-b97b1074e9be', '27357377563', 'Theo Monteiro Lima', '1971-09-06',
        'TheoM1102@hotmail.com', '+55 81 9834 2428', '2022-08-04', 'a5958b85-6dc2-4522-99f1-6f8ab855e8a8'),
       ('a0ade343-1471-4e50-9b02-b2a0554273ff', '56237210016', 'Luana Caldeira Dias', '1987-07-12',
        'LuanaC1934@live.com', '(011) 9899-7766', '2021-03-24', 'da57bca7-55ad-449a-826f-6fa677455894'),
       ('792255a7-596f-4582-97fc-d96ad28fb2a6', '98341531712', 'Maria Clara Cunha Ramos', '1994-08-04',
        'Maria ClaraC1460@hotmail.com', '+55 (051) 6085-7567', '2021-05-05', 'da57bca7-55ad-449a-826f-6fa677455894'),
       ('f5e7d12c-6424-450f-83a8-67c7589b07f8', '99810837631', 'João Miguel da Cunha Ferreira', '1978-06-11',
        'João MiguelD1610@outlook.com', '+55 (041) 3607 9413', '2022-12-05', 'da57bca7-55ad-449a-826f-6fa677455894'),
       ('a1c80f80-6426-4583-aad6-e4293e0bf41d', '43254508580', 'João Pedro Cardoso Novaes', '1975-09-04',
        'João PedroC1706@gmail.com', '+55 (021) 9943 4514', '2021-01-17', 'aadfb41e-7778-4e0d-9044-7112c7aff7b2'),
       ('dc2f0112-eaf4-4446-be89-234dbe69c4a0', '76073855680', 'Fernando Fogaça Peixoto', '1983-02-21',
        'FernandoF1724@outlook.com', '(084) 5347-6803', '2022-09-05', 'aadfb41e-7778-4e0d-9044-7112c7aff7b2'),
       ('e0462f1c-145b-468b-a02a-cd4d83a0a27a', '57126130694', 'Vicente Castro Costa', '1986-02-05',
        'VicenteC1781@gmail.com', '0800-329-0753', '2021-01-10', 'aadfb41e-7778-4e0d-9044-7112c7aff7b2'),
       ('d7ccef77-5e5d-4c55-9c26-525b4936f2b1', '55872429436', 'Thales Nascimento Jesus', '1992-08-24',
        'ThalesN1465@live.com', '+55 41 3298-0257', '2023-06-26', '3b3031c0-1c22-4b55-b34f-8011c7aaee7a'),
       ('24e7892f-64ec-4929-ba1f-ec4e94e07305', '98431873698', 'Ana Júlia Novaes da Rocha', '1983-04-10',
        'Ana JúliaN1512@hotmail.com', '(011) 5089 3174', '2021-09-02', '3b3031c0-1c22-4b55-b34f-8011c7aaee7a'),
       ('15d3152c-7511-43e0-a628-bafd7b28cab0', '24700501707', 'Luiz Felipe Vieira Moura', '1986-07-18',
        'Luiz FelipeV1715@gmail.com', '(021) 7874-4035', '2020-12-27', '3b3031c0-1c22-4b55-b34f-8011c7aaee7a'),
       ('38df1cfc-20d4-4c0c-9eff-aef0f0b1a526', '50586983902', 'Cauê Costela Pereira', '1979-12-11',
        'CauêC1428@hotmail.com', '+55 (011) 6393 0826', '2023-03-23', '3aed4565-be46-4cf1-b72c-17f6c9ffe440'),
       ('000f0456-8f8b-43f3-9b05-8b840e984d06', '75708165790', 'Thiago Pires Correia', '1976-03-17',
        'ThiagoP1117@outlook.com', '+55 51 0614 4299', '2022-04-07', '3aed4565-be46-4cf1-b72c-17f6c9ffe440'),
       ('c4e8dc5b-1ff5-409c-8486-c66e6f99f75c', '23817005873', 'João Miguel da Costa Barbosa', '1985-01-04',
        'João MiguelD1507@gmail.com', '61 9393-4218', '2023-07-25', '3aed4565-be46-4cf1-b72c-17f6c9ffe440'),
       ('9ad7579b-abcb-49f8-b161-133890d6b9e1', '48702151871', 'Laura Nascimento Freitas', '1981-02-21',
        'LauraN1633@live.com', '0800 215 0053', '2022-12-09', '283ecaa4-bb9f-4a92-93cf-2870bcaad54b'),
       ('994cf35b-f1a5-4b1f-8843-b5207c3fd36a', '09334780622', 'Kevin Campos Fernandes', '1970-03-25',
        'KevinC1831@gmail.com', '71 1569 0730', '2020-06-21', '283ecaa4-bb9f-4a92-93cf-2870bcaad54b'),
       ('0c6bbe5c-3960-4033-b0de-3dc3ddefe710', '88182723906', 'Isabella Alves Caldeira', '1977-01-02',
        'IsabellaA1619@gmail.com', '11 1116 9915', '2023-10-27', '283ecaa4-bb9f-4a92-93cf-2870bcaad54b'),
       ('7ccf2396-9609-48c0-835f-6b924dd277f6', '25087348610', 'Davi Lucca Aragão Campos', '1991-02-01',
        'Davi LuccaA1523@outlook.com', '+55 81 0660 5888', '2021-03-04', '7b34744f-34cf-49d1-a9bc-f540300eeb60'),
       ('25bf3bf4-b345-40c6-a466-11ea273b6440', '51777544211', 'Luiz Henrique Cardoso Cardoso', '1982-12-16',
        'Luiz HenriqueC1090@hotmail.com', '81 6179 6447', '2021-04-08', '7b34744f-34cf-49d1-a9bc-f540300eeb60'),
       ('68b4f254-3a57-4e64-9040-b0ac4986cfd3', '26214518456', 'Brenda Correia Gonçalves', '1974-04-19',
        'BrendaC1220@outlook.com', '+55 (041) 0178-6300', '2022-09-10', '7b34744f-34cf-49d1-a9bc-f540300eeb60'),
       ('1e8c326b-3201-4899-a1d6-4b0b230030ac', '90058027408', 'Luana da Rocha Dias', '1991-12-11',
        'LuanaD1751@live.com', '+55 21 9899 5919', '2023-06-23', 'b2c0f84d-80ab-4ce2-9d76-5c8d82375844'),
       ('8327161b-0a6b-4145-9308-6eb7ad20570c', '28354066622', 'Amanda Souza Ferreira', '1990-09-05',
        'AmandaS1990@outlook.com', '+55 21 2815-6650', '2021-06-24', 'b2c0f84d-80ab-4ce2-9d76-5c8d82375844'),
       ('6c33c047-6026-49a3-b866-c1fb915c08a2', '15236226104', 'Isabel Correia Cardoso', '1985-06-22',
        'IsabelC1904@gmail.com', '+55 71 8043-6179', '2023-06-03', 'b2c0f84d-80ab-4ce2-9d76-5c8d82375844'),
       ('8b05cb47-007b-4c34-b2e8-bb89be014dd0', '21618675397', 'Kaique Duarte Fogaça', '1980-02-10',
        'KaiqueD1511@outlook.com', '+55 31 3641-6472', '2023-04-25', 'ca08a793-4ff5-422f-ad2c-b53c14ed3c29'),
       ('1af61f25-8f3f-4913-873a-69231a3934c9', '43669717048', 'Fernanda Moreira da Mata', '1989-01-04',
        'FernandaM1150@outlook.com', '+55 (071) 7559-0898', '2021-11-10', 'ca08a793-4ff5-422f-ad2c-b53c14ed3c29'),
       ('faa75cf4-f212-4c9e-89ff-c329a93514cf', '72217084445', 'Lucas Martins Barros', '1994-08-18',
        'LucasM1735@live.com', '+55 84 7417 5340', '2022-11-05', 'ca08a793-4ff5-422f-ad2c-b53c14ed3c29'),
       ('5ddee195-1d5b-451f-befe-d02f23a7b0ee', '86447431043', 'Maria Julia da Paz Pires', '1992-05-19',
        'Maria JuliaD1417@hotmail.com', '+55 31 5516 5033', '2021-01-15', '4237ca88-1cc1-4226-8849-f2d77ecfb0fe'),
       ('777f35a2-a91e-4392-96b4-5186c1d29aad', '26008310454', 'Diego Duarte Mendes', '1982-06-10',
        'DiegoD1578@outlook.com', '+55 84 9256-9979', '2021-02-03', '4237ca88-1cc1-4226-8849-f2d77ecfb0fe'),
       ('2f5ab099-9716-4f76-a7bf-d3f6c6c9641d', '32529087270', 'Marcos Vinicius da Costa Teixeira', '1981-01-18',
        'Marcos ViniciusD1337@outlook.com', '(041) 8020-3216', '2021-08-07', '4237ca88-1cc1-4226-8849-f2d77ecfb0fe'),
       ('ccea77ca-75a8-4962-a273-913de13594da', '86343320040', 'Thomas Azevedo Azevedo', '1981-12-24',
        'ThomasA1562@live.com', '(051) 6645-2617', '2021-01-05', '2034cad8-0f78-4e46-9718-cd48a18cce8d'),
       ('bfc06c15-4b77-48f4-82b8-0b8d6a956d1a', '63595278712', 'Raquel Gonçalves Rezende', '1979-12-14',
        'RaquelG1639@outlook.com', '+55 84 7909 4101', '2022-11-16', '2034cad8-0f78-4e46-9718-cd48a18cce8d'),
       ('743521f9-94d1-489f-81b4-805bab867820', '79775605008', 'Luiz Felipe da Costa da Cunha', '1988-01-15',
        'Luiz FelipeD1725@live.com', '(051) 6338-8134', '2021-10-11', '2034cad8-0f78-4e46-9718-cd48a18cce8d'),
       ('bf79ef94-a3ef-45c8-9dbf-b51d3a63aa01', '55121415460', 'Thomas Porto Barbosa', '1993-05-27',
        'ThomasP1515@hotmail.com', '(084) 9407 8726', '2021-02-12', '3e5fb29a-cdfe-4321-a39f-7e085eb6e8a3'),
       ('db6f779c-05bf-41e9-9144-23cfb944ce86', '18627817960', 'Breno Fogaça Fernandes', '1989-04-27',
        'BrenoF1471@live.com', '21 8287-0621', '2020-09-14', '3e5fb29a-cdfe-4321-a39f-7e085eb6e8a3'),
       ('36457f3e-786b-4997-972c-1770653ef79f', '17122592880', 'Bryan Moraes Souza', '1987-12-09',
        'BryanM1916@gmail.com', '+55 (071) 9595-9534', '2023-03-17', '3e5fb29a-cdfe-4321-a39f-7e085eb6e8a3'),
       ('0fee6788-c140-4f1f-ac59-bd1113ca6a94', '35188888890', 'Melissa Lima da Costa', '1985-03-12',
        'MelissaL1978@hotmail.com', '84 0197-5833', '2022-05-10', '92435e1e-f7fe-4ad5-9681-2ef77df0c82a'),
       ('55db8d79-9ef8-4948-88b9-afb1a49847bf', '55978464774', 'Catarina Cardoso Nunes', '1997-10-17',
        'CatarinaC1220@gmail.com', '+55 (084) 2757-9032', '2022-11-18', '92435e1e-f7fe-4ad5-9681-2ef77df0c82a'),
       ('1cebf0a0-b0da-4f4f-8568-4db4fa589ef5', '10057390304', 'Yuri Teixeira Caldeira', '1996-12-09',
        'YuriT1203@gmail.com', '0300 467 9511', '2020-09-14', '92435e1e-f7fe-4ad5-9681-2ef77df0c82a'),
       ('2e9ffa2d-3d42-49a8-a5e7-7a78df663212', '33858803782', 'Guilherme Fogaça Nascimento', '1984-04-22',
        'GuilhermeF1252@gmail.com', '+55 31 1769-9687', '2021-01-07', '1312f5d8-d3dc-412c-b23b-4cd5f4315947'),
       ('530be22d-870b-4120-93d3-33dd6f6de1d1', '54144753778', 'Heloísa Santos Rocha', '1990-02-09',
        'HeloísaS1919@hotmail.com', '(041) 7726-6749', '2021-08-11', '1312f5d8-d3dc-412c-b23b-4cd5f4315947'),
       ('24506c24-d6e6-4bc0-9e4a-285c89d06be4', '25662286809', 'Ana Clara Caldeira da Luz', '1982-09-14',
        'Ana ClaraC1370@hotmail.com', '(051) 8885-5019', '2022-07-17', '1312f5d8-d3dc-412c-b23b-4cd5f4315947'),
       ('cf668849-49ae-408c-8d32-9eff30cd6a69', '99368564060', 'Vitor Campos Lima', '1972-06-20',
        'VitorC1660@hotmail.com', '21 1114-1625', '2022-06-07', 'ba49f634-2320-48cf-9003-55dd4ae25255'),
       ('46b4d792-a193-4366-a284-24a83c855a35', '96267025675', 'Erick Porto Nascimento', '1971-09-07',
        'ErickP1856@live.com', '+55 41 4599 6823', '2020-11-07', 'ba49f634-2320-48cf-9003-55dd4ae25255'),
       ('45be5340-3204-45ac-af45-3e8e449a77a1', '94229942923', 'Bernardo Lopes da Cunha', '1997-02-22',
        'BernardoL1132@gmail.com', '11 1540 0940', '2020-12-22', 'ba49f634-2320-48cf-9003-55dd4ae25255'),
       ('2e3087f6-b8c6-4b37-8f2f-fcc019d59828', '90587554363', 'Leandro Gomes Novaes', '1990-10-14',
        'LeandroG1322@hotmail.com', '+55 81 1124-7878', '2020-05-24', 'db093ade-a585-49c6-b68d-1b71e6906206'),
       ('47df249b-158d-4289-b413-33c060eb2f76', '60486661369', 'Clara Lopes Pinto', '1979-05-17',
        'ClaraL1344@gmail.com', '0800 804 4977', '2022-09-05', 'db093ade-a585-49c6-b68d-1b71e6906206'),
       ('6f6ec3b4-8170-493b-8829-34c8f35be07f', '27992286901', 'Raquel da Costa das Neves', '1977-01-01',
        'RaquelD1480@gmail.com', '+55 51 3432 3249', '2021-09-20', 'db093ade-a585-49c6-b68d-1b71e6906206'),
       ('45e81b27-f1f4-4faa-bbc0-66ad65baab66', '37694086165', 'Alice Santos Moreira', '1990-02-07',
        'AliceS1082@hotmail.com', '0300 740 9175', '2020-04-25', '9a1bb325-c4a2-4ed8-892f-2524848c6040'),
       ('afed3e4a-a858-4241-b255-a225fd3cabed', '23244000576', 'João Gabriel Carvalho Moura', '1994-11-09',
        'João GabrielC1462@outlook.com', '0800-005-6131', '2021-09-16', '9a1bb325-c4a2-4ed8-892f-2524848c6040'),
       ('e229f444-e123-4b59-bd3c-2267aa51061f', '54826545592', 'Cauã Silveira Caldeira', '1973-09-04',
        'CauãS1444@gmail.com', '0300-553-6972', '2021-09-07', '9a1bb325-c4a2-4ed8-892f-2524848c6040'),
       ('050caf56-332e-4e7f-9b95-d9e284f2fc97', '48011578405', 'Theo Fernandes Ramos', '1971-09-04',
        'TheoF1108@outlook.com', '51 7135 1354', '2021-12-06', '72291203-aba4-4655-acb9-5a030345a12c'),
       ('970de6e6-9512-4978-b4cb-7b4c723cc739', '41089433760', 'Diego da Rosa da Luz', '1985-07-26',
        'DiegoD1441@outlook.com', '+55 (031) 3041 4016', '2020-04-11', '72291203-aba4-4655-acb9-5a030345a12c'),
       ('e7458371-6e95-4fa4-9747-bda40006a08a', '06386289625', 'João Miguel Correia Duarte', '1992-12-23',
        'João MiguelC1020@hotmail.com', '+55 71 2484-2717', '2023-11-25', '72291203-aba4-4655-acb9-5a030345a12c'),
       ('b68721d6-6973-4780-b255-ddedb6141753', '48797205427', 'Luiz Fernando Cardoso Oliveira', '1982-08-13',
        'Luiz FernandoC1843@outlook.com', '61 6093-4193', '2022-02-04', 'f124ddbb-9403-42b2-b0d1-b2a1f732e663'),
       ('b0e8e25f-9bac-4f06-ac63-1930c53fca5b', '35985571750', 'Maria Cecília Nogueira da Conceição', '1973-02-15',
        'Maria CecíliaN1537@gmail.com', '+55 41 9454-4936', '2021-05-10', 'f124ddbb-9403-42b2-b0d1-b2a1f732e663'),
       ('5565874c-a448-4493-b433-3b0d8e468901', '61089215010', 'Alexia das Neves Araújo', '1994-08-09',
        'AlexiaD1267@live.com', '+55 21 8010-3435', '2022-09-15', 'f124ddbb-9403-42b2-b0d1-b2a1f732e663'),
       ('21a84e18-22fc-45a8-8e74-8c89ca622461', '25433289630', 'Erick Jesus Nascimento', '1995-04-06',
        'ErickJ1364@live.com', '(084) 5458 0418', '2022-11-24', 'eb80212c-f399-4357-86d6-c4aa6777327c'),
       ('2f2d9260-5462-4749-8609-b4967041089c', '90247843369', 'Lívia das Neves Porto', '1990-11-27',
        'LíviaD1658@gmail.com', '+55 11 5405-9717', '2022-08-23', 'eb80212c-f399-4357-86d6-c4aa6777327c'),
       ('2f1b66da-cb4d-423a-acc2-67114d46e07f', '61129020010', 'Lorena Vieira Peixoto', '1973-05-21',
        'LorenaV1119@live.com', '(031) 8093 9162', '2021-08-20', 'eb80212c-f399-4357-86d6-c4aa6777327c'),
       ('9221e157-48cd-4bf7-8441-8f8c3a01285e', '19378724248', 'Cecília da Cunha Cardoso', '1973-03-19',
        'CecíliaD1685@hotmail.com', '+55 61 6709 1755', '2021-09-22', 'ae123d8c-c638-41d5-8f2d-ec149d3db7a6'),
       ('c69b527c-4d61-4526-891b-03966052a8ee', '23565218878', 'Luna Monteiro Peixoto', '1990-10-12',
        'LunaM1773@live.com', '(071) 7848 4416', '2023-04-23', 'ae123d8c-c638-41d5-8f2d-ec149d3db7a6'),
       ('a0a5a284-70d4-4c2c-aacb-22605573071a', '78741182944', 'Davi Nascimento Barbosa', '1986-02-12',
        'DaviN1934@live.com', '0500-291-4375', '2021-09-09', 'ae123d8c-c638-41d5-8f2d-ec149d3db7a6'),
       ('b9270235-1b23-4f4f-a21e-4f0ce227d42e', '84301231218', 'Beatriz Porto Correia', '1979-05-22',
        'BeatrizP1393@hotmail.com', '(084) 9800-1417', '2021-02-18', 'b334cbcb-31dc-4820-a364-6f78a9abf07b'),
       ('0ab47bc5-8085-45e2-910c-e159faec7269', '75419853922', 'Raquel da Cunha Santos', '1971-09-08',
        'RaquelD1367@outlook.com', '+55 (041) 1124-6893', '2022-12-02', 'b334cbcb-31dc-4820-a364-6f78a9abf07b'),
       ('bd63a15a-f01d-49dc-8d4f-67a9dc79ca7d', '63368756524', 'João Felipe Peixoto Rodrigues', '1979-05-01',
        'João FelipeP1887@gmail.com', '71 7502 8792', '2023-11-14', 'b334cbcb-31dc-4820-a364-6f78a9abf07b'),
       ('ecc144f6-6d72-4065-8ebf-04815eec24fb', '83930788900', 'Bianca Cardoso das Neves', '1985-12-15',
        'BiancaC1197@hotmail.com', '0900-835-8686', '2023-03-17', 'a8c3be8e-b8a9-4426-9683-4e917f52710c'),
       ('ff2b8e92-01d3-4724-8157-004deef9b75e', '00356983900', 'Lucas Ramos da Mota', '1993-03-18',
        'LucasR1592@hotmail.com', '+55 (031) 5402-0409', '2020-01-09', 'a8c3be8e-b8a9-4426-9683-4e917f52710c'),
       ('89b45fbb-c062-497f-bf30-eb4e41d86502', '95129848063', 'Olivia Monteiro Fogaça', '1980-01-15',
        'OliviaM1456@gmail.com', '+55 (051) 9814 4479', '2020-09-17', 'a8c3be8e-b8a9-4426-9683-4e917f52710c'),
       ('15f9f526-fb73-4d68-bd7b-bfbcc9c8fec9', '75963576601', 'Carlos Eduardo Silveira Correia', '1996-10-10',
        'Carlos EduardoS1071@gmail.com', '84 6057 6542', '2020-01-06', '5bb478cb-871a-487d-90cf-626e5384e30f'),
       ('fc245553-a95b-4ab0-9d41-cf28c673a4d3', '13670531963', 'Fernanda Rezende Freitas', '1975-08-23',
        'FernandaR1605@live.com', '+55 (061) 9105 6150', '2021-05-12', '5bb478cb-871a-487d-90cf-626e5384e30f'),
       ('92fabad2-fe95-4cce-bd6a-8357be230c9f', '35577417023', 'Leandro Barros Almeida', '1981-03-15',
        'LeandroB1264@hotmail.com', '+55 (021) 8434-7455', '2023-02-06', '5bb478cb-871a-487d-90cf-626e5384e30f'),
       ('d16380ba-283b-4f2e-9658-b68bea55f003', '99451561951', 'Cauã Lopes Farias', '1979-08-19', 'CauãL1396@live.com',
        '0800 337 6066', '2020-09-05', '4609d3ca-d031-4b0e-b414-c4d66fddab1a'),
       ('decc0ced-2136-4cfc-a91d-c6b8e1534624', '74581275113', 'Ana Luiza Ramos Carvalho', '1991-04-13',
        'Ana LuizaR1491@outlook.com', '(021) 1480 6628', '2020-04-02', '4609d3ca-d031-4b0e-b414-c4d66fddab1a'),
       ('b9880e17-0f2b-43d7-bce7-84d650a2f02f', '98343182510', 'Gustavo Cardoso Moreira', '1979-01-04',
        'GustavoC1874@gmail.com', '+55 61 6001-6244', '2021-02-13', '4609d3ca-d031-4b0e-b414-c4d66fddab1a'),
       ('1170e679-15f6-428b-a5fb-291aab5454e7', '68240991980', 'Henrique Moraes Silveira', '1971-04-24',
        'HenriqueM1457@hotmail.com', '(061) 1155-4606', '2023-06-02', '7f4d712e-27d8-4559-99a5-12986fd17b33'),
       ('1d177872-0051-4a9d-b0cf-f574ac1e502e', '79699855720', 'Isaac Souza Nogueira', '1986-05-26',
        'IsaacS1249@live.com', '41 7293-1231', '2023-06-09', '7f4d712e-27d8-4559-99a5-12986fd17b33'),
       ('8e7e087e-ddb3-4dd3-a574-9b228837a48f', '72175547809', 'Maria Fernanda Aragão Porto', '1978-08-22',
        'Maria FernandaA1946@gmail.com', '0300-408-3246', '2021-09-17', '7f4d712e-27d8-4559-99a5-12986fd17b33'),
       ('2e129f34-4904-4057-9da2-d4e1ac8eb688', '07279648282', 'Luana da Mota da Cruz', '1989-07-16',
        'LuanaD1981@hotmail.com', '(071) 7815 0652', '2020-02-09', '7a0a72ff-918d-4f69-974f-c04f40ebb0ba'),
       ('f0a2f052-99ae-4dda-824f-d02702d5be97', '81128306220', 'Isadora Azevedo da Cunha', '1994-09-01',
        'IsadoraA1242@live.com', '+55 (041) 4889-6406', '2020-04-10', '7a0a72ff-918d-4f69-974f-c04f40ebb0ba'),
       ('eff854f4-4ba0-4d18-a6e0-18d09c997400', '77770483506', 'Igor Cunha Monteiro', '1995-06-14',
        'IgorC1861@live.com', '61 6978 9579', '2022-02-21', '7a0a72ff-918d-4f69-974f-c04f40ebb0ba'),
       ('adde2d11-094b-41d6-a737-d444947a0eb1', '92427150428', 'Joana Viana da Costa', '1977-05-13',
        'JoanaV1593@outlook.com', '+55 (041) 3609-8577', '2020-06-26', '0e8c0f82-eb18-4f5f-bd3a-4f7bebbc20a3'),
       ('f883ae45-4ed8-40a2-b91a-171b3e5c06c7', '63295087989', 'Carolina Gonçalves Dias', '1970-06-19',
        'CarolinaG1805@hotmail.com', '+55 (081) 6439-5003', '2023-08-06', '0e8c0f82-eb18-4f5f-bd3a-4f7bebbc20a3'),
       ('4dce2dd5-7f2d-4c05-9350-064fac90e990', '17638175808', 'Luiza Sales Lima', '1975-12-11',
        'LuizaS1664@hotmail.com', '11 9707 9262', '2020-05-21', '0e8c0f82-eb18-4f5f-bd3a-4f7bebbc20a3'),
       ('babc0989-d04e-4a7b-a8b4-a8ca36318567', '67729597446', 'Ana Monteiro Cardoso', '1985-06-13',
        'AnaM1436@outlook.com', '(071) 5554 6434', '2022-05-23', '83aa327d-a4a9-4a6e-a76b-8f37533572a3'),
       ('8f228b48-c31d-4520-8c04-e6da5b9ccbe5', '23748450010', 'Vinicius Santos Martins', '1986-01-09',
        'ViniciusS1824@live.com', '+55 (084) 3107-1234', '2021-07-17', '83aa327d-a4a9-4a6e-a76b-8f37533572a3'),
       ('d373ea65-9307-4fce-a769-9702b63d9c7d', '16258788777', 'Cauã Carvalho Rezende', '1996-05-26',
        'CauãC1378@gmail.com', '71 9995 2251', '2022-12-25', '83aa327d-a4a9-4a6e-a76b-8f37533572a3'),
       ('5d7f4ae6-cba1-4214-8a09-d36ce69d5b79', '78215622038', 'Raquel da Paz Azevedo', '1973-08-01',
        'RaquelD1471@live.com', '(051) 3631-4831', '2021-01-12', '15190c12-af81-488e-9e59-b9c9b0d66b35'),
       ('e56810e8-2039-44d0-b78c-ca3e2f0b197a', '87327899049', 'Theo da Mata Santos', '1984-03-18',
        'TheoD1398@outlook.com', '0500-556-9540', '2021-07-07', '15190c12-af81-488e-9e59-b9c9b0d66b35'),
       ('376607a8-d559-4aee-92b3-0b83dd7b9af7', '54349432957', 'Davi Lucas Vieira Castro', '1992-03-09',
        'Davi LucasV1391@gmail.com', '81 2475 6386', '2022-06-12', '15190c12-af81-488e-9e59-b9c9b0d66b35'),
       ('e34ce5af-20d7-424d-83ef-562796fbbae8', '82912447666', 'Benjamin Pereira Carvalho', '1993-05-11',
        'BenjaminP1237@live.com', '+55 (061) 6348-5094', '2020-08-19', '6aa0bfb6-435a-4d36-8f06-826b0d970980'),
       ('b592fca0-f793-42ef-b93f-9b634e484ecd', '76704069925', 'Nicolas Fernandes Alves', '1987-06-03',
        'NicolasF1645@outlook.com', '+55 31 3957 4815', '2023-05-27', '6aa0bfb6-435a-4d36-8f06-826b0d970980'),
       ('7905850d-a897-4c47-976b-0ebb73c9eaf4', '32905324961', 'Sofia Moraes Carvalho', '1990-09-03',
        'SofiaM1988@hotmail.com', '(011) 8847 4674', '2022-08-18', '6aa0bfb6-435a-4d36-8f06-826b0d970980'),
       ('33442324-b36f-489d-ba64-288c118349df', '18718996051', 'Larissa Ferreira Castro', '1988-07-26',
        'LarissaF1848@gmail.com', '+55 41 8925-3926', '2020-05-24', 'ff7f9cf7-8000-4394-8c48-05301a2fd329'),
       ('cbd0ac82-2565-4082-a5f7-b63b6da82c10', '41678850187', 'João Miguel Rezende Vieira', '1985-09-11',
        'João MiguelR1033@hotmail.com', '+55 61 8479-5964', '2023-10-24', 'ff7f9cf7-8000-4394-8c48-05301a2fd329'),
       ('cee1f2ff-e168-4930-82c9-6bdcdd084318', '85287240260', 'Ana Clara da Mata Moreira', '1992-07-07',
        'Ana ClaraD1685@gmail.com', '+55 41 4526-3564', '2023-11-04', 'ff7f9cf7-8000-4394-8c48-05301a2fd329'),
       ('55dbd133-cafd-49a1-a8d1-deacf2bad48a', '40059851732', 'Vitor Hugo Cardoso da Conceição', '1984-07-23',
        'Vitor HugoC1443@gmail.com', '41 4946-7619', '2022-02-09', 'd979f6c5-43c3-4847-88c9-c52ad732633b'),
       ('a0c6078f-a5dc-488e-84d0-aebd1fe9a27f', '68406599766', 'Gabriel Rezende Novaes', '1982-10-15',
        'GabrielR1406@hotmail.com', '+55 (071) 9940 2413', '2021-09-09', 'd979f6c5-43c3-4847-88c9-c52ad732633b'),
       ('598a2429-fee3-4fe3-90c3-7e2ccd22fa24', '22775283233', 'Luiz Miguel Aragão Monteiro', '1975-10-26',
        'Luiz MiguelA1108@outlook.com', '41 7376-4272', '2022-05-02', 'd979f6c5-43c3-4847-88c9-c52ad732633b'),
       ('93bd9348-50a1-442e-9bf6-0863e8b2c1bd', '16575336469', 'Julia Moreira Almeida', '1982-04-02',
        'JuliaM1168@outlook.com', '+55 (081) 4797 8685', '2021-03-13', '69c99178-a742-47d7-a328-f5943a401f99');


INSERT INTO AREAS (ID, NAME, OPENING_TIME, CLOSING_TIME)
VALUES (0, 'Churrasqueira', '18:00', '22:00'),
       (1, 'Piscina', '10:00', '18:00'),
       (2, 'Area de trabalho', '08:00', '17:00'),
       (3, 'Academia', '5:30', '22:00'),
       (4, 'Sala de Jogos', '14:00', '22:00'),
       (5, 'Salão de festas', '14:00', '22:00');

INSERT INTO USER_RESERVATION_AREAS (ID, START_OF_SCHEDULING, END_OF_SCHEDULING, RESERVATION_ID, USER_ID)
VALUES ('29a658fd-fb2c-4901-a0f9-bf321f7c8e38', '2023-12-15 12:30', '2023-12-15 16:30', 0,
        'df692b2b-da0f-4c2a-897a-dba7cead677e'),
       ('2535f790-21d1-49d9-8d51-491d60db88a5', '2023-06-03 17:52', '2023-06-03 21:05', 3,
        'df692b2b-da0f-4c2a-897a-dba7cead677e'),
       ('3453c82f-3e93-4e51-bc35-f9855304d9b9', '2023-07-07 18:12', '2023-07-07 22:42', 3,
        'df692b2b-da0f-4c2a-897a-dba7cead677e'),
       ('aeb8f081-67ee-41b1-b2df-7d4b181544c7', '2023-08-01 17:42', '2023-08-01 21:18', 3,
        'df692b2b-da0f-4c2a-897a-dba7cead677e'),
       ('606e0ced-b109-4970-80ea-18710e706aca', '2023-08-15 18:12', '2023-08-15 22:14', 1,
        'df692b2b-da0f-4c2a-897a-dba7cead677e'),
       ('943f114e-213f-4d1d-9c5a-e7a218d51bff', '2023-01-06 11:32', '2023-01-06 15:53', 0,
        'df692b2b-da0f-4c2a-897a-dba7cead677e'),
       ('53e1f9c6-476d-489d-b1ed-08d6d2ffaafd', '2023-08-04 16:20', '2023-08-04 20:18', 5,
        'df692b2b-da0f-4c2a-897a-dba7cead677e'),
       ('de66c7b8-bb4d-4bce-add3-0000bfa1c624', '2023-06-11 15:21', '2023-06-11 19:51', 5,
        'df692b2b-da0f-4c2a-897a-dba7cead677e'),
       ('c9642cc1-32ff-42d5-a972-98cbcf7f5c1b', '2023-03-19 12:54', '2023-03-19 16:26', 2,
        'df692b2b-da0f-4c2a-897a-dba7cead677e'),
       ('63230c84-fd8a-4293-b9e0-f0a42c47dddf', '2023-11-25 16:19', '2023-11-25 20:52', 1,
        'df692b2b-da0f-4c2a-897a-dba7cead677e'),
       ('35897006-8d9a-427d-8ae3-93c5c80f8a6e', '2023-12-08 15:30', '2023-12-08 19:24', 5,
        'a4104a7f-7769-4933-85f5-28f3933624ce'),
       ('8b104d74-33ea-42c2-86a8-1a78153fbbd6', '2023-09-22 18:33', '2023-09-22 22:56', 5,
        'a4104a7f-7769-4933-85f5-28f3933624ce'),
       ('475ab7aa-e53f-4f8b-a240-4e00b4759e85', '2023-05-13 15:38', '2023-05-13 19:43', 2,
        'a4104a7f-7769-4933-85f5-28f3933624ce'),
       ('eb3b9413-2655-4746-a52c-a97baf159c86', '2023-12-04 14:31', '2023-12-04 18:54', 5,
        'a4104a7f-7769-4933-85f5-28f3933624ce'),
       ('3667c8ff-8956-406c-b3cb-c8ed3890b669', '2023-02-23 16:22', '2023-02-23 20:26', 0,
        'a4104a7f-7769-4933-85f5-28f3933624ce'),
       ('5742ab60-0f56-49d1-9511-ab6c6e427d74', '2023-09-01 13:25', '2023-09-01 17:16', 2,
        'a4104a7f-7769-4933-85f5-28f3933624ce'),
       ('f1617e4a-3cc6-475d-8dae-43c81c546001', '2023-04-06 18:35', '2023-04-06 22:24', 5,
        'a4104a7f-7769-4933-85f5-28f3933624ce'),
       ('d0a4370e-c041-4235-ab6f-ae9e22ab6f8e', '2023-12-20 11:13', '2023-12-20 15:55', 3,
        'a4104a7f-7769-4933-85f5-28f3933624ce'),
       ('6165f2f0-c422-4c8c-b077-506878b00950', '2023-05-01 16:52', '2023-05-01 20:45', 1,
        'a4104a7f-7769-4933-85f5-28f3933624ce'),
       ('3feac1af-4c0d-4393-a8a0-2818d1ba1264', '2023-05-26 11:44', '2023-05-26 15:04', 4,
        'a4104a7f-7769-4933-85f5-28f3933624ce'),
       ('fc7953dc-a8c0-4486-aaeb-5132d10389a3', '2023-07-21 14:22', '2023-07-21 18:27', 1,
        'b8e70dda-0e66-42f5-823f-1da2a36e6915'),
       ('3b656b72-b5d1-480b-b056-0e61c6d3d3f9', '2023-12-27 12:28', '2023-12-27 16:52', 4,
        'b8e70dda-0e66-42f5-823f-1da2a36e6915'),
       ('3d9ca596-d780-4ff5-abbe-436aa8d03bc5', '2023-02-04 15:18', '2023-02-04 19:36', 5,
        'b8e70dda-0e66-42f5-823f-1da2a36e6915'),
       ('20a6af96-059a-48e3-9778-1f3a68461e91', '2023-10-11 17:50', '2023-10-11 21:44', 5,
        'b8e70dda-0e66-42f5-823f-1da2a36e6915'),
       ('b178dde3-091c-47be-8ac4-4a6809415591', '2023-11-26 17:49', '2023-11-26 21:44', 3,
        'b8e70dda-0e66-42f5-823f-1da2a36e6915'),
       ('0f12fbb9-9161-460f-92b4-8d0ab63f2732', '2023-05-07 16:45', '2023-05-07 20:59', 4,
        'b8e70dda-0e66-42f5-823f-1da2a36e6915'),
       ('962402f6-f511-4339-a2b6-7a88884a8fb7', '2023-01-24 13:53', '2023-01-24 17:38', 5,
        'b8e70dda-0e66-42f5-823f-1da2a36e6915'),
       ('e75a8807-8b66-41eb-93d5-92dabd2e69b9', '2023-09-22 13:03', '2023-09-22 17:32', 5,
        'b8e70dda-0e66-42f5-823f-1da2a36e6915'),
       ('89549fb4-1790-422b-96eb-9b0b2700a0b5', '2023-05-22 14:28', '2023-05-22 18:15', 4,
        'b8e70dda-0e66-42f5-823f-1da2a36e6915'),
       ('1f492f92-6849-478e-9611-46c34e8e9b88', '2023-08-27 17:15', '2023-08-27 21:44', 5,
        'b8e70dda-0e66-42f5-823f-1da2a36e6915'),
       ('eaf7ff08-8795-4844-80e5-d52229e3e1c7', '2023-06-10 11:31', '2023-06-10 15:53', 0,
        'b2261968-8eaf-40a5-8d2f-965dd3bb54e7'),
       ('b6fdc48f-7c4a-4c96-9984-df452051bf8e', '2023-05-27 11:28', '2023-05-27 15:16', 5,
        'b2261968-8eaf-40a5-8d2f-965dd3bb54e7'),
       ('f3330f62-3c82-4494-8f09-e4f82650b7be', '2023-11-07 17:20', '2023-11-07 21:13', 0,
        'b2261968-8eaf-40a5-8d2f-965dd3bb54e7'),
       ('9022f1f1-9ad7-465e-b1d2-7399aecf11e7', '2023-11-04 14:22', '2023-11-04 18:00', 0,
        'b2261968-8eaf-40a5-8d2f-965dd3bb54e7'),
       ('48289dd9-db16-452a-98dc-7f6703f96197', '2023-06-09 11:06', '2023-06-09 15:28', 1,
        'b2261968-8eaf-40a5-8d2f-965dd3bb54e7'),
       ('e27c9e9b-ea08-4b31-94c2-26ac4422b5fe', '2023-02-25 16:59', '2023-02-25 20:51', 1,
        'b2261968-8eaf-40a5-8d2f-965dd3bb54e7'),
       ('f58654c7-2d88-48f0-a9e2-76fe82683030', '2023-11-17 17:26', '2023-11-17 21:07', 0,
        'b2261968-8eaf-40a5-8d2f-965dd3bb54e7'),
       ('bf26c206-de5b-46af-83de-b7921538f1fe', '2023-04-11 11:19', '2023-04-11 15:10', 4,
        'b2261968-8eaf-40a5-8d2f-965dd3bb54e7'),
       ('cc5c6f2a-4b29-41bd-b55c-4ac94a8f473f', '2023-07-10 11:36', '2023-07-10 15:08', 0,
        'b2261968-8eaf-40a5-8d2f-965dd3bb54e7'),
       ('19b22b63-04e7-4c02-bf6c-999cac607572', '2023-05-12 14:03', '2023-05-12 18:31', 3,
        'b2261968-8eaf-40a5-8d2f-965dd3bb54e7'),
       ('5779d963-cfb4-4466-86d9-90b3b7192984', '2023-05-27 16:42', '2023-05-27 20:33', 5,
        '1c17fbe1-c45c-4686-80c4-a18a5007477c'),
       ('51ce2169-2583-4481-bd59-0c61c3450dc8', '2023-11-19 14:34', '2023-11-19 18:33', 2,
        '1c17fbe1-c45c-4686-80c4-a18a5007477c'),
       ('65d4d546-aff2-4e7e-abad-73b4425470e0', '2023-03-25 12:16', '2023-03-25 16:39', 3,
        '1c17fbe1-c45c-4686-80c4-a18a5007477c'),
       ('9cd42514-7936-4c4a-8829-cd043b5b04b0', '2023-05-23 13:19', '2023-05-23 17:51', 5,
        '1c17fbe1-c45c-4686-80c4-a18a5007477c'),
       ('0b81b521-d2b6-40f1-9619-8faf12ed37eb', '2023-02-19 18:05', '2023-02-19 22:16', 1,
        '1c17fbe1-c45c-4686-80c4-a18a5007477c'),
       ('076cfe8c-7d77-41a4-9281-72176a67b55f', '2023-12-23 12:24', '2023-12-23 16:30', 5,
        '1c17fbe1-c45c-4686-80c4-a18a5007477c'),
       ('3b416f3e-2252-402c-9ed4-8356192af176', '2023-04-01 16:55', '2023-04-01 20:49', 2,
        '1c17fbe1-c45c-4686-80c4-a18a5007477c'),
       ('f3b116ec-e028-41f8-86eb-ce0768c88832', '2023-02-01 13:03', '2023-02-01 17:11', 2,
        '1c17fbe1-c45c-4686-80c4-a18a5007477c'),
       ('8fec4e01-3b8e-4399-9442-93ee8c0a1760', '2023-05-16 17:04', '2023-05-16 21:17', 5,
        '1c17fbe1-c45c-4686-80c4-a18a5007477c'),
       ('e2979c96-840c-47ac-9e01-7cb0cfeb9017', '2023-04-05 16:00', '2023-04-05 20:34', 1,
        '1c17fbe1-c45c-4686-80c4-a18a5007477c'),
       ('243543ff-089f-4187-9b7b-c922b889dc72', '2023-12-04 16:08', '2023-12-04 20:48', 0,
        '940db052-4c99-426b-9c33-35a5ed8eba7d'),
       ('e762dce8-3fd2-4485-8d3e-a0ed33380575', '2023-10-12 17:53', '2023-10-12 21:51', 3,
        '940db052-4c99-426b-9c33-35a5ed8eba7d'),
       ('40b16250-119a-4d4d-a7f8-75293f2043c0', '2023-12-21 16:55', '2023-12-21 20:48', 0,
        '940db052-4c99-426b-9c33-35a5ed8eba7d'),
       ('2d811aa1-665d-4c2e-b0fa-be2ac43722e9', '2023-02-10 16:41', '2023-02-10 20:53', 2,
        '940db052-4c99-426b-9c33-35a5ed8eba7d'),
       ('b8bb6326-81b0-47a5-947d-d9660b685fa9', '2023-10-20 16:34', '2023-10-20 20:18', 2,
        '940db052-4c99-426b-9c33-35a5ed8eba7d'),
       ('7eef81b7-8f50-463a-b8f0-1b7ae82744af', '2023-02-19 13:53', '2023-02-19 17:52', 1,
        '940db052-4c99-426b-9c33-35a5ed8eba7d'),
       ('f85f4cb8-28df-4855-8090-880b76d4149e', '2023-03-22 17:01', '2023-03-22 21:18', 1,
        '940db052-4c99-426b-9c33-35a5ed8eba7d'),
       ('7e704e20-33a5-4a3d-a7c3-950962afa18a', '2023-03-21 13:42', '2023-03-21 17:53', 0,
        '940db052-4c99-426b-9c33-35a5ed8eba7d'),
       ('d340aeb6-7d99-4f77-b251-35f258692299', '2023-06-19 12:50', '2023-06-19 16:53', 5,
        '940db052-4c99-426b-9c33-35a5ed8eba7d'),
       ('dcc024b1-414d-40f4-b624-97d75b4ac3a3', '2023-02-27 18:12', '2023-02-27 22:25', 3,
        '940db052-4c99-426b-9c33-35a5ed8eba7d'),
       ('b72134bb-b916-4402-9a73-4b6ce3982589', '2023-03-08 17:06', '2023-03-08 21:58', 4,
        '1d7600ad-cce4-417b-9d52-4471ff00e375'),
       ('1dd52b60-87f1-45f5-921a-9ae82c9203fa', '2023-06-01 14:39', '2023-06-01 18:37', 2,
        '1d7600ad-cce4-417b-9d52-4471ff00e375'),
       ('8622cefa-8aa7-4e99-bf3f-b51842f1c154', '2023-07-01 18:32', '2023-07-01 22:40', 4,
        '1d7600ad-cce4-417b-9d52-4471ff00e375'),
       ('557fe0e2-a8c6-4413-af3d-46ce7cd01dbc', '2023-09-28 16:19', '2023-09-28 20:50', 2,
        '1d7600ad-cce4-417b-9d52-4471ff00e375'),
       ('a89d06a5-d0af-4117-a177-ca420caf6f0a', '2023-05-07 18:10', '2023-05-07 22:38', 5,
        '1d7600ad-cce4-417b-9d52-4471ff00e375'),
       ('cbf8d408-c944-4c74-a39b-cec433504ac6', '2023-01-13 17:25', '2023-01-13 21:54', 5,
        '1d7600ad-cce4-417b-9d52-4471ff00e375'),
       ('6a87f52d-9b0d-40b4-bf01-2591299b3614', '2023-06-25 14:21', '2023-06-25 18:46', 1,
        '1d7600ad-cce4-417b-9d52-4471ff00e375'),
       ('69be48ed-1dd9-40b7-9d3a-63ac0113f5a0', '2023-10-13 18:40', '2023-10-13 22:21', 5,
        '1d7600ad-cce4-417b-9d52-4471ff00e375'),
       ('eb746bd9-155a-42d1-a738-c3c8cf1479b1', '2023-02-18 13:13', '2023-02-18 17:43', 0,
        '1d7600ad-cce4-417b-9d52-4471ff00e375'),
       ('75870823-b117-4ea3-b602-19c3d8424f3d', '2023-05-25 18:50', '2023-05-25 22:38', 2,
        '1d7600ad-cce4-417b-9d52-4471ff00e375'),
       ('1e6a820b-8f0b-457e-8ee2-9aa2bc464409', '2023-01-02 11:58', '2023-01-02 15:12', 5,
        'ca6f7497-b460-4db9-a004-51fcf29b75da'),
       ('c1219cb3-c4e6-45f8-a75b-80ba11157381', '2023-05-02 11:01', '2023-05-02 15:55', 4,
        'ca6f7497-b460-4db9-a004-51fcf29b75da'),
       ('1a3fca74-e099-4038-b3f0-b6ed39116b8e', '2023-06-16 13:44', '2023-06-16 17:56', 5,
        'ca6f7497-b460-4db9-a004-51fcf29b75da'),
       ('acadace8-e73c-478a-aec4-eb0feef3d60f', '2023-08-26 17:55', '2023-08-26 21:48', 5,
        'ca6f7497-b460-4db9-a004-51fcf29b75da'),
       ('971d717b-5e3b-414e-818a-5ebe2a8b4c82', '2023-12-04 18:13', '2023-12-04 22:07', 0,
        'ca6f7497-b460-4db9-a004-51fcf29b75da'),
       ('44879056-a487-4a04-96f4-c17e6549a3c9', '2023-06-17 17:31', '2023-06-17 21:49', 5,
        'ca6f7497-b460-4db9-a004-51fcf29b75da'),
       ('eb499b77-7320-40e2-9bf3-f21db04973a9', '2023-08-07 14:34', '2023-08-07 18:57', 4,
        'ca6f7497-b460-4db9-a004-51fcf29b75da'),
       ('b2d6f86d-9ff3-4569-aeff-bb9d13bbb9f6', '2023-05-25 13:12', '2023-05-25 17:23', 2,
        'ca6f7497-b460-4db9-a004-51fcf29b75da'),
       ('188e14e9-adb6-4311-a80c-f67acdecdd3e', '2023-05-03 17:02', '2023-05-03 21:17', 4,
        'ca6f7497-b460-4db9-a004-51fcf29b75da'),
       ('2924a82f-a54e-4ba2-a829-ff90810bee9c', '2023-02-03 17:00', '2023-02-03 21:52', 5,
        'ca6f7497-b460-4db9-a004-51fcf29b75da'),
       ('903774bd-b096-4967-8f53-bd4c44b6a813', '2023-08-03 11:17', '2023-08-03 15:01', 4,
        'e94b9e9f-543d-476b-8fa1-cb157ba68ae1'),
       ('109206bd-7c60-4ef1-9c3f-b033fdd3146e', '2023-11-09 17:00', '2023-11-09 21:24', 0,
        'e94b9e9f-543d-476b-8fa1-cb157ba68ae1'),
       ('54db8b2d-c6f7-40fc-8633-fdb5a6260a05', '2023-04-01 17:04', '2023-04-01 21:28', 4,
        'e94b9e9f-543d-476b-8fa1-cb157ba68ae1'),
       ('7937263f-bf1e-44ea-8071-ef9aaaaf8594', '2023-12-14 18:20', '2023-12-14 22:07', 2,
        'e94b9e9f-543d-476b-8fa1-cb157ba68ae1'),
       ('ed0c4585-fe62-4a1e-ac6c-38c3b56b7708', '2023-04-24 17:16', '2023-04-24 21:33', 4,
        'e94b9e9f-543d-476b-8fa1-cb157ba68ae1'),
       ('9d8a0124-42e7-4491-ad4f-5e90ecd5e74c', '2023-11-16 15:19', '2023-11-16 19:22', 3,
        'e94b9e9f-543d-476b-8fa1-cb157ba68ae1'),
       ('0c7e2231-391e-4d5e-b5ed-a2a47d9fa3fd', '2023-02-23 11:23', '2023-02-23 15:41', 4,
        'e94b9e9f-543d-476b-8fa1-cb157ba68ae1'),
       ('896e574f-dcab-4e01-bbf6-e265e1167acb', '2023-01-19 15:57', '2023-01-19 19:32', 5,
        'e94b9e9f-543d-476b-8fa1-cb157ba68ae1'),
       ('bd4b763d-04cb-4b94-8bb6-af4f5a922802', '2023-12-22 13:35', '2023-12-22 17:55', 3,
        'e94b9e9f-543d-476b-8fa1-cb157ba68ae1'),
       ('8b1271ef-2b00-4863-b4ae-6b0985de0ae6', '2023-06-18 15:32', '2023-06-18 19:51', 4,
        'e94b9e9f-543d-476b-8fa1-cb157ba68ae1'),
       ('baa828ee-cd1b-48f1-af45-2b4a8f662579', '2023-05-21 18:46', '2023-05-21 22:52', 4,
        'f972aa92-b6e1-4de5-9975-1b12639486f5'),
       ('87d9e515-44c1-4151-9152-23c465c86450', '2023-04-08 17:40', '2023-04-08 21:06', 1,
        'f972aa92-b6e1-4de5-9975-1b12639486f5'),
       ('dedf770c-a654-45b4-8699-a7c467107ea3', '2023-09-13 14:13', '2023-09-13 18:57', 2,
        'f972aa92-b6e1-4de5-9975-1b12639486f5'),
       ('1a32ddf6-05ca-42ce-9851-af186fe180b9', '2023-01-25 15:43', '2023-01-25 19:04', 3,
        'f972aa92-b6e1-4de5-9975-1b12639486f5'),
       ('4dbd47c2-9610-41a4-9bc0-4478c76eae07', '2023-04-02 18:46', '2023-04-02 22:51', 3,
        'f972aa92-b6e1-4de5-9975-1b12639486f5'),
       ('3a34964e-0330-4f33-b0fa-2de10f1d29bc', '2023-03-09 16:30', '2023-03-09 20:39', 0,
        'f972aa92-b6e1-4de5-9975-1b12639486f5'),
       ('5f079199-a754-4315-bf40-dd65ffc3b2bc', '2023-08-22 17:33', '2023-08-22 21:54', 4,
        'f972aa92-b6e1-4de5-9975-1b12639486f5'),
       ('48579b07-0558-437d-b708-ebce3aca385c', '2023-05-01 13:25', '2023-05-01 17:40', 5,
        'f972aa92-b6e1-4de5-9975-1b12639486f5'),
       ('da29d449-8fdb-44b1-a585-8d54a9858219', '2023-09-05 13:57', '2023-09-05 17:19', 0,
        'f972aa92-b6e1-4de5-9975-1b12639486f5'),
       ('8f28298e-e7d4-44f1-b03b-a33563e7a194', '2023-04-28 17:42', '2023-04-28 21:21', 3,
        'f972aa92-b6e1-4de5-9975-1b12639486f5'),
       ('ef604232-782d-4ac0-b319-e88b5e80e6f8', '2023-03-24 13:04', '2023-03-24 17:19', 4,
        '675b1f0b-b8e3-49a1-b179-cae0f7588309'),
       ('32abb945-245c-480d-a1a2-3ba8a0557869', '2023-08-21 18:30', '2023-08-21 22:44', 4,
        '675b1f0b-b8e3-49a1-b179-cae0f7588309'),
       ('94750f53-b666-4d00-ba14-30ed9043dedd', '2023-01-26 12:25', '2023-01-26 16:47', 4,
        '675b1f0b-b8e3-49a1-b179-cae0f7588309'),
       ('a140d046-1fbc-42d3-8b22-6200d9c3d91b', '2023-12-13 16:29', '2023-12-13 20:16', 3,
        '675b1f0b-b8e3-49a1-b179-cae0f7588309'),
       ('cf653e6b-5f21-4f78-95aa-ef8f118ba172', '2023-01-13 17:58', '2023-01-13 21:22', 0,
        '675b1f0b-b8e3-49a1-b179-cae0f7588309'),
       ('758ab761-9728-41e1-b8ff-8113b4a8c09a', '2023-01-06 13:10', '2023-01-06 17:05', 1,
        '675b1f0b-b8e3-49a1-b179-cae0f7588309'),
       ('a45340a8-c558-41ad-be57-53b4f004bef0', '2023-10-10 12:18', '2023-10-10 16:53', 5,
        '675b1f0b-b8e3-49a1-b179-cae0f7588309'),
       ('89b7796d-1bc9-442d-8e87-762288e3aaf9', '2023-08-03 15:18', '2023-08-03 19:25', 2,
        '675b1f0b-b8e3-49a1-b179-cae0f7588309'),
       ('7caaf340-44a2-419b-ba4c-f9fcfa351198', '2023-09-13 12:25', '2023-09-13 16:23', 5,
        '675b1f0b-b8e3-49a1-b179-cae0f7588309'),
       ('24113ae8-78cf-4793-baf8-78492c45e046', '2023-04-25 18:58', '2023-04-25 22:33', 5,
        '675b1f0b-b8e3-49a1-b179-cae0f7588309'),
       ('b15156c4-c9be-41d7-8623-b3cc9b23a535', '2023-05-06 13:25', '2023-05-06 17:51', 4,
        'efd51116-2338-47f1-babc-b2ae1b8eabf0'),
       ('73dd39d1-bd2f-41d9-9b00-c190c08d800d', '2023-06-19 18:42', '2023-06-19 22:39', 3,
        'efd51116-2338-47f1-babc-b2ae1b8eabf0'),
       ('3dcd973b-8d8c-4013-a267-414005281aa1', '2023-02-06 15:12', '2023-02-06 19:30', 3,
        'efd51116-2338-47f1-babc-b2ae1b8eabf0'),
       ('32389673-04c3-4537-9bc6-167bc76441cf', '2023-04-23 17:02', '2023-04-23 21:58', 1,
        'efd51116-2338-47f1-babc-b2ae1b8eabf0'),
       ('8d31e9f5-6410-4f79-9a93-62a547b0fb5d', '2023-05-03 14:49', '2023-05-03 18:16', 3,
        'efd51116-2338-47f1-babc-b2ae1b8eabf0'),
       ('f5d6a26f-5a14-4688-a8e1-2c785b73d5fc', '2023-10-06 13:12', '2023-10-06 17:47', 3,
        'efd51116-2338-47f1-babc-b2ae1b8eabf0'),
       ('59a25e9c-5d75-4b42-a4d6-e332c9dc6e15', '2023-01-13 13:35', '2023-01-13 17:43', 0,
        'efd51116-2338-47f1-babc-b2ae1b8eabf0'),
       ('455d3dc3-105e-4398-9855-8d5622cd0e82', '2023-08-01 18:40', '2023-08-01 22:49', 0,
        'efd51116-2338-47f1-babc-b2ae1b8eabf0'),
       ('f12ba5b0-41da-4687-9126-0b13a2e824e3', '2023-10-04 15:59', '2023-10-04 19:01', 1,
        'efd51116-2338-47f1-babc-b2ae1b8eabf0'),
       ('9c9cf6cd-d03b-4373-a1cb-d20ee1460add', '2023-04-10 11:49', '2023-04-10 15:56', 3,
        'efd51116-2338-47f1-babc-b2ae1b8eabf0'),
       ('43f6f5a4-aa0e-43f4-aa2d-ad58aa4543ef', '2023-04-12 16:03', '2023-04-12 20:36', 1,
        'bffefd5c-3775-462b-af52-ea37e5fe419b'),
       ('56cbc9ba-b0ef-426f-97e3-ba3f18cca9dc', '2023-11-21 18:44', '2023-11-21 22:55', 1,
        'bffefd5c-3775-462b-af52-ea37e5fe419b'),
       ('856da857-3f15-469c-bfcc-3765dda34b13', '2023-06-18 17:46', '2023-06-18 21:16', 1,
        'bffefd5c-3775-462b-af52-ea37e5fe419b'),
       ('b89cd866-90f1-4e3f-b93d-951867010782', '2023-11-21 13:38', '2023-11-21 17:07', 3,
        'bffefd5c-3775-462b-af52-ea37e5fe419b'),
       ('51ad9171-6ae9-423d-8c29-a863d53c052b', '2023-12-09 18:35', '2023-12-09 22:56', 5,
        'bffefd5c-3775-462b-af52-ea37e5fe419b'),
       ('3e207121-f416-4aca-aa90-b42e7a02c3eb', '2023-03-05 13:09', '2023-03-05 17:01', 5,
        'bffefd5c-3775-462b-af52-ea37e5fe419b'),
       ('6c34297e-5c42-4a03-b21c-5177be57ba23', '2023-01-21 17:14', '2023-01-21 21:09', 0,
        'bffefd5c-3775-462b-af52-ea37e5fe419b'),
       ('be74d162-8b1c-408d-950c-8b59c7a48089', '2023-05-03 11:24', '2023-05-03 15:00', 4,
        'bffefd5c-3775-462b-af52-ea37e5fe419b'),
       ('f7b0aa26-d867-4eca-9fd9-50068a8f8c1b', '2023-01-16 16:47', '2023-01-16 20:21', 4,
        'bffefd5c-3775-462b-af52-ea37e5fe419b'),
       ('8832d761-7653-4245-b4e6-1a94a6a1d412', '2023-01-13 14:34', '2023-01-13 18:29', 2,
        'bffefd5c-3775-462b-af52-ea37e5fe419b'),
       ('6a75e4b3-0e10-4cb8-a962-fab690334ecb', '2023-09-06 17:15', '2023-09-06 21:53', 0,
        '42b3ddbe-02bb-4f01-a2a3-fbaec9c3393a'),
       ('f6448523-dd4a-4566-8db1-b900f3179ef4', '2023-12-03 12:04', '2023-12-03 16:27', 0,
        '42b3ddbe-02bb-4f01-a2a3-fbaec9c3393a'),
       ('eac240ab-61ac-4bdd-b5c4-240ab67c664c', '2023-10-25 13:00', '2023-10-25 17:59', 0,
        '42b3ddbe-02bb-4f01-a2a3-fbaec9c3393a'),
       ('28a7d4f9-40f9-410a-9467-2f192196f646', '2023-02-19 12:33', '2023-02-19 16:33', 1,
        '42b3ddbe-02bb-4f01-a2a3-fbaec9c3393a'),
       ('2906c79d-9678-4f4e-b658-ea73523ea562', '2023-09-26 13:49', '2023-09-26 17:01', 4,
        '42b3ddbe-02bb-4f01-a2a3-fbaec9c3393a'),
       ('3177e84b-d62e-42d9-91cb-564f2b2dc59c', '2023-11-27 14:43', '2023-11-27 18:18', 5,
        '42b3ddbe-02bb-4f01-a2a3-fbaec9c3393a'),
       ('4f9fa8aa-9829-451d-bd38-a0ad2e017dce', '2023-03-21 18:40', '2023-03-21 22:08', 0,
        '42b3ddbe-02bb-4f01-a2a3-fbaec9c3393a'),
       ('15fe80f9-4a55-4967-b9b3-f29c2c164214', '2023-01-17 12:27', '2023-01-17 16:30', 4,
        '42b3ddbe-02bb-4f01-a2a3-fbaec9c3393a'),
       ('4c0b92d4-90e6-4e85-9596-b2762119d7fe', '2023-02-18 14:14', '2023-02-18 18:15', 0,
        '42b3ddbe-02bb-4f01-a2a3-fbaec9c3393a'),
       ('2717a442-cc96-40e6-8602-146b2e1d0868', '2023-08-04 16:08', '2023-08-04 20:23', 2,
        '42b3ddbe-02bb-4f01-a2a3-fbaec9c3393a'),
       ('002bcb00-1f7c-49bf-aa64-bde4a6052864', '2023-04-21 12:16', '2023-04-21 16:35', 0,
        '3ad7ee62-11b2-4965-acbd-622dc58128bd'),
       ('01dfa108-6131-43b5-8536-7cd869f846b4', '2023-12-13 11:43', '2023-12-13 15:18', 1,
        '3ad7ee62-11b2-4965-acbd-622dc58128bd'),
       ('2f972ee7-0449-4e8b-9e67-17e4ee3b4a08', '2023-05-17 14:49', '2023-05-17 18:56', 0,
        '3ad7ee62-11b2-4965-acbd-622dc58128bd'),
       ('7ceb074e-0164-45e1-81a1-5240b21afccd', '2023-07-13 17:44', '2023-07-13 21:25', 2,
        '3ad7ee62-11b2-4965-acbd-622dc58128bd'),
       ('037c3839-c37b-4bf6-b008-6a5ca855d631', '2023-01-21 16:07', '2023-01-21 20:22', 4,
        '3ad7ee62-11b2-4965-acbd-622dc58128bd'),
       ('d250c8d4-7e38-41d7-8668-b4c08c65d732', '2023-07-23 15:44', '2023-07-23 19:29', 2,
        '3ad7ee62-11b2-4965-acbd-622dc58128bd'),
       ('81898c50-7cd0-4e29-8a6b-f588dc2ca78e', '2023-11-28 14:33', '2023-11-28 18:42', 2,
        '3ad7ee62-11b2-4965-acbd-622dc58128bd'),
       ('25e2f364-bbfe-4baa-be25-da0b0dc6856c', '2023-12-22 11:47', '2023-12-22 15:19', 2,
        '3ad7ee62-11b2-4965-acbd-622dc58128bd'),
       ('5498a32a-b7ae-44de-b78f-e9ebf44ab871', '2023-03-28 12:20', '2023-03-28 16:20', 5,
        '3ad7ee62-11b2-4965-acbd-622dc58128bd'),
       ('9d7e2e0d-60d6-410d-9ec7-7c16e5c943d1', '2023-01-13 13:11', '2023-01-13 17:44', 2,
        '3ad7ee62-11b2-4965-acbd-622dc58128bd'),
       ('5285c435-04b8-4252-889c-205b2a603258', '2023-09-06 12:15', '2023-09-06 16:13', 4,
        '236aadbf-718b-4287-95cc-96bdc237e46f'),
       ('9ecc7290-6dc5-4ce6-ba56-28d7dc938932', '2023-06-26 12:34', '2023-06-26 16:18', 5,
        '236aadbf-718b-4287-95cc-96bdc237e46f'),
       ('3bfca9d9-778d-4271-9662-03b2a3d88915', '2023-06-17 16:21', '2023-06-17 20:58', 2,
        '236aadbf-718b-4287-95cc-96bdc237e46f'),
       ('e46036e0-ec5c-4790-899f-a70276acfc9d', '2023-07-13 15:30', '2023-07-13 19:48', 0,
        '236aadbf-718b-4287-95cc-96bdc237e46f'),
       ('e63915d3-6796-4987-b3f4-bda03df16b0a', '2023-10-01 15:07', '2023-10-01 19:35', 0,
        '236aadbf-718b-4287-95cc-96bdc237e46f'),
       ('0412a55a-6079-4022-9807-07e2d5309656', '2023-09-04 11:35', '2023-09-04 15:00', 0,
        '236aadbf-718b-4287-95cc-96bdc237e46f'),
       ('52befc37-20c1-4b77-8abd-4987eff1db08', '2023-04-13 12:39', '2023-04-13 16:36', 1,
        '236aadbf-718b-4287-95cc-96bdc237e46f'),
       ('4e7eac16-067a-4713-bb5b-3ec2652c852b', '2023-09-26 14:21', '2023-09-26 18:12', 5,
        '236aadbf-718b-4287-95cc-96bdc237e46f'),
       ('2bbeb48a-096e-49e9-9980-12c0ad2f2e86', '2023-07-04 13:25', '2023-07-04 17:54', 3,
        '236aadbf-718b-4287-95cc-96bdc237e46f'),
       ('bda4a129-b142-4249-8243-74ac53decf61', '2023-02-09 16:51', '2023-02-09 20:19', 2,
        '236aadbf-718b-4287-95cc-96bdc237e46f'),
       ('0c0c8d3f-588a-49cf-a37c-8bfaad128220', '2023-03-08 18:47', '2023-03-08 22:01', 2,
        '3ac1e637-5254-4621-bf21-a6d81a9c3add'),
       ('013d325e-3a75-4c06-a45a-5f8f4d02b4ff', '2023-09-13 17:32', '2023-09-13 21:08', 5,
        '3ac1e637-5254-4621-bf21-a6d81a9c3add'),
       ('cbd735e2-f005-4d1d-8af5-83b530b7e55e', '2023-01-08 17:46', '2023-01-08 21:52', 1,
        '3ac1e637-5254-4621-bf21-a6d81a9c3add'),
       ('236093b2-86c8-485e-aec3-548573319057', '2023-05-03 12:20', '2023-05-03 16:33', 1,
        '3ac1e637-5254-4621-bf21-a6d81a9c3add'),
       ('72dfe945-92a4-41ac-8f44-0ebb0a6cc6da', '2023-11-14 11:00', '2023-11-14 15:33', 1,
        '3ac1e637-5254-4621-bf21-a6d81a9c3add'),
       ('4ff91ddf-42b2-47e0-bb76-419fae2c5bc3', '2023-10-27 14:05', '2023-10-27 18:05', 2,
        '3ac1e637-5254-4621-bf21-a6d81a9c3add'),
       ('70ad9193-f759-4cc1-b151-a4f02634f284', '2023-05-05 15:25', '2023-05-05 19:46', 2,
        '3ac1e637-5254-4621-bf21-a6d81a9c3add'),
       ('f2ab3148-d9f7-4735-8ee5-fb1dfa09e5af', '2023-08-07 17:02', '2023-08-07 21:36', 4,
        '3ac1e637-5254-4621-bf21-a6d81a9c3add'),
       ('8f4d4610-b94a-4003-bc8e-3e9a1804d619', '2023-12-06 14:15', '2023-12-06 18:16', 2,
        '3ac1e637-5254-4621-bf21-a6d81a9c3add'),
       ('5d1f0a37-a648-46bd-98e0-f6e1fbd51b34', '2023-10-11 14:25', '2023-10-11 18:47', 4,
        '3ac1e637-5254-4621-bf21-a6d81a9c3add'),
       ('2638e94d-bc65-4b9e-9ef4-86e6e5ced636', '2023-05-04 15:42', '2023-05-04 19:54', 0,
        'e594be2e-1385-4bb4-b817-3ea71a86c496'),
       ('c4db51d5-d391-484c-ab00-e8bfeca66575', '2023-05-10 18:31', '2023-05-10 22:30', 5,
        'e594be2e-1385-4bb4-b817-3ea71a86c496'),
       ('a4108ff4-71a5-43b3-81cc-6548abc62420', '2023-05-05 11:06', '2023-05-05 15:47', 5,
        'e594be2e-1385-4bb4-b817-3ea71a86c496'),
       ('75984de9-2c3e-4ee1-b554-71186ed802d3', '2023-06-09 12:39', '2023-06-09 16:05', 3,
        'e594be2e-1385-4bb4-b817-3ea71a86c496'),
       ('c5f52ea1-6af5-4b3d-89f4-ca30d676c0ed', '2023-12-09 16:29', '2023-12-09 20:09', 5,
        'e594be2e-1385-4bb4-b817-3ea71a86c496'),
       ('429a7152-5de6-49a0-8a7f-8d6faf72119e', '2023-01-22 11:21', '2023-01-22 15:01', 1,
        'e594be2e-1385-4bb4-b817-3ea71a86c496'),
       ('4c8dba3b-cb55-4097-bfbb-87019c83edd1', '2023-06-21 17:08', '2023-06-21 21:31', 4,
        'e594be2e-1385-4bb4-b817-3ea71a86c496'),
       ('d81f1819-deab-4daf-9183-726851144ae5', '2023-08-02 11:49', '2023-08-02 15:00', 3,
        'e594be2e-1385-4bb4-b817-3ea71a86c496'),
       ('ec386535-a09c-485e-8220-869612181b8a', '2023-03-23 15:23', '2023-03-23 19:27', 0,
        'e594be2e-1385-4bb4-b817-3ea71a86c496'),
       ('2706396a-69f3-4d6f-b0cc-25a167d4f858', '2023-01-16 12:17', '2023-01-16 16:42', 3,
        'e594be2e-1385-4bb4-b817-3ea71a86c496'),
       ('a71344f7-a3aa-4e7c-a073-b4a32f6180a3', '2023-08-13 17:34', '2023-08-13 21:37', 1,
        'f0e229d7-df99-46a7-a762-d13b42dec8ec'),
       ('93ace612-808b-4446-ae14-efe9a3a743da', '2023-10-24 18:15', '2023-10-24 22:58', 5,
        'f0e229d7-df99-46a7-a762-d13b42dec8ec'),
       ('15bb5a68-2ff8-4e61-86a1-cc1994d56ea4', '2023-08-09 11:33', '2023-08-09 15:24', 3,
        'f0e229d7-df99-46a7-a762-d13b42dec8ec'),
       ('b513b5de-878a-4a70-889a-ef650d878446', '2023-04-08 13:33', '2023-04-08 17:33', 3,
        'f0e229d7-df99-46a7-a762-d13b42dec8ec'),
       ('ac32e961-5adc-4ef8-b1bd-fc02dff77aff', '2023-09-21 14:23', '2023-09-21 18:40', 1,
        'f0e229d7-df99-46a7-a762-d13b42dec8ec'),
       ('ca877704-2b1e-492d-a0f3-fe68bc0775db', '2023-11-16 13:52', '2023-11-16 17:50', 3,
        'f0e229d7-df99-46a7-a762-d13b42dec8ec'),
       ('6947cfdb-7243-432e-bb04-50c918f0afdc', '2023-05-19 18:49', '2023-05-19 22:17', 1,
        'f0e229d7-df99-46a7-a762-d13b42dec8ec'),
       ('f85dcbb3-db3d-4079-9a8c-095de30408f4', '2023-02-16 13:43', '2023-02-16 17:16', 5,
        'f0e229d7-df99-46a7-a762-d13b42dec8ec'),
       ('779cde1e-88bb-4f82-a68c-334d75490823', '2023-09-04 14:52', '2023-09-04 18:54', 5,
        'f0e229d7-df99-46a7-a762-d13b42dec8ec'),
       ('c562078f-894f-4ef4-9ab8-00e43f9e782a', '2023-10-06 15:44', '2023-10-06 19:47', 2,
        'f0e229d7-df99-46a7-a762-d13b42dec8ec'),
       ('5e6d1cc4-0b62-4a68-9db3-f66ffa174c2d', '2023-01-03 12:14', '2023-01-03 16:28', 4,
        '0269722d-4937-4ec2-86b4-06a08143be94'),
       ('ed69d4d8-3d86-45f6-9f30-d905f18c9748', '2023-12-13 18:23', '2023-12-13 22:11', 4,
        '0269722d-4937-4ec2-86b4-06a08143be94'),
       ('520ee1dc-255f-4012-9c39-085cec4683a6', '2023-08-20 12:41', '2023-08-20 16:56', 4,
        '0269722d-4937-4ec2-86b4-06a08143be94'),
       ('916b77cc-cb48-4bf1-96a8-a261ed669e48', '2023-10-13 17:41', '2023-10-13 21:35', 5,
        '0269722d-4937-4ec2-86b4-06a08143be94'),
       ('bb7bc6d3-c840-4181-bb0b-fc029378ae61', '2023-01-20 14:33', '2023-01-20 18:55', 4,
        '0269722d-4937-4ec2-86b4-06a08143be94'),
       ('3fd19eba-ec01-4d91-99f4-63d57959fba6', '2023-11-17 13:27', '2023-11-17 17:37', 4,
        '0269722d-4937-4ec2-86b4-06a08143be94'),
       ('402e3e6b-9abc-4036-8f34-130bb157b07c', '2023-03-25 15:47', '2023-03-25 19:22', 5,
        '0269722d-4937-4ec2-86b4-06a08143be94'),
       ('49d743c5-a89f-4a69-8c88-b6bbca956983', '2023-07-22 11:20', '2023-07-22 15:14', 3,
        '0269722d-4937-4ec2-86b4-06a08143be94'),
       ('6e55f6a0-09c4-4c9e-8408-00ba81afbc91', '2023-03-28 14:05', '2023-03-28 18:11', 5,
        '0269722d-4937-4ec2-86b4-06a08143be94'),
       ('b6f7e517-36ed-41e9-99a4-d47a16975696', '2023-12-26 16:23', '2023-12-26 20:34', 3,
        '0269722d-4937-4ec2-86b4-06a08143be94'),
       ('47229ec6-4b23-411c-b482-07b64e9f8cdb', '2023-04-20 15:24', '2023-04-20 19:02', 4,
        '2113f734-ad2c-4420-a463-02d1ecb98748'),
       ('7945dce4-583a-41ca-b266-a48ddd3dff8a', '2023-11-27 12:31', '2023-11-27 16:52', 5,
        '2113f734-ad2c-4420-a463-02d1ecb98748'),
       ('46ff1d73-f899-4b11-8308-bb8ef8d50497', '2023-05-23 15:44', '2023-05-23 19:02', 3,
        '2113f734-ad2c-4420-a463-02d1ecb98748'),
       ('0d0b87ee-cbc4-4e8a-a1a2-d90c7781406c', '2023-12-21 17:59', '2023-12-21 21:36', 2,
        '2113f734-ad2c-4420-a463-02d1ecb98748'),
       ('c8a1eab4-ebed-4fd3-b748-47f3f3d99f8b', '2023-03-09 13:26', '2023-03-09 17:37', 4,
        '2113f734-ad2c-4420-a463-02d1ecb98748'),
       ('ebb1ad67-16b8-4832-a5e1-6ada1b06ce18', '2023-05-08 14:36', '2023-05-08 18:06', 4,
        '2113f734-ad2c-4420-a463-02d1ecb98748'),
       ('7f05ba55-870a-4169-bf8e-ba42d36a00ca', '2023-09-08 18:40', '2023-09-08 22:00', 3,
        '2113f734-ad2c-4420-a463-02d1ecb98748'),
       ('6d86563a-731f-4782-9278-d3534d4ccd37', '2023-06-16 16:18', '2023-06-16 20:58', 1,
        '2113f734-ad2c-4420-a463-02d1ecb98748'),
       ('42e594e1-6d81-4a7d-9be2-053a7edd325e', '2023-08-10 12:14', '2023-08-10 16:31', 2,
        '2113f734-ad2c-4420-a463-02d1ecb98748'),
       ('a4c14f36-1314-4b43-8628-bdcd2a25a5e0', '2023-06-22 13:03', '2023-06-22 17:47', 5,
        '2113f734-ad2c-4420-a463-02d1ecb98748'),
       ('8509d3e7-3438-413b-87b4-f6ced210bed4', '2023-06-01 12:10', '2023-06-01 16:40', 2,
        'c1f824e1-408e-416a-872d-025f6c02cee3'),
       ('a79f33e1-cce5-4162-8b67-09cce75a06e1', '2023-05-21 17:12', '2023-05-21 21:25', 4,
        'c1f824e1-408e-416a-872d-025f6c02cee3'),
       ('f4146921-d853-4794-8359-f412f4345939', '2023-01-05 15:49', '2023-01-05 19:16', 1,
        'c1f824e1-408e-416a-872d-025f6c02cee3'),
       ('3fe7dc51-5eab-4aec-90b1-b448d3d2ade0', '2023-12-17 13:12', '2023-12-17 17:32', 4,
        'c1f824e1-408e-416a-872d-025f6c02cee3'),
       ('2c2e183e-7abd-4595-8435-1e811330f1eb', '2023-01-22 11:29', '2023-01-22 15:09', 2,
        'c1f824e1-408e-416a-872d-025f6c02cee3'),
       ('c8499ef3-9d61-45f4-8e0e-14eb3562a41e', '2023-07-24 14:10', '2023-07-24 18:53', 5,
        'c1f824e1-408e-416a-872d-025f6c02cee3'),
       ('e5a4a1e2-0962-4c61-b50a-07b884437a9d', '2023-08-10 17:22', '2023-08-10 21:59', 5,
        'c1f824e1-408e-416a-872d-025f6c02cee3'),
       ('d17a0315-e66e-41a4-824a-2d3b7c0d37d8', '2023-01-23 16:00', '2023-01-23 20:52', 2,
        'c1f824e1-408e-416a-872d-025f6c02cee3'),
       ('4fefdbcc-0945-4e30-813f-2d851b9d4d9c', '2023-04-07 13:48', '2023-04-07 17:18', 5,
        'c1f824e1-408e-416a-872d-025f6c02cee3'),
       ('29ec18b0-a76a-4c1a-b2a4-3224e7615e10', '2023-01-04 11:19', '2023-01-04 15:58', 1,
        'c1f824e1-408e-416a-872d-025f6c02cee3'),
       ('ef070d40-ed54-46fe-9202-daf21695965f', '2023-06-12 17:04', '2023-06-12 21:54', 4,
        '92e41fc4-4e83-4d0f-9bd1-2bcd29f809b9'),
       ('05b026d4-c16e-4b52-8aba-3cb06479c7e5', '2023-01-11 14:19', '2023-01-11 18:04', 4,
        '92e41fc4-4e83-4d0f-9bd1-2bcd29f809b9'),
       ('3ca3a29a-5739-4d29-a2e6-344749e8d450', '2023-03-18 12:37', '2023-03-18 16:14', 5,
        '92e41fc4-4e83-4d0f-9bd1-2bcd29f809b9'),
       ('7b0b289c-7b05-4ff1-b71a-123889b35570', '2023-03-18 12:47', '2023-03-18 16:03', 2,
        '92e41fc4-4e83-4d0f-9bd1-2bcd29f809b9'),
       ('a6397909-1e9f-468e-9534-ab4ff895674b', '2023-09-08 11:22', '2023-09-08 15:59', 4,
        '92e41fc4-4e83-4d0f-9bd1-2bcd29f809b9'),
       ('0e6857d7-da46-4973-949f-a6ccf1c8da63', '2023-11-04 12:53', '2023-11-04 16:36', 4,
        '92e41fc4-4e83-4d0f-9bd1-2bcd29f809b9'),
       ('34f2fdd2-0831-4cbd-9ed7-8b8def77e309', '2023-11-03 15:29', '2023-11-03 19:14', 3,
        '92e41fc4-4e83-4d0f-9bd1-2bcd29f809b9'),
       ('abd96386-2879-4529-b731-06227dfa3393', '2023-02-14 12:07', '2023-02-14 16:56', 2,
        '92e41fc4-4e83-4d0f-9bd1-2bcd29f809b9'),
       ('6569ad92-bc8d-4034-9d2d-5f259951482a', '2023-03-18 13:29', '2023-03-18 17:43', 0,
        '92e41fc4-4e83-4d0f-9bd1-2bcd29f809b9'),
       ('ef0d89b6-4d0e-4692-9230-d53406e3395c', '2023-06-03 17:29', '2023-06-03 21:37', 2,
        '92e41fc4-4e83-4d0f-9bd1-2bcd29f809b9'),
       ('aa940658-00ac-42b3-b514-a682373e4bec', '2023-01-26 17:28', '2023-01-26 21:32', 3,
        '645ad992-75f0-4dab-8579-934d10fc8712'),
       ('0320d997-34d4-4adb-bba8-faf14f415475', '2023-06-12 16:57', '2023-06-12 20:32', 1,
        '645ad992-75f0-4dab-8579-934d10fc8712'),
       ('856fa46f-a1a8-4545-948b-a027cf89a36b', '2023-02-21 14:58', '2023-02-21 18:15', 2,
        '645ad992-75f0-4dab-8579-934d10fc8712'),
       ('8b5eef5c-cd62-442c-beb6-b4ac81b3ad5b', '2023-02-09 15:56', '2023-02-09 19:35', 4,
        '645ad992-75f0-4dab-8579-934d10fc8712'),
       ('da5afb75-b23f-4e3d-b740-4ba23eab03de', '2023-09-04 12:13', '2023-09-04 16:54', 0,
        '645ad992-75f0-4dab-8579-934d10fc8712'),
       ('d0ff11c4-7bcb-487a-8900-a248a9e7df63', '2023-08-22 18:38', '2023-08-22 22:29', 0,
        '645ad992-75f0-4dab-8579-934d10fc8712'),
       ('ab4670a7-1226-4533-8e40-aea2af6c144c', '2023-10-24 13:48', '2023-10-24 17:09', 4,
        '645ad992-75f0-4dab-8579-934d10fc8712'),
       ('f69af31a-3cfe-4700-9c1d-ec6ce4c90b13', '2023-08-17 16:09', '2023-08-17 20:09', 0,
        '645ad992-75f0-4dab-8579-934d10fc8712'),
       ('ae7dda51-55a0-4915-8278-241a7fa319d8', '2023-09-15 12:10', '2023-09-15 16:04', 2,
        '645ad992-75f0-4dab-8579-934d10fc8712'),
       ('9ce419b7-5179-4ea8-8bd4-f3bc4d45adea', '2023-09-27 12:13', '2023-09-27 16:50', 4,
        '645ad992-75f0-4dab-8579-934d10fc8712'),
       ('d82c7c3c-c7f6-4784-986a-fecbfc909f8b', '2023-02-25 11:20', '2023-02-25 15:15', 0,
        '3649dfef-75ff-4e17-9645-c87570ea1fc6'),
       ('99168652-2436-49c3-8fa8-94f8c675f698', '2023-10-21 11:52', '2023-10-21 15:34', 3,
        '3649dfef-75ff-4e17-9645-c87570ea1fc6'),
       ('d20548ef-4aee-4b40-b982-8d0f7142602b', '2023-09-25 11:44', '2023-09-25 15:49', 2,
        '3649dfef-75ff-4e17-9645-c87570ea1fc6'),
       ('d7be3309-7cf2-4075-b2cc-47584beecbf6', '2023-09-27 18:33', '2023-09-27 22:16', 3,
        '3649dfef-75ff-4e17-9645-c87570ea1fc6'),
       ('9b006239-72a4-4933-b824-1925a58508ce', '2023-03-16 18:04', '2023-03-16 22:52', 2,
        '3649dfef-75ff-4e17-9645-c87570ea1fc6'),
       ('bf9d737a-b942-49b5-976b-f1e78f031abf', '2023-03-01 17:47', '2023-03-01 21:07', 3,
        '3649dfef-75ff-4e17-9645-c87570ea1fc6'),
       ('27a90d53-563f-417a-ac9a-02d3f9e149f6', '2023-07-05 11:20', '2023-07-05 15:52', 4,
        '3649dfef-75ff-4e17-9645-c87570ea1fc6'),
       ('cada06a7-bf46-4b76-bb32-ee0c91a68aa2', '2023-12-13 17:24', '2023-12-13 21:33', 3,
        '3649dfef-75ff-4e17-9645-c87570ea1fc6'),
       ('9e13f79a-2a65-4ccf-8409-d88c721c01ff', '2023-08-17 11:09', '2023-08-17 15:21', 0,
        '3649dfef-75ff-4e17-9645-c87570ea1fc6'),
       ('1fd94d40-9f76-46f6-921f-f91cac32b1d8', '2023-07-26 12:01', '2023-07-26 16:41', 2,
        '3649dfef-75ff-4e17-9645-c87570ea1fc6'),
       ('13a827a8-b184-4ce1-8e68-30a920608697', '2023-01-01 14:44', '2023-01-01 18:32', 1,
        'fc7ab035-2172-4c5c-8448-91a478ef7698'),
       ('3a137cd2-86bc-404a-9310-982334045fa7', '2023-07-05 13:37', '2023-07-05 17:48', 4,
        'fc7ab035-2172-4c5c-8448-91a478ef7698'),
       ('afc3952e-9efe-41dd-9316-1a7daed6ff4e', '2023-10-23 16:47', '2023-10-23 20:53', 1,
        'fc7ab035-2172-4c5c-8448-91a478ef7698'),
       ('61e65e2a-96e3-4bd1-9d50-6818218942a2', '2023-07-23 14:46', '2023-07-23 18:21', 0,
        'fc7ab035-2172-4c5c-8448-91a478ef7698'),
       ('ff78d39b-a293-48b5-83bb-bac325e8b6f0', '2023-11-04 15:04', '2023-11-04 19:10', 3,
        'fc7ab035-2172-4c5c-8448-91a478ef7698'),
       ('88eb5da5-d85d-4a49-9a1d-2fead4e3a7dd', '2023-05-26 12:10', '2023-05-26 16:48', 0,
        'fc7ab035-2172-4c5c-8448-91a478ef7698'),
       ('6a3fe584-8fb2-4a7a-8e8b-9555879edddb', '2023-10-04 18:17', '2023-10-04 22:30', 2,
        'fc7ab035-2172-4c5c-8448-91a478ef7698'),
       ('c7871502-2db6-4754-97fe-676f067cafa0', '2023-06-12 17:53', '2023-06-12 21:27', 4,
        'fc7ab035-2172-4c5c-8448-91a478ef7698'),
       ('4841728e-a234-4e9f-a722-2f4918f14c55', '2023-12-12 14:51', '2023-12-12 18:16', 1,
        'fc7ab035-2172-4c5c-8448-91a478ef7698'),
       ('57e8defe-db28-438d-8d52-49fd31ae520a', '2023-12-05 12:09', '2023-12-05 16:50', 2,
        'fc7ab035-2172-4c5c-8448-91a478ef7698'),
       ('0683b805-b450-46a8-a352-24f794734d03', '2023-04-20 18:09', '2023-04-20 22:57', 5,
        'a5958b85-6dc2-4522-99f1-6f8ab855e8a8'),
       ('7a088b63-7d96-4238-97be-9f5b569cf110', '2023-02-07 11:00', '2023-02-07 15:28', 1,
        'a5958b85-6dc2-4522-99f1-6f8ab855e8a8'),
       ('1a91e694-7ba0-45f4-9ddf-131f80df308c', '2023-05-17 14:13', '2023-05-17 18:14', 2,
        'a5958b85-6dc2-4522-99f1-6f8ab855e8a8'),
       ('de411b3e-73d3-41a9-ab24-a384b93d79ef', '2023-11-19 16:09', '2023-11-19 20:33', 0,
        'a5958b85-6dc2-4522-99f1-6f8ab855e8a8'),
       ('340775ca-f9be-48c8-8b8a-5d3e0b37ff77', '2023-02-03 15:32', '2023-02-03 19:52', 5,
        'a5958b85-6dc2-4522-99f1-6f8ab855e8a8'),
       ('9e391459-5f4b-4635-87c3-d974c67ce9af', '2023-04-18 14:27', '2023-04-18 18:45', 0,
        'a5958b85-6dc2-4522-99f1-6f8ab855e8a8'),
       ('383755ca-1bd0-4cf3-b7c0-8ae365904501', '2023-06-04 18:52', '2023-06-04 22:22', 5,
        'a5958b85-6dc2-4522-99f1-6f8ab855e8a8'),
       ('6133a707-ff39-4331-ae41-a46c5608dd09', '2023-10-16 15:25', '2023-10-16 19:23', 2,
        'a5958b85-6dc2-4522-99f1-6f8ab855e8a8'),
       ('244485e7-a453-4f36-a727-9e2a8fe2f041', '2023-08-07 12:14', '2023-08-07 16:35', 3,
        'a5958b85-6dc2-4522-99f1-6f8ab855e8a8'),
       ('838315a5-4b90-43b7-88c3-38732642dd91', '2023-08-09 13:31', '2023-08-09 17:58', 5,
        'a5958b85-6dc2-4522-99f1-6f8ab855e8a8'),
       ('a6aea055-83fe-4f02-9301-22b177e7ea94', '2023-06-11 14:57', '2023-06-11 18:32', 1,
        'da57bca7-55ad-449a-826f-6fa677455894'),
       ('9fdeb800-632b-40f2-af39-3cfbbeda4653', '2023-11-01 11:18', '2023-11-01 15:38', 2,
        'da57bca7-55ad-449a-826f-6fa677455894'),
       ('8639d55b-a93f-4fd4-8c2b-2f20ee11ad66', '2023-08-26 13:31', '2023-08-26 17:00', 3,
        'da57bca7-55ad-449a-826f-6fa677455894'),
       ('cbf8fd00-31a2-42e0-9d1b-ae3151c556a3', '2023-02-14 16:38', '2023-02-14 20:22', 3,
        'da57bca7-55ad-449a-826f-6fa677455894'),
       ('258f7a5e-5131-437a-a088-426cd3889f2f', '2023-11-27 18:35', '2023-11-27 22:00', 4,
        'da57bca7-55ad-449a-826f-6fa677455894'),
       ('d71cbb30-d176-4956-a842-cdc61d6ddaaf', '2023-05-21 15:28', '2023-05-21 19:06', 0,
        'da57bca7-55ad-449a-826f-6fa677455894'),
       ('3fb89223-eeb3-4f8b-8e8a-6719bcf6ae99', '2023-09-05 12:10', '2023-09-05 16:57', 5,
        'da57bca7-55ad-449a-826f-6fa677455894'),
       ('1c665b1f-40d8-48b3-a78c-fe623e304fdd', '2023-03-11 14:33', '2023-03-11 18:57', 5,
        'da57bca7-55ad-449a-826f-6fa677455894'),
       ('cbb5be2f-f425-4f37-a3ca-3b17cfb4f971', '2023-11-03 14:33', '2023-11-03 18:49', 3,
        'da57bca7-55ad-449a-826f-6fa677455894'),
       ('202c7e25-0b5a-414d-b8ac-9644fe07b314', '2023-07-11 16:40', '2023-07-11 20:47', 3,
        'da57bca7-55ad-449a-826f-6fa677455894'),
       ('7d7e5044-b3b9-4cbd-9f02-fb73913cb645', '2023-11-18 14:55', '2023-11-18 18:02', 3,
        'aadfb41e-7778-4e0d-9044-7112c7aff7b2'),
       ('cd3e7205-4f8c-4139-9e75-cc93d626d44e', '2023-02-24 14:09', '2023-02-24 18:34', 2,
        'aadfb41e-7778-4e0d-9044-7112c7aff7b2'),
       ('2d85d305-81b9-4493-b12e-04a94fb7eafe', '2023-04-26 11:41', '2023-04-26 15:21', 3,
        'aadfb41e-7778-4e0d-9044-7112c7aff7b2'),
       ('e32bef7b-fc97-4d74-8bdf-ade32ba00014', '2023-04-11 12:47', '2023-04-11 16:09', 1,
        'aadfb41e-7778-4e0d-9044-7112c7aff7b2'),
       ('a047d432-15c6-422d-9494-32bb62f1ccaa', '2023-09-20 13:54', '2023-09-20 17:47', 5,
        'aadfb41e-7778-4e0d-9044-7112c7aff7b2'),
       ('f196756b-6a4e-48e4-aa0a-8e3dd560cae9', '2023-12-18 16:46', '2023-12-18 20:26', 2,
        'aadfb41e-7778-4e0d-9044-7112c7aff7b2'),
       ('fd9e5155-1344-4033-888e-98259f48979d', '2023-11-01 18:42', '2023-11-01 22:57', 1,
        'aadfb41e-7778-4e0d-9044-7112c7aff7b2'),
       ('a8011c8c-a17f-4132-8013-e3cf2f78a966', '2023-07-03 13:59', '2023-07-03 17:29', 0,
        'aadfb41e-7778-4e0d-9044-7112c7aff7b2'),
       ('83a8e7b2-8018-45dd-93f0-e200408b610d', '2023-04-16 15:53', '2023-04-16 19:24', 3,
        'aadfb41e-7778-4e0d-9044-7112c7aff7b2'),
       ('5a2d9a0a-ddb2-4930-9976-73a168320209', '2023-03-17 15:16', '2023-03-17 19:42', 3,
        'aadfb41e-7778-4e0d-9044-7112c7aff7b2'),
       ('9752bbcb-3052-4271-a7c7-42a4c1144cbf', '2023-02-19 11:25', '2023-02-19 15:23', 3,
        '3b3031c0-1c22-4b55-b34f-8011c7aaee7a'),
       ('69b645d0-b383-43c1-a6d4-f42e1028ce26', '2023-12-20 12:45', '2023-12-20 16:39', 4,
        '3b3031c0-1c22-4b55-b34f-8011c7aaee7a'),
       ('4be16da7-1283-4dbd-af15-244fd4496f62', '2023-12-22 15:23', '2023-12-22 19:41', 5,
        '3b3031c0-1c22-4b55-b34f-8011c7aaee7a'),
       ('5043a5ed-0660-48ad-bfd5-3a7f3b17798f', '2023-02-12 15:39', '2023-02-12 19:56', 3,
        '3b3031c0-1c22-4b55-b34f-8011c7aaee7a'),
       ('54cccb34-52d5-4a2b-8dad-ae43efbd3284', '2023-05-20 17:49', '2023-05-20 21:40', 0,
        '3b3031c0-1c22-4b55-b34f-8011c7aaee7a'),
       ('256e6e52-7fa2-4c6c-9e13-bad870995a97', '2023-11-26 16:21', '2023-11-26 20:08', 2,
        '3b3031c0-1c22-4b55-b34f-8011c7aaee7a'),
       ('ee9950a5-949c-4be5-82e5-457f4ed3ec03', '2023-12-15 14:21', '2023-12-15 18:41', 3,
        '3b3031c0-1c22-4b55-b34f-8011c7aaee7a'),
       ('e716f2ca-ea36-4dc5-b9df-94fbc0d94624', '2023-11-01 11:40', '2023-11-01 15:44', 0,
        '3b3031c0-1c22-4b55-b34f-8011c7aaee7a'),
       ('cb30c31b-631d-4ad1-9c2c-0c49f406076d', '2023-01-21 14:00', '2023-01-21 18:34', 2,
        '3b3031c0-1c22-4b55-b34f-8011c7aaee7a'),
       ('53ff3ae0-f1f7-4129-b078-a339644a2b69', '2023-07-03 11:25', '2023-07-03 15:57', 0,
        '3b3031c0-1c22-4b55-b34f-8011c7aaee7a'),
       ('6fdfe88d-6ae4-4ce5-afc5-b12cbf9d72a3', '2023-07-17 16:07', '2023-07-17 20:10', 3,
        '3aed4565-be46-4cf1-b72c-17f6c9ffe440'),
       ('741c6d7a-f112-469d-81a6-d69fb6ebf1f2', '2023-09-03 18:23', '2023-09-03 22:06', 2,
        '3aed4565-be46-4cf1-b72c-17f6c9ffe440'),
       ('29bf1baf-cea0-40e5-b41f-6f2c603d9e72', '2023-02-21 13:07', '2023-02-21 17:21', 1,
        '3aed4565-be46-4cf1-b72c-17f6c9ffe440'),
       ('9773b166-3de7-43ce-bc75-040288577ce8', '2023-05-22 15:55', '2023-05-22 19:17', 4,
        '3aed4565-be46-4cf1-b72c-17f6c9ffe440'),
       ('1f82af09-e9bf-4478-860e-5cfebe452d55', '2023-05-14 18:34', '2023-05-14 22:38', 4,
        '3aed4565-be46-4cf1-b72c-17f6c9ffe440'),
       ('80a743d4-686a-4a2d-b3b8-822477911079', '2023-10-03 14:28', '2023-10-03 18:57', 0,
        '3aed4565-be46-4cf1-b72c-17f6c9ffe440'),
       ('3d598e1b-8909-40f7-b22f-411eb25cd532', '2023-08-21 11:20', '2023-08-21 15:17', 5,
        '3aed4565-be46-4cf1-b72c-17f6c9ffe440'),
       ('3b3f8111-3f86-4ef2-9694-e667b414f8de', '2023-05-18 12:08', '2023-05-18 16:07', 5,
        '3aed4565-be46-4cf1-b72c-17f6c9ffe440'),
       ('eafdd35f-2413-4408-9734-df61bd764d66', '2023-09-27 16:49', '2023-09-27 20:47', 0,
        '3aed4565-be46-4cf1-b72c-17f6c9ffe440'),
       ('81b3105e-cf52-43bf-ae9b-3a4784ff613c', '2023-09-16 14:46', '2023-09-16 18:42', 2,
        '3aed4565-be46-4cf1-b72c-17f6c9ffe440'),
       ('641cb380-96ed-4086-aae8-9c62d29f5e05', '2023-08-04 18:12', '2023-08-04 22:16', 4,
        '283ecaa4-bb9f-4a92-93cf-2870bcaad54b'),
       ('b716725a-7e9c-444d-8488-682d16504f88', '2023-03-10 11:10', '2023-03-10 15:48', 0,
        '283ecaa4-bb9f-4a92-93cf-2870bcaad54b'),
       ('85bd5e2a-e83a-45dd-a654-bda8d4c61481', '2023-03-19 16:02', '2023-03-19 20:19', 4,
        '283ecaa4-bb9f-4a92-93cf-2870bcaad54b'),
       ('ee424609-a082-48af-a5a1-b7b1b334c279', '2023-07-12 14:58', '2023-07-12 18:27', 4,
        '283ecaa4-bb9f-4a92-93cf-2870bcaad54b'),
       ('7d4e8838-90eb-46ab-bf60-b7f19f998a6f', '2023-01-27 14:37', '2023-01-27 18:05', 3,
        '283ecaa4-bb9f-4a92-93cf-2870bcaad54b'),
       ('ba13a81e-242e-4bfc-9e9c-b7b03d017396', '2023-07-02 12:35', '2023-07-02 16:06', 1,
        '283ecaa4-bb9f-4a92-93cf-2870bcaad54b'),
       ('0f3f75cf-ec56-4f46-a161-b6e021d57a0e', '2023-11-20 17:18', '2023-11-20 21:10', 5,
        '283ecaa4-bb9f-4a92-93cf-2870bcaad54b'),
       ('fe215346-b79e-4c43-8f81-f098fe5ce1f1', '2023-08-17 17:46', '2023-08-17 21:47', 4,
        '283ecaa4-bb9f-4a92-93cf-2870bcaad54b'),
       ('1596021a-683e-49a5-a199-48b5767bdae7', '2023-02-06 13:02', '2023-02-06 17:16', 4,
        '283ecaa4-bb9f-4a92-93cf-2870bcaad54b'),
       ('b72b280a-b743-48d5-a068-03b971ae2790', '2023-06-15 16:49', '2023-06-15 20:44', 0,
        '283ecaa4-bb9f-4a92-93cf-2870bcaad54b'),
       ('8831f792-12e2-4e6f-ad2f-709d5bcce18b', '2023-09-02 17:42', '2023-09-02 21:40', 5,
        '7b34744f-34cf-49d1-a9bc-f540300eeb60'),
       ('2e4cce67-f87e-4ccd-af76-a7dc10e304c5', '2023-04-25 11:59', '2023-04-25 15:52', 0,
        '7b34744f-34cf-49d1-a9bc-f540300eeb60'),
       ('6abfc21c-5571-4c57-90ba-40824ce7eba6', '2023-08-28 12:39', '2023-08-28 16:53', 0,
        '7b34744f-34cf-49d1-a9bc-f540300eeb60'),
       ('0e36a70a-f898-4b90-b934-31a7d22ea383', '2023-04-27 16:24', '2023-04-27 20:34', 5,
        '7b34744f-34cf-49d1-a9bc-f540300eeb60'),
       ('6db7df3d-ef72-43ff-8eb5-4173e6a2cac8', '2023-03-15 16:38', '2023-03-15 20:52', 0,
        '7b34744f-34cf-49d1-a9bc-f540300eeb60'),
       ('0899058c-d8da-4d31-bd93-12580cd41db3', '2023-02-25 16:25', '2023-02-25 20:56', 5,
        '7b34744f-34cf-49d1-a9bc-f540300eeb60'),
       ('26b411a7-56cf-4057-b06c-d382b5c5235f', '2023-07-10 13:28', '2023-07-10 17:46', 5,
        '7b34744f-34cf-49d1-a9bc-f540300eeb60'),
       ('659763a8-eeac-4fad-a014-49ac0773961b', '2023-12-10 13:20', '2023-12-10 17:23', 1,
        '7b34744f-34cf-49d1-a9bc-f540300eeb60'),
       ('1cf13165-a355-4d13-b8b7-a578279b488e', '2023-08-07 16:57', '2023-08-07 20:20', 4,
        '7b34744f-34cf-49d1-a9bc-f540300eeb60'),
       ('23d5b9d6-3d84-4233-a376-4b78c115ce40', '2023-04-02 13:54', '2023-04-02 17:05', 3,
        '7b34744f-34cf-49d1-a9bc-f540300eeb60'),
       ('93f38290-3ea2-4ff1-b7d8-5bbe4055214d', '2023-08-04 17:55', '2023-08-04 21:44', 2,
        'b2c0f84d-80ab-4ce2-9d76-5c8d82375844'),
       ('202df98e-18f0-4db2-b26c-80813dbe3b90', '2023-09-20 14:24', '2023-09-20 18:52', 0,
        'b2c0f84d-80ab-4ce2-9d76-5c8d82375844'),
       ('545693e1-62eb-4388-932b-3d2977cbcada', '2023-10-11 13:00', '2023-10-11 17:35', 2,
        'b2c0f84d-80ab-4ce2-9d76-5c8d82375844'),
       ('2da0d0f6-64ef-4330-9245-c4f411d3dbcb', '2023-03-21 16:53', '2023-03-21 20:24', 2,
        'b2c0f84d-80ab-4ce2-9d76-5c8d82375844'),
       ('3cd02977-fa34-4156-b005-2db1e9f98b70', '2023-01-14 12:49', '2023-01-14 16:44', 3,
        'b2c0f84d-80ab-4ce2-9d76-5c8d82375844'),
       ('ef5edb76-c4de-4d60-b420-307fa145beb4', '2023-11-16 12:33', '2023-11-16 16:22', 4,
        'b2c0f84d-80ab-4ce2-9d76-5c8d82375844'),
       ('f8297559-8a63-4eef-b6ed-e5a2045a62e6', '2023-06-27 16:21', '2023-06-27 20:46', 0,
        'b2c0f84d-80ab-4ce2-9d76-5c8d82375844'),
       ('ee7a3bd1-feb4-4d8a-af4d-50b2d231b309', '2023-02-04 15:45', '2023-02-04 19:18', 3,
        'b2c0f84d-80ab-4ce2-9d76-5c8d82375844'),
       ('1012820d-ccaf-492b-97b2-45704aa49676', '2023-07-05 14:12', '2023-07-05 18:58', 0,
        'b2c0f84d-80ab-4ce2-9d76-5c8d82375844'),
       ('e489d5df-e7da-495f-abb2-9f580a890c21', '2023-12-23 16:54', '2023-12-23 20:30', 0,
        'b2c0f84d-80ab-4ce2-9d76-5c8d82375844'),
       ('b51460be-500c-4e8d-ae05-117e9db7b446', '2023-02-08 16:00', '2023-02-08 20:09', 3,
        'ca08a793-4ff5-422f-ad2c-b53c14ed3c29'),
       ('0095062d-a6bd-4e1e-8426-326998c702cc', '2023-03-08 13:42', '2023-03-08 17:15', 1,
        'ca08a793-4ff5-422f-ad2c-b53c14ed3c29'),
       ('1f40578c-b3fd-4fb4-892f-2f2ab80d48f1', '2023-10-09 18:30', '2023-10-09 22:16', 2,
        'ca08a793-4ff5-422f-ad2c-b53c14ed3c29'),
       ('adc07f30-feb9-424e-8320-1fb8dcb7df54', '2023-09-26 14:59', '2023-09-26 18:44', 0,
        'ca08a793-4ff5-422f-ad2c-b53c14ed3c29'),
       ('7ffd0476-3ddb-4446-97b9-2b55c82ed537', '2023-01-06 17:57', '2023-01-06 21:39', 5,
        'ca08a793-4ff5-422f-ad2c-b53c14ed3c29'),
       ('a30e74db-9f63-4b62-9444-af597fe4e2a0', '2023-01-28 13:04', '2023-01-28 17:05', 2,
        'ca08a793-4ff5-422f-ad2c-b53c14ed3c29'),
       ('94a86485-f6d3-4413-a122-a305b9d82e82', '2023-11-08 15:26', '2023-11-08 19:06', 3,
        'ca08a793-4ff5-422f-ad2c-b53c14ed3c29'),
       ('2ccc9084-a43b-4519-92f1-1f1b7ad2c78c', '2023-11-26 17:26', '2023-11-26 21:11', 5,
        'ca08a793-4ff5-422f-ad2c-b53c14ed3c29'),
       ('dd4e5beb-8ccb-46a9-af00-9c4a7b11e53f', '2023-06-27 14:10', '2023-06-27 18:42', 0,
        'ca08a793-4ff5-422f-ad2c-b53c14ed3c29'),
       ('34ec32ee-31b1-4f78-acf2-0b3979092aed', '2023-06-04 13:47', '2023-06-04 17:04', 2,
        'ca08a793-4ff5-422f-ad2c-b53c14ed3c29'),
       ('61159fd6-7dca-4e80-a8eb-ebce904f1db0', '2023-03-06 12:54', '2023-03-06 16:30', 1,
        '4237ca88-1cc1-4226-8849-f2d77ecfb0fe'),
       ('871f546b-8ed2-41dd-acc9-6aa47b77d921', '2023-01-25 17:16', '2023-01-25 21:01', 0,
        '4237ca88-1cc1-4226-8849-f2d77ecfb0fe'),
       ('e15df6ba-ff64-42a9-b6c0-9938126f7d6d', '2023-04-09 14:31', '2023-04-09 18:11', 1,
        '4237ca88-1cc1-4226-8849-f2d77ecfb0fe'),
       ('d9d0b29b-39de-41ac-9e0a-d8e7d1ad6721', '2023-02-08 14:52', '2023-02-08 18:41', 0,
        '4237ca88-1cc1-4226-8849-f2d77ecfb0fe'),
       ('721636f9-868c-443f-abbf-cb10be780c87', '2023-11-26 14:30', '2023-11-26 18:46', 2,
        '4237ca88-1cc1-4226-8849-f2d77ecfb0fe'),
       ('943d5083-391e-460c-a02d-f8b47705ae03', '2023-04-17 16:53', '2023-04-17 20:07', 3,
        '4237ca88-1cc1-4226-8849-f2d77ecfb0fe'),
       ('a587544e-ea12-47d5-9264-a06efdc6809d', '2023-06-02 13:15', '2023-06-02 17:16', 1,
        '4237ca88-1cc1-4226-8849-f2d77ecfb0fe'),
       ('3c64b3c9-3cf7-4514-9ae7-374ea059d3c1', '2023-11-01 11:18', '2023-11-01 15:51', 1,
        '4237ca88-1cc1-4226-8849-f2d77ecfb0fe'),
       ('f9de77cc-a247-4ac3-9b9c-1e2cd29e3bbe', '2023-02-25 14:28', '2023-02-25 18:12', 4,
        '4237ca88-1cc1-4226-8849-f2d77ecfb0fe'),
       ('c28ec2a0-043c-4ed0-94b3-d9d5187f4586', '2023-02-07 12:56', '2023-02-07 16:24', 0,
        '4237ca88-1cc1-4226-8849-f2d77ecfb0fe'),
       ('02cfa712-3324-413d-9a9e-65cd364cc695', '2023-06-28 15:24', '2023-06-28 19:34', 5,
        '2034cad8-0f78-4e46-9718-cd48a18cce8d'),
       ('3e37c951-1d12-44a8-94fc-50e6229e8c8b', '2023-03-26 15:42', '2023-03-26 19:09', 1,
        '2034cad8-0f78-4e46-9718-cd48a18cce8d'),
       ('dac9b925-faaf-4fd5-b827-deab57ffa9a5', '2023-07-20 15:35', '2023-07-20 19:33', 3,
        '2034cad8-0f78-4e46-9718-cd48a18cce8d'),
       ('ea5821f9-7454-4e35-901d-ba50349dbf5d', '2023-03-15 16:25', '2023-03-15 20:34', 5,
        '2034cad8-0f78-4e46-9718-cd48a18cce8d'),
       ('8b56ef1a-fefe-4304-8af4-2b291d959dc6', '2023-02-10 11:56', '2023-02-10 15:27', 2,
        '2034cad8-0f78-4e46-9718-cd48a18cce8d'),
       ('d846f273-0a5b-4cbc-83fa-c3b11d53821b', '2023-04-13 11:15', '2023-04-13 15:09', 3,
        '2034cad8-0f78-4e46-9718-cd48a18cce8d'),
       ('627ad52e-0d2e-436b-9c59-14272ebecc56', '2023-03-08 11:54', '2023-03-08 15:29', 5,
        '2034cad8-0f78-4e46-9718-cd48a18cce8d'),
       ('31577953-0d8f-402e-b6fb-1d6ecd5ba80d', '2023-12-11 16:31', '2023-12-11 20:09', 0,
        '2034cad8-0f78-4e46-9718-cd48a18cce8d'),
       ('4c883b18-dc05-4b8c-a235-13a7b32596a4', '2023-03-04 13:43', '2023-03-04 17:52', 5,
        '2034cad8-0f78-4e46-9718-cd48a18cce8d'),
       ('f85216ba-aac6-4420-9e1b-6a3fc8254f06', '2023-07-13 14:43', '2023-07-13 18:30', 5,
        '2034cad8-0f78-4e46-9718-cd48a18cce8d'),
       ('f4c3959a-275f-45dd-9c35-abd61c80573f', '2023-02-28 15:06', '2023-02-28 19:48', 4,
        '3e5fb29a-cdfe-4321-a39f-7e085eb6e8a3'),
       ('499b8236-d868-4f41-956a-ef9d92efdf26', '2023-09-25 15:10', '2023-09-25 19:59', 5,
        '3e5fb29a-cdfe-4321-a39f-7e085eb6e8a3'),
       ('b4220a97-211c-4711-948e-11c1b4efacd1', '2023-04-27 16:21', '2023-04-27 20:12', 2,
        '3e5fb29a-cdfe-4321-a39f-7e085eb6e8a3'),
       ('08dc052c-5252-49f1-ae19-e3436eeed397', '2023-11-10 15:31', '2023-11-10 19:27', 1,
        '3e5fb29a-cdfe-4321-a39f-7e085eb6e8a3'),
       ('34e309a5-e1a6-4835-8781-eb7dbce41a24', '2023-02-25 12:39', '2023-02-25 16:02', 2,
        '3e5fb29a-cdfe-4321-a39f-7e085eb6e8a3'),
       ('7a274546-b39f-4774-8923-1302d1778fc1', '2023-09-01 12:47', '2023-09-01 16:51', 5,
        '3e5fb29a-cdfe-4321-a39f-7e085eb6e8a3'),
       ('f1ae38ae-5f08-4902-ae83-a0b0ea08bfd1', '2023-12-26 18:27', '2023-12-26 22:34', 1,
        '3e5fb29a-cdfe-4321-a39f-7e085eb6e8a3'),
       ('4ff0addd-c942-4d5b-b170-4e06d8228218', '2023-10-11 18:06', '2023-10-11 22:32', 2,
        '3e5fb29a-cdfe-4321-a39f-7e085eb6e8a3'),
       ('b1a32a79-09cb-4ddf-b63e-1fa7256d6bec', '2023-02-17 14:05', '2023-02-17 18:46', 4,
        '3e5fb29a-cdfe-4321-a39f-7e085eb6e8a3'),
       ('ada09c1e-10ff-4223-9bef-4b687bc02823', '2023-06-27 11:21', '2023-06-27 15:04', 0,
        '3e5fb29a-cdfe-4321-a39f-7e085eb6e8a3'),
       ('166aa1b2-5953-4b50-a3f0-c8d70d5bae74', '2023-12-09 15:42', '2023-12-09 19:57', 4,
        '92435e1e-f7fe-4ad5-9681-2ef77df0c82a'),
       ('5d7f05fa-a382-47d6-981c-4c1c9232e767', '2023-08-16 15:59', '2023-08-16 19:51', 1,
        '92435e1e-f7fe-4ad5-9681-2ef77df0c82a'),
       ('0b9b03fe-0729-4797-a743-8c860156ff75', '2023-04-15 13:08', '2023-04-15 17:51', 3,
        '92435e1e-f7fe-4ad5-9681-2ef77df0c82a'),
       ('0f843e99-9c4e-47a1-9503-27b6918f278d', '2023-10-20 12:07', '2023-10-20 16:33', 2,
        '92435e1e-f7fe-4ad5-9681-2ef77df0c82a'),
       ('1bce37a0-963b-4527-80ad-166683462186', '2023-01-27 18:49', '2023-01-27 22:09', 5,
        '92435e1e-f7fe-4ad5-9681-2ef77df0c82a'),
       ('f1dd1cea-94d5-425f-b276-57f3c234624d', '2023-11-06 16:00', '2023-11-06 20:40', 4,
        '92435e1e-f7fe-4ad5-9681-2ef77df0c82a'),
       ('6f531557-192f-491f-9371-098b95209f87', '2023-03-16 14:36', '2023-03-16 18:54', 5,
        '92435e1e-f7fe-4ad5-9681-2ef77df0c82a'),
       ('cf72cf27-aa04-4582-90a1-a60647fffc33', '2023-01-09 14:52', '2023-01-09 18:42', 4,
        '92435e1e-f7fe-4ad5-9681-2ef77df0c82a'),
       ('d2e548ca-6ba8-41bc-a077-9cc40207e210', '2023-02-26 16:00', '2023-02-26 20:31', 5,
        '92435e1e-f7fe-4ad5-9681-2ef77df0c82a'),
       ('ff96ae29-a22b-487b-9c70-2fddaec20f93', '2023-07-24 15:07', '2023-07-24 19:03', 1,
        '92435e1e-f7fe-4ad5-9681-2ef77df0c82a'),
       ('6b61c092-bd5f-4af8-84a3-f3b3dd2e05de', '2023-06-04 14:58', '2023-06-04 18:00', 3,
        '1312f5d8-d3dc-412c-b23b-4cd5f4315947'),
       ('5894dacb-88dc-4f00-8661-f507d7a56c5d', '2023-06-17 15:13', '2023-06-17 19:33', 4,
        '1312f5d8-d3dc-412c-b23b-4cd5f4315947'),
       ('2826d8a9-342a-4d10-9bbe-13acce6e24f5', '2023-06-02 16:45', '2023-06-02 20:52', 2,
        '1312f5d8-d3dc-412c-b23b-4cd5f4315947'),
       ('296402c4-c5e3-4075-a544-79b0ab81678c', '2023-05-22 14:36', '2023-05-22 18:02', 4,
        '1312f5d8-d3dc-412c-b23b-4cd5f4315947'),
       ('e3486f90-8d05-4a69-824b-41cbec405333', '2023-03-01 11:31', '2023-03-01 15:16', 0,
        '1312f5d8-d3dc-412c-b23b-4cd5f4315947'),
       ('ef806cf4-ef84-4666-95f3-22cefc706764', '2023-11-12 16:39', '2023-11-12 20:29', 2,
        '1312f5d8-d3dc-412c-b23b-4cd5f4315947'),
       ('1ba41700-5ad0-4292-9a95-51701e11c218', '2023-12-06 15:33', '2023-12-06 19:44', 2,
        '1312f5d8-d3dc-412c-b23b-4cd5f4315947'),
       ('583fe546-4cf5-4e44-b441-f3304bb5171b', '2023-06-16 14:55', '2023-06-16 18:00', 3,
        '1312f5d8-d3dc-412c-b23b-4cd5f4315947'),
       ('82ce9ece-425b-4460-b814-01890981ec3e', '2023-02-14 18:37', '2023-02-14 22:45', 1,
        '1312f5d8-d3dc-412c-b23b-4cd5f4315947'),
       ('74142c6b-d3f1-4b1a-9199-4d80033b789a', '2023-12-28 17:55', '2023-12-28 21:04', 3,
        '1312f5d8-d3dc-412c-b23b-4cd5f4315947'),
       ('2d780d1d-ad74-4121-9130-32a8193353aa', '2023-12-12 14:17', '2023-12-12 18:41', 3,
        'ba49f634-2320-48cf-9003-55dd4ae25255'),
       ('3c752803-199b-43a8-a754-b51e37a9fc0f', '2023-08-28 17:10', '2023-08-28 21:34', 0,
        'ba49f634-2320-48cf-9003-55dd4ae25255'),
       ('5e56858d-a3f6-4af9-a7d9-aa76c7310777', '2023-03-06 16:25', '2023-03-06 20:12', 3,
        'ba49f634-2320-48cf-9003-55dd4ae25255'),
       ('904d7ade-2b59-4531-980e-617ee0a40e4d', '2023-03-20 18:26', '2023-03-20 22:51', 3,
        'ba49f634-2320-48cf-9003-55dd4ae25255'),
       ('749f9eb6-b638-4bb6-96fb-e24b3cb6b9cd', '2023-05-25 16:16', '2023-05-25 20:24', 3,
        'ba49f634-2320-48cf-9003-55dd4ae25255'),
       ('697a6876-3f5a-4efc-b3a8-c9243346f41f', '2023-08-19 12:34', '2023-08-19 16:10', 0,
        'ba49f634-2320-48cf-9003-55dd4ae25255'),
       ('f1bbd057-9f70-4928-9cec-0926df9242b8', '2023-07-26 14:54', '2023-07-26 18:57', 5,
        'ba49f634-2320-48cf-9003-55dd4ae25255'),
       ('0c5f671f-acc1-4008-9fa5-dfa9ecb76023', '2023-09-03 14:25', '2023-09-03 18:52', 4,
        'ba49f634-2320-48cf-9003-55dd4ae25255'),
       ('4d81fff6-6abe-40a5-b6e2-412958fc7cf5', '2023-01-21 15:10', '2023-01-21 19:48', 1,
        'ba49f634-2320-48cf-9003-55dd4ae25255'),
       ('d19c8d21-de62-4e9c-9c38-b0435473f732', '2023-04-21 18:31', '2023-04-21 22:22', 5,
        'ba49f634-2320-48cf-9003-55dd4ae25255'),
       ('661f3fe5-dbd0-4030-9ab4-a07759640d6a', '2023-02-28 16:04', '2023-02-28 20:36', 5,
        'db093ade-a585-49c6-b68d-1b71e6906206'),
       ('d3ea216f-cc9c-4354-bbed-28c8a9a23e61', '2023-03-01 16:35', '2023-03-01 20:57', 3,
        'db093ade-a585-49c6-b68d-1b71e6906206'),
       ('db1826bc-5cc0-4df9-9b28-97ca15ad2b6f', '2023-05-10 11:23', '2023-05-10 15:51', 4,
        'db093ade-a585-49c6-b68d-1b71e6906206'),
       ('1cb4b4c7-51ac-43f5-b95f-e95a883fa3b0', '2023-09-01 12:47', '2023-09-01 16:16', 4,
        'db093ade-a585-49c6-b68d-1b71e6906206'),
       ('d0c32c59-c329-49d5-beb9-e20ed9d61482', '2023-12-10 17:28', '2023-12-10 21:52', 1,
        'db093ade-a585-49c6-b68d-1b71e6906206'),
       ('e2163f9a-b119-417f-810d-ac3b8b87073e', '2023-07-28 15:37', '2023-07-28 19:27', 5,
        'db093ade-a585-49c6-b68d-1b71e6906206'),
       ('d25f800a-82d3-426c-8a94-d8ed24572e74', '2023-11-08 16:04', '2023-11-08 20:30', 0,
        'db093ade-a585-49c6-b68d-1b71e6906206'),
       ('1c8ad2da-45c3-4461-aa58-548c23de33c7', '2023-06-18 18:12', '2023-06-18 22:10', 1,
        'db093ade-a585-49c6-b68d-1b71e6906206'),
       ('16deaf74-af43-4114-ba7a-c0b594043fa5', '2023-05-20 16:03', '2023-05-20 20:57', 0,
        'db093ade-a585-49c6-b68d-1b71e6906206'),
       ('9ec80795-c10d-454a-8566-7e806e8ef6e7', '2023-06-16 13:34', '2023-06-16 17:05', 0,
        'db093ade-a585-49c6-b68d-1b71e6906206'),
       ('be95d51e-893e-40cc-8752-80675577e9e4', '2023-09-04 13:19', '2023-09-04 17:02', 5,
        '9a1bb325-c4a2-4ed8-892f-2524848c6040'),
       ('32989e9b-f627-4c6d-8905-ea806009299d', '2023-02-08 15:40', '2023-02-08 19:51', 2,
        '9a1bb325-c4a2-4ed8-892f-2524848c6040'),
       ('797f686a-1431-4804-a477-56bd886eee1d', '2023-08-03 18:40', '2023-08-03 22:51', 3,
        '9a1bb325-c4a2-4ed8-892f-2524848c6040'),
       ('03a96b64-3019-4ed3-8c72-e5caf7f96978', '2023-02-02 13:26', '2023-02-02 17:00', 1,
        '9a1bb325-c4a2-4ed8-892f-2524848c6040'),
       ('62a4e884-d5bd-4edb-a3c9-f56714a8a6cb', '2023-08-24 11:05', '2023-08-24 15:30', 5,
        '9a1bb325-c4a2-4ed8-892f-2524848c6040'),
       ('d77fca26-9147-42c0-bf3e-8a62a91971c4', '2023-01-05 16:16', '2023-01-05 20:40', 5,
        '9a1bb325-c4a2-4ed8-892f-2524848c6040'),
       ('f6560038-14d2-44e5-98ae-f20483103f4c', '2023-10-13 11:59', '2023-10-13 15:10', 3,
        '9a1bb325-c4a2-4ed8-892f-2524848c6040'),
       ('4720cced-97eb-4f6b-acdb-a269d12b8b02', '2023-04-03 16:08', '2023-04-03 20:19', 1,
        '9a1bb325-c4a2-4ed8-892f-2524848c6040'),
       ('876935d9-8c92-4c5e-b63b-ead8872a98d1', '2023-12-23 18:59', '2023-12-23 22:00', 2,
        '9a1bb325-c4a2-4ed8-892f-2524848c6040'),
       ('8bb63b2e-9506-4de8-b74f-4dc1f9f4b3e4', '2023-10-24 12:55', '2023-10-24 16:50', 5,
        '9a1bb325-c4a2-4ed8-892f-2524848c6040'),
       ('70c26f9e-9c09-418e-9eaf-94d59a991f8d', '2023-09-24 11:29', '2023-09-24 15:25', 3,
        '72291203-aba4-4655-acb9-5a030345a12c'),
       ('ec95a96b-3bb5-4582-8658-d2c60b65c62f', '2023-08-24 18:02', '2023-08-24 22:08', 3,
        '72291203-aba4-4655-acb9-5a030345a12c'),
       ('91836012-236f-49fb-ba88-a3ab639a1f31', '2023-11-07 16:54', '2023-11-07 20:35', 2,
        '72291203-aba4-4655-acb9-5a030345a12c'),
       ('fcffcb61-3946-4517-aa7f-c95d365d9507', '2023-12-01 16:54', '2023-12-01 20:46', 3,
        '72291203-aba4-4655-acb9-5a030345a12c'),
       ('f2764869-3670-455c-bf3d-ac5b5aabc90b', '2023-07-09 13:08', '2023-07-09 17:06', 2,
        '72291203-aba4-4655-acb9-5a030345a12c'),
       ('7736629b-fbe4-4a7f-9d15-c0aced135c9b', '2023-07-21 14:43', '2023-07-21 18:12', 0,
        '72291203-aba4-4655-acb9-5a030345a12c'),
       ('c791bde5-0c4e-4261-b1c0-63cce12fe208', '2023-01-14 15:01', '2023-01-14 19:51', 0,
        '72291203-aba4-4655-acb9-5a030345a12c'),
       ('8d0778e3-8e2d-4786-925e-b13701b97442', '2023-05-14 15:20', '2023-05-14 19:35', 5,
        '72291203-aba4-4655-acb9-5a030345a12c'),
       ('48b1d572-6d11-499a-b453-2d1c3a714076', '2023-04-27 12:54', '2023-04-27 16:11', 3,
        '72291203-aba4-4655-acb9-5a030345a12c'),
       ('da1d0fab-da92-4024-8e41-6decd603025c', '2023-01-03 18:15', '2023-01-03 22:31', 4,
        '72291203-aba4-4655-acb9-5a030345a12c'),
       ('56e82775-a9d2-4494-9e9f-14f215a3ac98', '2023-12-13 13:19', '2023-12-13 17:49', 0,
        'f124ddbb-9403-42b2-b0d1-b2a1f732e663'),
       ('d8e10d1f-a849-4b0f-a0d9-9464e46548cb', '2023-11-06 18:14', '2023-11-06 22:16', 4,
        'f124ddbb-9403-42b2-b0d1-b2a1f732e663'),
       ('0d80c4f3-6b53-4499-8217-2d1e4845e0b5', '2023-09-13 11:50', '2023-09-13 15:18', 3,
        'f124ddbb-9403-42b2-b0d1-b2a1f732e663'),
       ('e2ecd169-9af5-4731-8ebc-244458a88258', '2023-09-26 14:55', '2023-09-26 18:30', 2,
        'f124ddbb-9403-42b2-b0d1-b2a1f732e663'),
       ('7185d3b2-b792-46b3-916c-f575ee54dfc5', '2023-09-21 11:19', '2023-09-21 15:22', 3,
        'f124ddbb-9403-42b2-b0d1-b2a1f732e663'),
       ('4d2e3595-1366-4be3-a779-4def9269e7bd', '2023-08-24 17:13', '2023-08-24 21:28', 0,
        'f124ddbb-9403-42b2-b0d1-b2a1f732e663'),
       ('fb96b52f-5a5f-48dd-8d3e-1085718b3900', '2023-07-27 12:31', '2023-07-27 16:42', 5,
        'f124ddbb-9403-42b2-b0d1-b2a1f732e663'),
       ('b49fc5ab-4292-4d39-9f3c-6db0ee97c333', '2023-01-14 17:23', '2023-01-14 21:38', 0,
        'f124ddbb-9403-42b2-b0d1-b2a1f732e663'),
       ('213df404-27b4-4a25-a32a-9433289109fe', '2023-10-20 18:24', '2023-10-20 22:35', 1,
        'f124ddbb-9403-42b2-b0d1-b2a1f732e663'),
       ('310dbd5a-d91d-4410-a28a-6c2b6e2cf48d', '2023-07-28 11:34', '2023-07-28 15:01', 4,
        'f124ddbb-9403-42b2-b0d1-b2a1f732e663'),
       ('1238c3b5-b9fe-4d68-9941-00db1a2735b5', '2023-10-16 18:13', '2023-10-16 22:52', 2,
        'eb80212c-f399-4357-86d6-c4aa6777327c'),
       ('e0ced250-df7f-4359-b6da-5915797229e2', '2023-10-22 12:02', '2023-10-22 16:07', 4,
        'eb80212c-f399-4357-86d6-c4aa6777327c'),
       ('4ab6bdf1-278e-4bb6-afa8-618c0fe0cf29', '2023-05-25 16:33', '2023-05-25 20:42', 2,
        'eb80212c-f399-4357-86d6-c4aa6777327c'),
       ('cea2e721-d9cc-43dd-9f73-e05e9b7e5005', '2023-10-19 14:02', '2023-10-19 18:30', 0,
        'eb80212c-f399-4357-86d6-c4aa6777327c'),
       ('ea70f13f-59f2-481e-a626-587b448a576a', '2023-05-14 18:29', '2023-05-14 22:18', 4,
        'eb80212c-f399-4357-86d6-c4aa6777327c'),
       ('5e794521-4c79-4ae5-981f-e15b4dc4cfe7', '2023-09-24 11:35', '2023-09-24 15:55', 2,
        'eb80212c-f399-4357-86d6-c4aa6777327c'),
       ('cefc987d-d990-477e-9829-228b07749015', '2023-07-12 16:07', '2023-07-12 20:07', 5,
        'eb80212c-f399-4357-86d6-c4aa6777327c'),
       ('f715e717-79e4-480d-b9c4-806806b9bcf8', '2023-08-26 13:34', '2023-08-26 17:32', 0,
        'eb80212c-f399-4357-86d6-c4aa6777327c'),
       ('5cad93ae-6f8d-4154-bb5d-c6b63d04e716', '2023-08-17 12:00', '2023-08-17 16:02', 5,
        'eb80212c-f399-4357-86d6-c4aa6777327c'),
       ('b6b7abab-923b-404b-a7f2-6863b4238b8e', '2023-08-25 15:36', '2023-08-25 19:40', 0,
        'eb80212c-f399-4357-86d6-c4aa6777327c'),
       ('0fc6a3d6-7791-4a54-8749-dcfe048e3da0', '2023-07-26 16:28', '2023-07-26 20:51', 0,
        'ae123d8c-c638-41d5-8f2d-ec149d3db7a6'),
       ('507bd942-1479-4a31-90f0-2fdf9d7d974f', '2023-11-09 12:59', '2023-11-09 16:10', 1,
        'ae123d8c-c638-41d5-8f2d-ec149d3db7a6'),
       ('2dcc4002-cce7-40f7-bfeb-baca3097df28', '2023-09-10 15:34', '2023-09-10 19:56', 5,
        'ae123d8c-c638-41d5-8f2d-ec149d3db7a6'),
       ('3ac84861-91fb-4a28-81e0-ff8cea79d8ab', '2023-06-03 11:45', '2023-06-03 15:49', 5,
        'ae123d8c-c638-41d5-8f2d-ec149d3db7a6'),
       ('9d4bcd59-77b4-405c-aefc-4a4819348a5b', '2023-03-15 17:35', '2023-03-15 21:44', 0,
        'ae123d8c-c638-41d5-8f2d-ec149d3db7a6'),
       ('31d6738a-c79c-49e8-90c7-7ecefd0f9b62', '2023-09-24 15:37', '2023-09-24 19:47', 4,
        'ae123d8c-c638-41d5-8f2d-ec149d3db7a6'),
       ('505b2f2b-c346-485d-bf31-4916ca50dab5', '2023-05-03 16:15', '2023-05-03 20:58', 2,
        'ae123d8c-c638-41d5-8f2d-ec149d3db7a6'),
       ('6a75724c-e2f4-4199-91c4-3fc004b3dab1', '2023-10-02 13:48', '2023-10-02 17:06', 4,
        'ae123d8c-c638-41d5-8f2d-ec149d3db7a6'),
       ('c4304552-e13f-4338-b7f8-5bed32f27dd1', '2023-08-10 13:46', '2023-08-10 17:16', 4,
        'ae123d8c-c638-41d5-8f2d-ec149d3db7a6'),
       ('0766c3ab-108f-4ed5-8558-9a18c169873f', '2023-06-01 15:15', '2023-06-01 19:00', 3,
        'ae123d8c-c638-41d5-8f2d-ec149d3db7a6'),
       ('c6399892-18eb-46a5-b3f2-8b23e6424780', '2023-08-22 14:39', '2023-08-22 18:39', 1,
        'b334cbcb-31dc-4820-a364-6f78a9abf07b'),
       ('d9299668-a481-43cd-96e3-601ca61d64a5', '2023-08-09 13:28', '2023-08-09 17:11', 2,
        'b334cbcb-31dc-4820-a364-6f78a9abf07b'),
       ('91027592-3c11-431b-8ef6-506ded348120', '2023-02-23 17:03', '2023-02-23 21:30', 3,
        'b334cbcb-31dc-4820-a364-6f78a9abf07b'),
       ('b747891d-292c-4931-800a-5641f668426e', '2023-01-13 17:53', '2023-01-13 21:46', 1,
        'b334cbcb-31dc-4820-a364-6f78a9abf07b'),
       ('e3a2b638-4403-4fce-a5ab-2867bae8f409', '2023-07-25 13:02', '2023-07-25 17:08', 0,
        'b334cbcb-31dc-4820-a364-6f78a9abf07b'),
       ('99c339c1-4d64-4e33-9a43-9796832c83f1', '2023-08-20 18:26', '2023-08-20 22:28', 0,
        'b334cbcb-31dc-4820-a364-6f78a9abf07b'),
       ('ae349f43-4502-4b61-8bb3-a74e3516aaf7', '2023-02-09 11:52', '2023-02-09 15:13', 2,
        'b334cbcb-31dc-4820-a364-6f78a9abf07b'),
       ('5fa5dff9-56b6-40ec-bcf5-48579ccc3d89', '2023-09-19 11:16', '2023-09-19 15:21', 5,
        'b334cbcb-31dc-4820-a364-6f78a9abf07b'),
       ('05d1c6f6-bd86-488c-907a-6cf6dc6639c7', '2023-03-19 17:12', '2023-03-19 21:33', 4,
        'b334cbcb-31dc-4820-a364-6f78a9abf07b'),
       ('f4184830-67ad-4c5d-a8b7-3d37099f0ab2', '2023-12-27 11:08', '2023-12-27 15:41', 5,
        'b334cbcb-31dc-4820-a364-6f78a9abf07b'),
       ('aa2e72e0-2ec6-4617-aec5-f0fcbfda9886', '2023-08-06 13:51', '2023-08-06 17:10', 3,
        'a8c3be8e-b8a9-4426-9683-4e917f52710c'),
       ('e0b0ed39-6d0f-4572-b0bc-3691e910f106', '2023-02-21 12:42', '2023-02-21 16:32', 1,
        'a8c3be8e-b8a9-4426-9683-4e917f52710c'),
       ('10f754df-fdf8-494b-8189-f501181e8826', '2023-05-04 16:43', '2023-05-04 20:43', 4,
        'a8c3be8e-b8a9-4426-9683-4e917f52710c'),
       ('ff767821-7db9-4bac-bef5-55efc49c959c', '2023-10-08 17:44', '2023-10-08 21:57', 2,
        'a8c3be8e-b8a9-4426-9683-4e917f52710c'),
       ('f9835939-9844-4458-a330-513ef8371fb8', '2023-01-14 18:20', '2023-01-14 22:11', 2,
        'a8c3be8e-b8a9-4426-9683-4e917f52710c'),
       ('534d80af-2ff3-4fae-94b1-b536a6ae4326', '2023-05-07 16:25', '2023-05-07 20:28', 0,
        'a8c3be8e-b8a9-4426-9683-4e917f52710c'),
       ('14a33bbc-6f79-4d62-a76c-7057932c9ab4', '2023-07-16 12:41', '2023-07-16 16:23', 2,
        'a8c3be8e-b8a9-4426-9683-4e917f52710c'),
       ('29a7b842-89cd-485f-96ad-f22970f7c5ce', '2023-09-09 15:08', '2023-09-09 19:25', 3,
        'a8c3be8e-b8a9-4426-9683-4e917f52710c'),
       ('dda492a1-0b2b-4efe-a93e-3839ecb8f106', '2023-07-16 16:58', '2023-07-16 20:36', 0,
        'a8c3be8e-b8a9-4426-9683-4e917f52710c'),
       ('4157c48b-6714-45f8-aa65-83355a837adb', '2023-06-28 16:56', '2023-06-28 20:27', 4,
        'a8c3be8e-b8a9-4426-9683-4e917f52710c'),
       ('b99ff6bd-76c7-4a0e-93bd-b1cd5bded4a4', '2023-11-21 11:43', '2023-11-21 15:25', 4,
        '5bb478cb-871a-487d-90cf-626e5384e30f'),
       ('1d9a2d41-66d6-4018-b477-fb7f6c72c3f3', '2023-02-27 15:55', '2023-02-27 19:14', 1,
        '5bb478cb-871a-487d-90cf-626e5384e30f'),
       ('7c3e47ce-366c-43a4-95bd-1f5bf9d2dc98', '2023-09-14 18:58', '2023-09-14 22:25', 5,
        '5bb478cb-871a-487d-90cf-626e5384e30f'),
       ('feae1c28-2b7d-4739-80da-e4de10fb633b', '2023-05-11 18:07', '2023-05-11 22:00', 3,
        '5bb478cb-871a-487d-90cf-626e5384e30f'),
       ('92c03892-7a29-4325-8a7f-8edb24b56c8a', '2023-11-05 11:26', '2023-11-05 15:38', 0,
        '5bb478cb-871a-487d-90cf-626e5384e30f'),
       ('82bf636f-827d-49b6-abcb-dd712180fafb', '2023-06-15 16:25', '2023-06-15 20:23', 5,
        '5bb478cb-871a-487d-90cf-626e5384e30f'),
       ('23fafb79-9376-4285-b7ff-a7b8dab31526', '2023-06-08 15:10', '2023-06-08 19:03', 1,
        '5bb478cb-871a-487d-90cf-626e5384e30f'),
       ('c5901a06-d2aa-4561-8fa8-da9217046f24', '2023-04-04 14:30', '2023-04-04 18:03', 1,
        '5bb478cb-871a-487d-90cf-626e5384e30f'),
       ('b7b81736-20c3-4b70-9bd7-068d2ed46117', '2023-05-12 12:12', '2023-05-12 16:33', 3,
        '5bb478cb-871a-487d-90cf-626e5384e30f'),
       ('c2029a6c-6fe7-4303-b305-447c561e8eed', '2023-07-02 13:17', '2023-07-02 17:56', 2,
        '5bb478cb-871a-487d-90cf-626e5384e30f'),
       ('4e1f2872-3838-4a58-b796-a5f12191415b', '2023-02-26 14:30', '2023-02-26 18:23', 2,
        '4609d3ca-d031-4b0e-b414-c4d66fddab1a'),
       ('40b0ee71-090b-42d4-844a-8dd12864a613', '2023-04-12 12:28', '2023-04-12 16:36', 4,
        '4609d3ca-d031-4b0e-b414-c4d66fddab1a'),
       ('6e5c1e69-e20b-474b-87c4-c3d8535b7401', '2023-03-28 15:43', '2023-03-28 19:24', 5,
        '4609d3ca-d031-4b0e-b414-c4d66fddab1a'),
       ('cfdebf15-49b7-49bc-9ba5-c368cf25cc10', '2023-11-26 17:48', '2023-11-26 21:20', 3,
        '4609d3ca-d031-4b0e-b414-c4d66fddab1a'),
       ('0b7c9292-3b01-4959-9fac-0932c173b42f', '2023-10-19 17:58', '2023-10-19 21:28', 0,
        '4609d3ca-d031-4b0e-b414-c4d66fddab1a'),
       ('8ce9182d-1964-40b8-9741-7a9243caa549', '2023-05-06 15:46', '2023-05-06 19:35', 0,
        '4609d3ca-d031-4b0e-b414-c4d66fddab1a'),
       ('1b19ab04-f6cb-4ba2-8324-b6e7cc72fa6f', '2023-12-22 13:58', '2023-12-22 17:37', 1,
        '4609d3ca-d031-4b0e-b414-c4d66fddab1a'),
       ('3a3d2d03-c189-41c6-a327-daaa1d40ec90', '2023-08-11 14:57', '2023-08-11 18:55', 1,
        '4609d3ca-d031-4b0e-b414-c4d66fddab1a'),
       ('1b6e332f-897b-460b-96e3-3386aaa2244f', '2023-11-17 15:02', '2023-11-17 19:17', 3,
        '4609d3ca-d031-4b0e-b414-c4d66fddab1a'),
       ('79561d43-d788-4440-9ea7-86d157066955', '2023-12-05 17:44', '2023-12-05 21:32', 4,
        '4609d3ca-d031-4b0e-b414-c4d66fddab1a'),
       ('32c736d1-88b9-4bd0-9000-d329687970a3', '2023-02-01 17:48', '2023-02-01 21:51', 3,
        '7f4d712e-27d8-4559-99a5-12986fd17b33'),
       ('682b3523-72d8-499a-9697-af229c658b74', '2023-01-09 16:39', '2023-01-09 20:36', 3,
        '7f4d712e-27d8-4559-99a5-12986fd17b33'),
       ('a00f11e0-b579-48b6-88de-e124e6f76413', '2023-10-26 14:35', '2023-10-26 18:01', 2,
        '7f4d712e-27d8-4559-99a5-12986fd17b33'),
       ('8a68fc00-ea4f-4e70-bede-76b0aa283679', '2023-11-03 14:38', '2023-11-03 18:55', 0,
        '7f4d712e-27d8-4559-99a5-12986fd17b33'),
       ('7f18c754-7804-4cce-8b9c-bc73f1ff438a', '2023-05-02 18:43', '2023-05-02 22:20', 2,
        '7f4d712e-27d8-4559-99a5-12986fd17b33'),
       ('c97eb0da-9e9d-4faa-a26b-b54b670dded7', '2023-01-04 15:31', '2023-01-04 19:54', 1,
        '7f4d712e-27d8-4559-99a5-12986fd17b33'),
       ('556862cf-a0c7-40ee-a186-3f5e30651cb3', '2023-12-11 14:14', '2023-12-11 18:57', 2,
        '7f4d712e-27d8-4559-99a5-12986fd17b33'),
       ('616462e4-a4cf-4a33-b036-5602ab94642c', '2023-01-21 14:59', '2023-01-21 18:52', 4,
        '7f4d712e-27d8-4559-99a5-12986fd17b33'),
       ('6eb50d1d-9c58-4841-87eb-83ea91bc2214', '2023-01-13 14:33', '2023-01-13 18:07', 2,
        '7f4d712e-27d8-4559-99a5-12986fd17b33'),
       ('0e66f174-9824-4c46-ad6a-2c4df19243bf', '2023-12-27 12:56', '2023-12-27 16:40', 1,
        '7f4d712e-27d8-4559-99a5-12986fd17b33'),
       ('ee6c04ea-06b0-4058-ad4a-0f9990327f7b', '2023-05-02 15:15', '2023-05-02 19:23', 1,
        '7a0a72ff-918d-4f69-974f-c04f40ebb0ba'),
       ('44c48aac-0407-44f2-a67b-cbba08e063a8', '2023-07-03 12:46', '2023-07-03 16:24', 4,
        '7a0a72ff-918d-4f69-974f-c04f40ebb0ba'),
       ('a89cae22-4df2-4312-90b3-143344ff9618', '2023-03-15 14:31', '2023-03-15 18:00', 1,
        '7a0a72ff-918d-4f69-974f-c04f40ebb0ba'),
       ('5c1228ef-19b6-431a-8bbf-67cc04f0e38e', '2023-12-19 15:02', '2023-12-19 19:27', 2,
        '7a0a72ff-918d-4f69-974f-c04f40ebb0ba'),
       ('69a3b442-f8e0-4b3d-b95a-fd3d71032fad', '2023-06-08 13:20', '2023-06-08 17:11', 4,
        '7a0a72ff-918d-4f69-974f-c04f40ebb0ba'),
       ('e0fb57dd-4875-4edd-a8ca-ba4d0ed46273', '2023-06-21 17:16', '2023-06-21 21:57', 4,
        '7a0a72ff-918d-4f69-974f-c04f40ebb0ba'),
       ('54aad3b4-4d4a-48bc-84da-bd456a9b860c', '2023-03-23 13:39', '2023-03-23 17:40', 4,
        '7a0a72ff-918d-4f69-974f-c04f40ebb0ba'),
       ('10baf179-6850-4f20-a406-34ba4c94f859', '2023-01-06 17:17', '2023-01-06 21:04', 4,
        '7a0a72ff-918d-4f69-974f-c04f40ebb0ba'),
       ('5ff0c087-3cdd-491a-a4d7-bcba13c3beec', '2023-11-21 16:10', '2023-11-21 20:30', 1,
        '7a0a72ff-918d-4f69-974f-c04f40ebb0ba'),
       ('940f2539-2130-4ed3-9234-3a290a765926', '2023-08-20 13:12', '2023-08-20 17:00', 0,
        '7a0a72ff-918d-4f69-974f-c04f40ebb0ba'),
       ('4153a760-940c-4388-8d6a-0d0e59424d54', '2023-12-03 16:29', '2023-12-03 20:42', 0,
        '0e8c0f82-eb18-4f5f-bd3a-4f7bebbc20a3'),
       ('64c3592a-8fdd-4449-8785-3b6f82f2d994', '2023-04-28 15:07', '2023-04-28 19:15', 5,
        '0e8c0f82-eb18-4f5f-bd3a-4f7bebbc20a3'),
       ('11abfdd0-3ab5-423e-bffa-fdf4183be3c9', '2023-06-21 12:14', '2023-06-21 16:38', 2,
        '0e8c0f82-eb18-4f5f-bd3a-4f7bebbc20a3'),
       ('af90588c-6a61-4c4f-b5fe-dd52e6c87cf4', '2023-12-22 15:44', '2023-12-22 19:46', 4,
        '0e8c0f82-eb18-4f5f-bd3a-4f7bebbc20a3'),
       ('5b75c2e3-bb77-44cc-a8e0-39ef436a4ea4', '2023-01-20 12:30', '2023-01-20 16:52', 5,
        '0e8c0f82-eb18-4f5f-bd3a-4f7bebbc20a3'),
       ('76d08b70-356c-4ce2-89fb-fed48773a33d', '2023-12-09 14:09', '2023-12-09 18:40', 1,
        '0e8c0f82-eb18-4f5f-bd3a-4f7bebbc20a3'),
       ('d913b801-981a-4c6d-be8f-dd973e2f4044', '2023-02-24 15:21', '2023-02-24 19:10', 4,
        '0e8c0f82-eb18-4f5f-bd3a-4f7bebbc20a3'),
       ('8501dd92-7da7-4259-b26f-566fdd8df5e3', '2023-05-20 15:07', '2023-05-20 19:35', 5,
        '0e8c0f82-eb18-4f5f-bd3a-4f7bebbc20a3'),
       ('d6b796b2-80f1-41a5-8d01-8e568d675385', '2023-09-15 15:47', '2023-09-15 19:02', 2,
        '0e8c0f82-eb18-4f5f-bd3a-4f7bebbc20a3'),
       ('3ae2df68-caa4-45be-ac13-61e84b6ab60b', '2023-04-19 18:02', '2023-04-19 22:35', 2,
        '0e8c0f82-eb18-4f5f-bd3a-4f7bebbc20a3'),
       ('ac9ac6ba-8545-4ac4-a52c-8d9d402d0576', '2023-01-04 15:46', '2023-01-04 19:38', 3,
        '83aa327d-a4a9-4a6e-a76b-8f37533572a3'),
       ('c0e2c35b-b3df-4be9-96f1-5989bdd01ab1', '2023-04-01 17:38', '2023-04-01 21:38', 3,
        '83aa327d-a4a9-4a6e-a76b-8f37533572a3'),
       ('3dcfe3a3-e10e-4bbe-a964-99e890c18208', '2023-07-28 11:51', '2023-07-28 15:15', 4,
        '83aa327d-a4a9-4a6e-a76b-8f37533572a3'),
       ('7a683261-a1cc-445a-9409-3cffe45d980c', '2023-07-23 17:55', '2023-07-23 21:17', 3,
        '83aa327d-a4a9-4a6e-a76b-8f37533572a3'),
       ('6501e9b9-fc04-4a9a-a7e9-06b4348dc1c4', '2023-05-01 15:14', '2023-05-01 19:54', 0,
        '83aa327d-a4a9-4a6e-a76b-8f37533572a3'),
       ('6bb16a9d-e261-41ff-88ba-3222442c3f5d', '2023-01-11 18:12', '2023-01-11 22:03', 5,
        '83aa327d-a4a9-4a6e-a76b-8f37533572a3'),
       ('52231701-fe95-46de-bffd-3d9c8fe84fdb', '2023-08-22 18:17', '2023-08-22 22:53', 3,
        '83aa327d-a4a9-4a6e-a76b-8f37533572a3'),
       ('cf1b6c57-9e9e-408a-b061-5db5f7479235', '2023-02-22 12:37', '2023-02-22 16:45', 2,
        '83aa327d-a4a9-4a6e-a76b-8f37533572a3'),
       ('ec96f336-3696-439b-ab3f-8fef2eef42f1', '2023-08-25 17:37', '2023-08-25 21:54', 4,
        '83aa327d-a4a9-4a6e-a76b-8f37533572a3'),
       ('d30e9a5e-afa3-4227-a50c-46ba8ab8d5e3', '2023-12-13 15:40', '2023-12-13 19:02', 0,
        '83aa327d-a4a9-4a6e-a76b-8f37533572a3'),
       ('549b40bd-59cd-4b98-b44a-d92982732898', '2023-02-16 14:48', '2023-02-16 18:53', 1,
        '15190c12-af81-488e-9e59-b9c9b0d66b35'),
       ('331aacda-511d-46ef-9b07-5924c6726a81', '2023-09-23 18:53', '2023-09-23 22:21', 2,
        '15190c12-af81-488e-9e59-b9c9b0d66b35'),
       ('bc8b269a-734d-4fa7-9ffb-700d69bc1b46', '2023-12-19 14:20', '2023-12-19 18:02', 4,
        '15190c12-af81-488e-9e59-b9c9b0d66b35'),
       ('fb2463ca-41da-4f5c-aeb5-f240a8ed676c', '2023-07-22 18:10', '2023-07-22 22:15', 1,
        '15190c12-af81-488e-9e59-b9c9b0d66b35'),
       ('02411651-6bd7-46a0-a76a-0feaae91a41a', '2023-06-18 11:38', '2023-06-18 15:06', 1,
        '15190c12-af81-488e-9e59-b9c9b0d66b35'),
       ('0cf99e6e-69fb-4191-92f7-b4c79870e317', '2023-12-07 17:58', '2023-12-07 21:52', 3,
        '15190c12-af81-488e-9e59-b9c9b0d66b35'),
       ('5854fe98-4eee-4ab6-b84a-2ed6d53b8ac8', '2023-10-18 18:02', '2023-10-18 22:01', 0,
        '15190c12-af81-488e-9e59-b9c9b0d66b35'),
       ('10983fb1-d0f7-4c8e-ad83-29184576ffec', '2023-10-26 12:11', '2023-10-26 16:09', 4,
        '15190c12-af81-488e-9e59-b9c9b0d66b35'),
       ('62087a67-c5a0-4770-a1de-95aa17b610ee', '2023-01-07 12:31', '2023-01-07 16:58', 4,
        '15190c12-af81-488e-9e59-b9c9b0d66b35'),
       ('3a71477c-3f49-440a-84d4-b8cfc3d95968', '2023-07-01 11:46', '2023-07-01 15:22', 2,
        '15190c12-af81-488e-9e59-b9c9b0d66b35'),
       ('f58c21be-001d-496d-8bbf-be2236d28bc6', '2023-01-12 14:20', '2023-01-12 18:07', 4,
        '6aa0bfb6-435a-4d36-8f06-826b0d970980'),
       ('1996dc70-4ac6-46a1-a1fb-8abbdba6de1e', '2023-06-15 13:55', '2023-06-15 17:37', 4,
        '6aa0bfb6-435a-4d36-8f06-826b0d970980'),
       ('7365ece4-ea9a-4bed-bb6c-6f0918b7a668', '2023-10-27 11:54', '2023-10-27 15:36', 5,
        '6aa0bfb6-435a-4d36-8f06-826b0d970980'),
       ('d8cb0d5e-ed31-41c3-98ad-c9a72c5b8451', '2023-06-22 12:18', '2023-06-22 16:14', 2,
        '6aa0bfb6-435a-4d36-8f06-826b0d970980'),
       ('75fd3e46-53ba-44a9-9993-370c05e0d913', '2023-09-27 16:09', '2023-09-27 20:02', 2,
        '6aa0bfb6-435a-4d36-8f06-826b0d970980'),
       ('f77df55b-2d5c-46c9-85f9-28a92951ebc5', '2023-06-26 11:32', '2023-06-26 15:00', 1,
        '6aa0bfb6-435a-4d36-8f06-826b0d970980'),
       ('c1afa5db-8b99-4a41-b051-07d4f73e1e13', '2023-08-13 11:00', '2023-08-13 15:52', 5,
        '6aa0bfb6-435a-4d36-8f06-826b0d970980'),
       ('222fe7ad-8308-4061-890c-9a0ddeaa7f5a', '2023-06-04 17:44', '2023-06-04 21:24', 1,
        '6aa0bfb6-435a-4d36-8f06-826b0d970980'),
       ('942df5ba-8ceb-48ae-88aa-b222512b9e4d', '2023-06-27 14:49', '2023-06-27 18:52', 2,
        '6aa0bfb6-435a-4d36-8f06-826b0d970980'),
       ('3db9ca6f-249a-44f9-8d7d-5db114d05ce1', '2023-08-04 17:41', '2023-08-04 21:56', 3,
        '6aa0bfb6-435a-4d36-8f06-826b0d970980'),
       ('c6d1896e-8404-4ea6-a78c-dc4f8c88e4f5', '2023-01-07 14:26', '2023-01-07 18:22', 3,
        'ff7f9cf7-8000-4394-8c48-05301a2fd329'),
       ('06b62d49-d659-4e02-9e86-5fb2faabaf4b', '2023-08-28 12:31', '2023-08-28 16:48', 2,
        'ff7f9cf7-8000-4394-8c48-05301a2fd329'),
       ('190c4771-544b-4dd0-9a60-c3f9a084159d', '2023-03-13 13:08', '2023-03-13 17:43', 4,
        'ff7f9cf7-8000-4394-8c48-05301a2fd329'),
       ('75a577f2-c83e-462f-be92-49b33afc120d', '2023-05-24 11:21', '2023-05-24 15:44', 0,
        'ff7f9cf7-8000-4394-8c48-05301a2fd329'),
       ('6ad7ee25-68c1-452c-8a4a-e8b9bd76d7ce', '2023-12-06 16:20', '2023-12-06 20:59', 1,
        'ff7f9cf7-8000-4394-8c48-05301a2fd329'),
       ('80bfade8-3980-4103-b861-36c2d2eee507', '2023-08-13 14:01', '2023-08-13 18:59', 0,
        'ff7f9cf7-8000-4394-8c48-05301a2fd329'),
       ('1f5381ac-24ed-4f02-934b-cf1cfc98c161', '2023-01-23 12:54', '2023-01-23 16:06', 3,
        'ff7f9cf7-8000-4394-8c48-05301a2fd329'),
       ('8a2c2498-0c82-4d46-b88d-436cf94503f3', '2023-01-23 12:14', '2023-01-23 16:30', 3,
        'ff7f9cf7-8000-4394-8c48-05301a2fd329'),
       ('eb6a363e-f5f6-40ba-8cba-25101075fca0', '2023-12-03 13:08', '2023-12-03 17:01', 2,
        'ff7f9cf7-8000-4394-8c48-05301a2fd329'),
       ('3ea4e4ab-872b-4188-95c3-3134a24f7667', '2023-05-22 13:37', '2023-05-22 17:32', 4,
        'ff7f9cf7-8000-4394-8c48-05301a2fd329'),
       ('40e5ee95-cffe-480b-9367-a1748f44e578', '2023-01-12 13:41', '2023-01-12 17:04', 3,
        'd979f6c5-43c3-4847-88c9-c52ad732633b'),
       ('7d6e1159-f782-4076-8b78-ed9a384ceeee', '2023-01-03 13:46', '2023-01-03 17:26', 3,
        'd979f6c5-43c3-4847-88c9-c52ad732633b'),
       ('9c33e14b-b67b-45eb-942f-002a4ceb25db', '2023-12-26 12:27', '2023-12-26 16:34', 3,
        'd979f6c5-43c3-4847-88c9-c52ad732633b'),
       ('61f7cb4c-8611-40c8-8939-30a832dfece2', '2023-03-17 12:21', '2023-03-17 16:48', 3,
        'd979f6c5-43c3-4847-88c9-c52ad732633b'),
       ('c8378a9d-035e-4f41-a650-fad4c7ee8a6b', '2023-09-26 14:54', '2023-09-26 18:44', 4,
        'd979f6c5-43c3-4847-88c9-c52ad732633b'),
       ('ad6884b4-de5e-4984-8753-5ea4c43be541', '2023-08-19 17:15', '2023-08-19 21:00', 4,
        'd979f6c5-43c3-4847-88c9-c52ad732633b'),
       ('c1b5b492-958f-450e-8292-6134718696fa', '2023-06-16 15:44', '2023-06-16 19:23', 3,
        'd979f6c5-43c3-4847-88c9-c52ad732633b'),
       ('8bda8df5-bd78-40cd-a2ad-625778e5e08c', '2023-07-28 16:54', '2023-07-28 20:09', 2,
        'd979f6c5-43c3-4847-88c9-c52ad732633b'),
       ('3b9cd621-74de-4394-9355-f6b2d2fb00f4', '2023-10-16 18:43', '2023-10-16 22:50', 5,
        'd979f6c5-43c3-4847-88c9-c52ad732633b'),
       ('d690023b-13be-47b3-96dd-4d073f0574aa', '2023-12-19 12:20', '2023-12-19 16:22', 3,
        'd979f6c5-43c3-4847-88c9-c52ad732633b'),
       ('d2168cd4-850e-4551-96ec-d24569e28bd6', '2023-05-21 13:30', '2023-05-21 17:56', 1,
        '69c99178-a742-47d7-a328-f5943a401f99'),
       ('6b0e45c3-eaae-41f7-89f4-83af6272a8ff', '2023-08-13 14:09', '2023-08-13 18:21', 3,
        '69c99178-a742-47d7-a328-f5943a401f99'),
       ('21eaf4a3-542a-458e-ba10-564d13a357d5', '2023-05-01 11:30', '2023-05-01 15:23', 2,
        '69c99178-a742-47d7-a328-f5943a401f99'),
       ('2448812e-7b72-45c8-b1ba-d80a1838d6ea', '2023-07-25 14:50', '2023-07-25 18:42', 2,
        '69c99178-a742-47d7-a328-f5943a401f99'),
       ('694c5128-de24-4d74-a0cd-7ca5e1590fef', '2023-07-19 14:03', '2023-07-19 18:17', 4,
        '69c99178-a742-47d7-a328-f5943a401f99'),
       ('f4253120-2a25-4949-8bb7-957d8e3e04a7', '2023-03-28 15:44', '2023-03-28 19:00', 0,
        '69c99178-a742-47d7-a328-f5943a401f99'),
       ('0373d9c8-ee68-47a4-a168-2d743e564cda', '2023-05-21 18:39', '2023-05-21 22:01', 3,
        '69c99178-a742-47d7-a328-f5943a401f99'),
       ('40f3f5ab-c72e-4d4d-a054-864eea2e64f4', '2023-06-20 12:21', '2023-06-20 16:33', 3,
        '69c99178-a742-47d7-a328-f5943a401f99'),
       ('30f1fcbd-207e-4c75-b042-3821f88b5d53', '2023-02-02 11:29', '2023-02-02 15:18', 0,
        '69c99178-a742-47d7-a328-f5943a401f99'),
       ('6edc09cd-0260-4968-9055-e62e125acc12', '2023-07-16 11:14', '2023-07-16 15:22', 3,
        '69c99178-a742-47d7-a328-f5943a401f99');