INSERT INTO USERS (ID, NAME, CPF, BIRTH_DAY, EMAIL, ENABLED, PASSWORD, PHONE, ROLE, CONDOMINIUM_PRICE, APARTMENT_NUMBER)
VALUES ('930b3633-114b-40c2-99e7-eb3d40c9efc9', 'Calebe Rezende Costela', '76487875716', '1996-05-23',
        'CalebeR1604@gmail.com', 1, '$2a$10$2yUouMI5tyVZHDNz0dIiyuxQF2BnX.Kmt/Q6D5W/FBKs/3s/ZOeKe', '(071) 7077-9780',
        0, 1044.34, '0B'),
       ('b3ba57f8-b66a-4bca-a0a3-a94cf6a7421a', 'Rafaela Lopes Porto', '97866427755', '1989-08-15',
        'RafaelaL1097@hotmail.com', 1, '$2a$10$2yUouMI5tyVZHDNz0dIiyuxQF2BnX.Kmt/Q6D5W/FBKs/3s/ZOeKe', '31 8036-1790',
        0, 1716.27, '1C'),
       ('b79a0936-3fc5-40eb-9764-b794c2f734b3', 'Melissa Monteiro Caldeira', '92683417004', '1994-09-11',
        'MelissaM1776@live.com', 1, '$2a$10$2yUouMI5tyVZHDNz0dIiyuxQF2BnX.Kmt/Q6D5W/FBKs/3s/ZOeKe',
        '+55 (051) 0984-2479', 0, 1000.84, '2A'),
       ('f52c46e0-8bfd-40f9-9a9e-493a3a49efc6', 'Sofia Nascimento Almeida', '36032133788', '1984-11-22',
        'SofiaN1187@outlook.com', 1, '$2a$10$2yUouMI5tyVZHDNz0dIiyuxQF2BnX.Kmt/Q6D5W/FBKs/3s/ZOeKe', '31 8270-8400', 0,
        1749.08, '3B'),
       ('931404e8-0b81-477a-b052-731e40792e64', 'Maria Julia Jesus Fernandes', '52307450963', '1983-03-09',
        'Maria JuliaJ1822@hotmail.com', 1, '$2a$10$2yUouMI5tyVZHDNz0dIiyuxQF2BnX.Kmt/Q6D5W/FBKs/3s/ZOeKe',
        '(021) 6116 9811', 0, 1452.1, '4B'),
       ('5816966a-ba53-4da9-aaf3-0a8c447cbdfe', 'Ana Beatriz Nascimento Mendes', '03647636550', '1982-09-21',
        'Ana BeatrizN1522@live.com', 1, '$2a$10$2yUouMI5tyVZHDNz0dIiyuxQF2BnX.Kmt/Q6D5W/FBKs/3s/ZOeKe',
        '+55 84 3962 9592', 0, 1427.44, '5A'),
       ('7079be96-6a83-412f-a361-d59f91dc3bc3', 'Breno Duarte Souza', '25848871264', '1974-06-24',
        'BrenoD1809@live.com', 1, '$2a$10$2yUouMI5tyVZHDNz0dIiyuxQF2BnX.Kmt/Q6D5W/FBKs/3s/ZOeKe', '31 3322-3800', 0,
        1035.12, '6C'),
       ('6f6ce26d-e748-4e79-83af-0705983a8700', 'Joana da Costa Martins', '60739138855', '1970-05-03',
        'JoanaD1408@outlook.com', 1, '$2a$10$2yUouMI5tyVZHDNz0dIiyuxQF2BnX.Kmt/Q6D5W/FBKs/3s/ZOeKe',
        '+55 (051) 6474-3101', 0, 1936.13, '7C'),
       ('59600ab5-3a3c-4afd-bfa6-6b214c93b99a', 'Samuel Ribeiro Souza', '06222353622', '1994-10-21',
        'SamuelR1219@hotmail.com', 1, '$2a$10$2yUouMI5tyVZHDNz0dIiyuxQF2BnX.Kmt/Q6D5W/FBKs/3s/ZOeKe', '(081) 5871 8015',
        0, 1535.21, '8A'),
       ('4bc37e06-0f1b-4daa-9fb5-3badb0fe9cac', 'Pedro Miguel Teixeira da Cruz', '95969589926', '1984-03-21',
        'Pedro MiguelT1450@outlook.com', 1, '$2a$10$2yUouMI5tyVZHDNz0dIiyuxQF2BnX.Kmt/Q6D5W/FBKs/3s/ZOeKe',
        '0500-705-2622', 0, 1112.76, '9C'),
       ('8c5d608b-e932-4ec4-afaf-b3ca0bd89b4c', 'Sabrina Nascimento Lima', '41303665212', '1975-06-09',
        'SabrinaN1378@outlook.com', 1, '$2a$10$2yUouMI5tyVZHDNz0dIiyuxQF2BnX.Kmt/Q6D5W/FBKs/3s/ZOeKe', '21 8541 4321',
        0, 1297.13, '10A'),
       ('26561446-6694-4650-8cd2-c4084f083918', 'Samuel Ramos Almeida', '94289610439', '1994-04-07',
        'SamuelR1999@hotmail.com', 1, '$2a$10$2yUouMI5tyVZHDNz0dIiyuxQF2BnX.Kmt/Q6D5W/FBKs/3s/ZOeKe',
        '+55 (081) 3178 6105', 0, 1028.53, '11C'),
       ('59da6972-40d4-4148-a1c4-51f74746d937', 'Guilherme Duarte Pires', '80244670200', '1996-06-22',
        'GuilhermeD1964@gmail.com', 1, '$2a$10$2yUouMI5tyVZHDNz0dIiyuxQF2BnX.Kmt/Q6D5W/FBKs/3s/ZOeKe',
        '(021) 3113-2170', 0, 1544.05, '12C'),
       ('5f33a429-9a44-4531-8137-29b884325d9b', 'Camila Rezende Carvalho', '35567712170', '1973-12-18',
        'CamilaR1067@gmail.com', 1, '$2a$10$2yUouMI5tyVZHDNz0dIiyuxQF2BnX.Kmt/Q6D5W/FBKs/3s/ZOeKe', '+55 11 7124 5400',
        0, 1107.42, '13A'),
       ('10e4971d-9560-4eb6-aeb8-4c634dd5af74', 'Mirella da Conceição Pinto', '97794465400', '1985-10-15',
        'MirellaD1668@live.com', 1, '$2a$10$2yUouMI5tyVZHDNz0dIiyuxQF2BnX.Kmt/Q6D5W/FBKs/3s/ZOeKe',
        '+55 (061) 3729-3077', 0, 1001.55, '14A'),
       ('a40ee388-03b3-4929-afc5-2eeaef9cc6c0', 'Isis Novaes Azevedo', '89241242507', '1976-09-05',
        'IsisN1463@hotmail.com', 1, '$2a$10$2yUouMI5tyVZHDNz0dIiyuxQF2BnX.Kmt/Q6D5W/FBKs/3s/ZOeKe',
        '+55 (061) 2790-8228', 0, 1862.39, '15A'),
       ('3e7e668a-1beb-4540-adc3-179113f28585', 'Bryan Castro Souza', '00057766789', '1990-09-18',
        'BryanC1900@outlook.com', 1, '$2a$10$2yUouMI5tyVZHDNz0dIiyuxQF2BnX.Kmt/Q6D5W/FBKs/3s/ZOeKe', '41 8042 2199', 0,
        1035.78, '16C'),
       ('e406b92a-1a50-4889-aa25-dbb0d06b1e3c', 'Thales Barbosa Silva', '20449213404', '1987-05-05',
        'ThalesB1158@live.com', 1, '$2a$10$2yUouMI5tyVZHDNz0dIiyuxQF2BnX.Kmt/Q6D5W/FBKs/3s/ZOeKe', '51 3327 1764', 0,
        1457.02, '17A'),
       ('e0a66884-db28-45d1-b6d4-2f55dfd0377e', 'Maria Sophia Lopes Moura', '19524577003', '1971-08-01',
        'Maria SophiaL1037@live.com', 1, '$2a$10$2yUouMI5tyVZHDNz0dIiyuxQF2BnX.Kmt/Q6D5W/FBKs/3s/ZOeKe',
        '+55 (061) 2358 1353', 0, 1722.44, '18C'),
       ('10c4334d-1fd2-460a-9fcd-94ba1964cc7b', 'Marcos Vinicius Ferreira Araújo', '70007731469', '1993-07-09',
        'Marcos ViniciusF1513@outlook.com', 1, '$2a$10$2yUouMI5tyVZHDNz0dIiyuxQF2BnX.Kmt/Q6D5W/FBKs/3s/ZOeKe',
        '0800-856-8249', 0, 1827.87, '19B'),
       ('8b24b911-b066-44fa-ab97-784d30c862fa', 'Luiz Miguel da Rocha Novaes', '63395232182', '1974-09-04',
        'Luiz MiguelD1252@outlook.com', 1, '$2a$10$2yUouMI5tyVZHDNz0dIiyuxQF2BnX.Kmt/Q6D5W/FBKs/3s/ZOeKe',
        '+55 11 8223 4234', 0, 1215.95, '20B'),
       ('ec774fec-9ba1-4f77-8156-2496d285cd75', 'Danilo Alves Jesus', '55763014553', '1985-04-09',
        'DaniloA1409@hotmail.com', 1, '$2a$10$2yUouMI5tyVZHDNz0dIiyuxQF2BnX.Kmt/Q6D5W/FBKs/3s/ZOeKe', '21 8242-6637', 0,
        1060.74, '21C'),
       ('93cc7b13-0836-4526-bd29-0eab41602c2e', 'Laís Ramos Barbosa', '10606540750', '1977-06-05',
        'LaísR1211@gmail.com', 1, '$2a$10$2yUouMI5tyVZHDNz0dIiyuxQF2BnX.Kmt/Q6D5W/FBKs/3s/ZOeKe', '+55 (051) 4649 9741',
        0, 1644.44, '22B'),
       ('0030b31a-0c59-42e1-9b83-5fee3e399bdf', 'Leandro Porto Gomes', '73505699632', '1993-11-18',
        'LeandroP1901@hotmail.com', 1, '$2a$10$2yUouMI5tyVZHDNz0dIiyuxQF2BnX.Kmt/Q6D5W/FBKs/3s/ZOeKe', '61 5508 8467',
        0, 1898.49, '23B'),
       ('33501f76-7b8e-4bda-916f-1502ec9230bc', 'Davi Lucca Cardoso Monteiro', '83626620506', '1974-11-22',
        'Davi LuccaC1947@live.com', 1, '$2a$10$2yUouMI5tyVZHDNz0dIiyuxQF2BnX.Kmt/Q6D5W/FBKs/3s/ZOeKe',
        '(031) 1388 2778', 0, 1446.52, '24A'),
       ('de857911-bc5c-4e79-813a-d37e73be8100', 'Juan da Cruz Jesus', '81268922340', '1995-03-22',
        'JuanD1351@outlook.com', 1, '$2a$10$2yUouMI5tyVZHDNz0dIiyuxQF2BnX.Kmt/Q6D5W/FBKs/3s/ZOeKe', '31 9167-7511', 0,
        1049.91, '25A'),
       ('f252b142-a95f-48b3-85c3-4a22999a69c3', 'Diogo Pires Novaes', '25164659557', '1980-05-26',
        'DiogoP1900@live.com', 1, '$2a$10$2yUouMI5tyVZHDNz0dIiyuxQF2BnX.Kmt/Q6D5W/FBKs/3s/ZOeKe', '(061) 3351-9225', 0,
        1415.45, '26A'),
       ('19e04ce1-92f3-47b9-88bc-dd60bb4603c4', 'Paulo Gonçalves Cunha', '66178627831', '1972-12-25',
        'PauloG1738@live.com', 1, '$2a$10$2yUouMI5tyVZHDNz0dIiyuxQF2BnX.Kmt/Q6D5W/FBKs/3s/ZOeKe', '+55 84 7852-9055', 0,
        1087.2, '27A'),
       ('24d22d0f-3a18-452d-90b5-af912706e54e', 'Lorena Moura Novaes', '95588726286', '1975-02-16',
        'LorenaM1447@hotmail.com', 1, '$2a$10$2yUouMI5tyVZHDNz0dIiyuxQF2BnX.Kmt/Q6D5W/FBKs/3s/ZOeKe', '84 0083 9431', 0,
        1726.39, '28A'),
       ('c08fb705-0682-4cdd-9d04-aa2835fe5851', 'Fernanda Freitas Pires', '53055048482', '1992-10-21',
        'FernandaF1222@hotmail.com', 1, '$2a$10$2yUouMI5tyVZHDNz0dIiyuxQF2BnX.Kmt/Q6D5W/FBKs/3s/ZOeKe',
        '(061) 1674-4301', 0, 1387.82, '29A'),
       ('54492398-0abc-4dd7-b0a2-7f5e38566e9e', 'Ana Luiza da Costa Pinto', '52406768872', '1973-07-05',
        'Ana LuizaD1069@gmail.com', 1, '$2a$10$2yUouMI5tyVZHDNz0dIiyuxQF2BnX.Kmt/Q6D5W/FBKs/3s/ZOeKe',
        '+55 (021) 3883-4697', 0, 1287.14, '30B'),
       ('c162065d-ea01-4401-a9eb-a3478814dfac', 'Laís da Costa Costa', '38061684314', '1985-12-16',
        'LaísD1033@live.com', 1, '$2a$10$2yUouMI5tyVZHDNz0dIiyuxQF2BnX.Kmt/Q6D5W/FBKs/3s/ZOeKe', '(081) 8828 2364', 0,
        1560.38, '31A'),
       ('e102d397-3f1a-4e21-82ff-58bcc6eaa277', 'Luiz Henrique da Cruz das Neves', '23605714005', '1989-07-16',
        'Luiz HenriqueD1089@gmail.com', 1, '$2a$10$2yUouMI5tyVZHDNz0dIiyuxQF2BnX.Kmt/Q6D5W/FBKs/3s/ZOeKe',
        '+55 (041) 7756-7791', 0, 1546.09, '32B'),
       ('145462dc-bed8-4f6e-bd0f-dc96bdff811b', 'Brenda Melo da Mata', '39799990840', '1972-03-20',
        'BrendaM1504@live.com', 1, '$2a$10$2yUouMI5tyVZHDNz0dIiyuxQF2BnX.Kmt/Q6D5W/FBKs/3s/ZOeKe',
        '+55 (071) 2830-6232', 0, 1886.24, '33C'),
       ('406ec510-ee52-4a18-b04f-6a923bdd06ab', 'Alice Viana Costela', '92654118487', '1980-02-09',
        'AliceV1753@outlook.com', 1, '$2a$10$2yUouMI5tyVZHDNz0dIiyuxQF2BnX.Kmt/Q6D5W/FBKs/3s/ZOeKe', '31 1815 1305', 0,
        1246.53, '34B'),
       ('9ca48c18-01b6-4d81-a95a-c2d5e5949ada', 'Gabriela da Luz Costa', '46919547325', '1980-08-15',
        'GabrielaD1159@gmail.com', 1, '$2a$10$2yUouMI5tyVZHDNz0dIiyuxQF2BnX.Kmt/Q6D5W/FBKs/3s/ZOeKe', '(071) 4931-5277',
        0, 1710.03, '35C'),
       ('cffb6b74-cde9-4018-8c22-3ab59bbb8446', 'Marina Novaes Moreira', '30871899108', '1978-05-09',
        'MarinaN1343@outlook.com', 1, '$2a$10$2yUouMI5tyVZHDNz0dIiyuxQF2BnX.Kmt/Q6D5W/FBKs/3s/ZOeKe',
        '+55 (031) 4130 8816', 0, 1170.01, '36A'),
       ('8c28da56-4ec3-4869-a641-206a2c565783', 'Eduarda Silveira Freitas', '59650151940', '1985-05-03',
        'EduardaS1645@live.com', 1, '$2a$10$2yUouMI5tyVZHDNz0dIiyuxQF2BnX.Kmt/Q6D5W/FBKs/3s/ZOeKe', '(011) 6302-0947',
        0, 1212.16, '37C'),
       ('1b220029-5821-4ccd-996e-a50e72340661', 'Ana Luiza Santos da Costa', '21584241098', '1982-09-19',
        'Ana LuizaS1748@live.com', 1, '$2a$10$2yUouMI5tyVZHDNz0dIiyuxQF2BnX.Kmt/Q6D5W/FBKs/3s/ZOeKe',
        '+55 21 1812-5761', 0, 1793.93, '38A'),
       ('713779a9-c979-43a8-aa22-03ffac94b9a6', 'Maysa Duarte Porto', '16527580703', '1980-02-19',
        'MaysaD1656@hotmail.com', 1, '$2a$10$2yUouMI5tyVZHDNz0dIiyuxQF2BnX.Kmt/Q6D5W/FBKs/3s/ZOeKe', '0900 147 9071', 0,
        1871.42, '39B'),
       ('2d9fc820-265c-4f03-872b-424df8150b21', 'Marcela Pereira da Conceição', '99571847259', '1989-11-26',
        'MarcelaP1093@outlook.com', 1, '$2a$10$2yUouMI5tyVZHDNz0dIiyuxQF2BnX.Kmt/Q6D5W/FBKs/3s/ZOeKe',
        '+55 84 3135-6446', 0, 1411.43, '40B'),
       ('40f167cb-6e5b-4d49-ac3b-2c4b9078e4b1', 'Alexandre Ferreira da Paz', '28736857866', '1978-11-01',
        'AlexandreF1341@hotmail.com', 1, '$2a$10$2yUouMI5tyVZHDNz0dIiyuxQF2BnX.Kmt/Q6D5W/FBKs/3s/ZOeKe', '21 3796-2267',
        0, 1541.54, '41B'),
       ('a8c0b017-1dd7-4efc-8923-04928b00cc38', 'Nathan Peixoto Gomes', '83862584380', '1978-10-17',
        'NathanP1697@live.com', 1, '$2a$10$2yUouMI5tyVZHDNz0dIiyuxQF2BnX.Kmt/Q6D5W/FBKs/3s/ZOeKe',
        '+55 (051) 2542 5734', 0, 1692.15, '42C'),
       ('e336331d-68a1-42fe-aa81-de52f468055b', 'Luiz Fernando Farias Barbosa', '05972510707', '1971-09-27',
        'Luiz FernandoF1107@hotmail.com', 1, '$2a$10$2yUouMI5tyVZHDNz0dIiyuxQF2BnX.Kmt/Q6D5W/FBKs/3s/ZOeKe',
        '71 2263 8508', 0, 1302.76, '43B'),
       ('fa9c0345-fbfe-4c53-9e83-cd1fbbbcc41b', 'Anthony das Neves das Neves', '25826422580', '1977-01-23',
        'AnthonyD1906@hotmail.com', 1, '$2a$10$2yUouMI5tyVZHDNz0dIiyuxQF2BnX.Kmt/Q6D5W/FBKs/3s/ZOeKe',
        '+55 (041) 3937-1152', 0, 1870.42, '44A'),
       ('a95b8a85-425c-4ddb-8dc2-bb5f5e32c527', 'Brenda Farias da Luz', '49096154401', '1993-04-04',
        'BrendaF1968@gmail.com', 1, '$2a$10$2yUouMI5tyVZHDNz0dIiyuxQF2BnX.Kmt/Q6D5W/FBKs/3s/ZOeKe', '81 7895 7452', 0,
        1116.48, '45A'),
       ('bb464cee-3ba4-480c-b454-39c2cdaca43a', 'Sophie da Rosa Nunes', '51997159503', '1976-07-22',
        'SophieD1996@gmail.com', 1, '$2a$10$2yUouMI5tyVZHDNz0dIiyuxQF2BnX.Kmt/Q6D5W/FBKs/3s/ZOeKe', '61 1536-6796', 0,
        1135.56, '46A'),
       ('27d5047f-0351-41de-86f1-c1bc456964b7', 'Carlos Eduardo da Mata Alves', '21429011408', '1997-01-18',
        'Carlos EduardoD1244@gmail.com', 1, '$2a$10$2yUouMI5tyVZHDNz0dIiyuxQF2BnX.Kmt/Q6D5W/FBKs/3s/ZOeKe',
        '+55 (061) 0771 1253', 0, 1801.78, '47A'),
       ('71c6dc7c-aa4b-4e6a-b56a-64000df12579', 'Joaquim da Cruz Caldeira', '52785079000', '1980-12-04',
        'JoaquimD1082@outlook.com', 1, '$2a$10$2yUouMI5tyVZHDNz0dIiyuxQF2BnX.Kmt/Q6D5W/FBKs/3s/ZOeKe',
        '(051) 6218-5446', 0, 1697.43, '48A'),
       ('1ce4c490-3d58-4ed9-a739-80a6335cfda4', 'Theo Carvalho Mendes', '27971181469', '1970-03-11',
        'TheoC1898@outlook.com', 1, '$2a$10$2yUouMI5tyVZHDNz0dIiyuxQF2BnX.Kmt/Q6D5W/FBKs/3s/ZOeKe', '0800 649 4819', 0,
        1378.89, '49B'),
       ('35b14011-f2f4-4f6a-976b-e3e56524d336', 'Heloísa Duarte Ramos', '37358623495', '1989-07-09',
        'HeloísaD1629@live.com', 1, '$2a$10$2yUouMI5tyVZHDNz0dIiyuxQF2BnX.Kmt/Q6D5W/FBKs/3s/ZOeKe',
        '+55 (084) 0234-0137', 0, 1546.29, '50B'),
       ('9ac9a25a-e1c1-42ec-ab90-bbc42d0fa582', 'Davi Luiz Ribeiro da Mota', '26168510591', '1997-01-25',
        'Davi LuizR1533@hotmail.com', 1, '$2a$10$2yUouMI5tyVZHDNz0dIiyuxQF2BnX.Kmt/Q6D5W/FBKs/3s/ZOeKe', '71 8459-5232',
        0, 1481.32, '51C'),
       ('d90060be-7eed-4bb0-b23d-964b06a5e117', 'Ian Ribeiro Santos', '82110983183', '1990-01-03', 'IanR1903@live.com',
        1, '$2a$10$2yUouMI5tyVZHDNz0dIiyuxQF2BnX.Kmt/Q6D5W/FBKs/3s/ZOeKe', '84 7163 8168', 0, 1681.26, '52B'),
       ('35d60c10-509f-4c25-8912-e0b03955034b', 'Carlos Eduardo Costa Melo', '65075483240', '1991-03-13',
        'Carlos EduardoC1902@gmail.com', 1, '$2a$10$2yUouMI5tyVZHDNz0dIiyuxQF2BnX.Kmt/Q6D5W/FBKs/3s/ZOeKe',
        '(011) 7278 2234', 0, 1836.85, '53A'),
       ('7a57f3f0-2211-4fba-b818-150ca2c81ee4', 'Mirella Lima Campos', '82300908581', '1984-09-05',
        'MirellaL1437@hotmail.com', 1, '$2a$10$2yUouMI5tyVZHDNz0dIiyuxQF2BnX.Kmt/Q6D5W/FBKs/3s/ZOeKe',
        '+55 61 8339 4007', 0, 1816.05, '54C'),
       ('eac96e81-ce92-4ab2-8f27-5bf28447d2ab', 'Juan Nunes Vieira', '84418066675', '1973-08-05',
        'JuanN1075@outlook.com', 1, '$2a$10$2yUouMI5tyVZHDNz0dIiyuxQF2BnX.Kmt/Q6D5W/FBKs/3s/ZOeKe', '21 6451-8288', 0,
        1069.97, '55C'),
       ('9a552b7e-afc2-4713-a6f2-7b18589fce1d', 'Maria Sophia Jesus Ferreira', '18631385018', '1971-05-16',
        'Maria SophiaJ1401@gmail.com', 1, '$2a$10$2yUouMI5tyVZHDNz0dIiyuxQF2BnX.Kmt/Q6D5W/FBKs/3s/ZOeKe',
        '+55 81 5833 1719', 0, 1029.49, '56B'),
       ('07746594-457b-4d93-8cff-b78a7ea624b7', 'Manuela Cardoso da Cunha', '85953436670', '1976-03-15',
        'ManuelaC1993@hotmail.com', 1, '$2a$10$2yUouMI5tyVZHDNz0dIiyuxQF2BnX.Kmt/Q6D5W/FBKs/3s/ZOeKe',
        '+55 61 2961 3151', 0, 1586.71, '57C'),
       ('99876bf4-68db-494c-a663-792154bdd917', 'Sophie Fernandes Fogaça', '68307608953', '1994-04-04',
        'SophieF1814@live.com', 1, '$2a$10$2yUouMI5tyVZHDNz0dIiyuxQF2BnX.Kmt/Q6D5W/FBKs/3s/ZOeKe', '+55 61 4081 8987',
        0, 1109.92, '58C'),
       ('fbfaef04-24e0-422d-835a-db1d8d44edb7', 'Isadora Costa da Mota', '06679451132', '1979-11-24',
        'IsadoraC1687@outlook.com', 1, '$2a$10$2yUouMI5tyVZHDNz0dIiyuxQF2BnX.Kmt/Q6D5W/FBKs/3s/ZOeKe',
        '+55 (011) 4719-5357', 0, 1377.27, '59C');



INSERT INTO VISITORS(ID, CPF, NAME, BIRTH_DAY, EMAIL, PHONE, REGISTRATION_DATE, ID_USER)
VALUES ('4ffdc036-8772-449d-a360-774945d80235', '75618805103', 'Davi Monteiro Alves', '1991-12-06',
        'DaviM1577@gmail.com', '11 1851-7869', '2020-02-25', '930b3633-114b-40c2-99e7-eb3d40c9efc9'),
       ('fe7d5e23-91a7-4b9a-b607-940f1b3b2a85', '78641007830', 'Elisa Gonçalves da Mata', '1974-12-12',
        'ElisaG1576@gmail.com', '+55 11 2371 8973', '2020-12-13', '930b3633-114b-40c2-99e7-eb3d40c9efc9'),
       ('6e62b18b-58f0-4fdf-bb6f-01669e0b6ab3', '22209780012', 'Eduarda Nunes Fernandes', '1980-02-06',
        'EduardaN1325@gmail.com', '(061) 3323 2147', '2021-07-19', '930b3633-114b-40c2-99e7-eb3d40c9efc9'),
       ('0cb42cb6-1d58-46f7-bf6f-f31e78eb722c', '09875437174', 'Emanuella da Rosa da Paz', '1973-07-04',
        'EmanuellaD1633@gmail.com', '31 3830 2410', '2021-07-11', 'b3ba57f8-b66a-4bca-a0a3-a94cf6a7421a'),
       ('51a6e078-379f-492f-958f-a87266385ffb', '90151193410', 'Ana Sophia Gonçalves Monteiro', '1987-09-20',
        'Ana SophiaG1209@live.com', '0500 456 4896', '2021-07-09', 'b3ba57f8-b66a-4bca-a0a3-a94cf6a7421a'),
       ('b8f76f03-e887-4b37-9670-1a3f758da59d', '25250026605', 'João Felipe Teixeira da Rosa', '1988-07-09',
        'João FelipeT1268@live.com', '+55 (051) 2030 7119', '2023-01-27', 'b3ba57f8-b66a-4bca-a0a3-a94cf6a7421a'),
       ('42c5b9d1-deb7-405c-848a-f25f7ec983ff', '81013047389', 'Breno da Costa Silva', '1973-02-13',
        'BrenoD1703@gmail.com', '(041) 6760 0403', '2023-02-05', 'b79a0936-3fc5-40eb-9764-b794c2f734b3'),
       ('05eafe14-718d-47a8-a008-1574971bf6f2', '23717485520', 'Alícia Azevedo Moraes', '1977-11-03',
        'AlíciaA1502@live.com', '(021) 1114 9690', '2022-11-27', 'b79a0936-3fc5-40eb-9764-b794c2f734b3'),
       ('f91208a3-a220-4ab9-9da8-29980833250e', '94285179172', 'Alexia da Costa da Rocha', '1974-06-12',
        'AlexiaD1165@outlook.com', '+55 (011) 3863 2483', '2023-02-12', 'b79a0936-3fc5-40eb-9764-b794c2f734b3'),
       ('bdf4c8cd-4f34-45c0-a4e9-cb188ba54951', '27694879904', 'Kevin Sales Azevedo', '1986-11-16',
        'KevinS1630@outlook.com', '+55 51 2505 7643', '2021-09-10', 'f52c46e0-8bfd-40f9-9a9e-493a3a49efc6'),
       ('5c72ecc8-e947-4e89-a87d-a6e634effc88', '58709223134', 'Carolina Nunes Duarte', '1972-10-09',
        'CarolinaN1605@hotmail.com', '71 4074 8484', '2022-10-26', 'f52c46e0-8bfd-40f9-9a9e-493a3a49efc6'),
       ('ad6a5afb-e9f8-4f45-88a1-1c3eabf18578', '44507030226', 'Isadora Sales Cardoso', '1992-12-24',
        'IsadoraS1480@gmail.com', '(021) 9861 6569', '2020-07-16', 'f52c46e0-8bfd-40f9-9a9e-493a3a49efc6'),
       ('a01c0efd-7a1b-4241-a359-0c36141564a0', '43198341434', 'Lucas Vieira Caldeira', '1990-03-03',
        'LucasV1862@outlook.com', '0800 284 7175', '2020-03-04', '931404e8-0b81-477a-b052-731e40792e64'),
       ('9fb9209d-7977-4443-91e8-47cf009d65f5', '01191881121', 'Valentina Teixeira Vieira', '1984-06-14',
        'ValentinaT1409@live.com', '11 8138 3839', '2023-03-04', '931404e8-0b81-477a-b052-731e40792e64'),
       ('f34204f6-157b-45ba-b956-3651f70cf8dc', '51179230906', 'Calebe Peixoto Nunes', '1982-06-06',
        'CalebeP1473@live.com', '0900 144 9352', '2023-12-01', '931404e8-0b81-477a-b052-731e40792e64'),
       ('a51125dc-9659-401f-9cb1-d9043df83813', '13676490134', 'Ana Carolina Lopes Porto', '1971-03-18',
        'Ana CarolinaL1171@hotmail.com', '+55 71 7426 3000', '2022-07-08', '5816966a-ba53-4da9-aaf3-0a8c447cbdfe'),
       ('ca738899-30db-4c52-97c7-93ce720c60d9', '51743263996', 'Caio Almeida Viana', '1988-02-23',
        'CaioA1958@outlook.com', '+55 (031) 8101-5075', '2020-08-01', '5816966a-ba53-4da9-aaf3-0a8c447cbdfe'),
       ('d67444e8-acca-4f6d-bd5b-f6fbb8e823dd', '48154257955', 'Sophie Correia Ramos', '1987-04-19',
        'SophieC1453@gmail.com', '0900 158 1900', '2022-12-22', '5816966a-ba53-4da9-aaf3-0a8c447cbdfe'),
       ('830edf3b-b13a-43d8-9311-be4f7a1547c9', '42156115478', 'Vicente Monteiro Rocha', '1971-12-02',
        'VicenteM1162@outlook.com', '0800-059-0662', '2022-10-14', '7079be96-6a83-412f-a361-d59f91dc3bc3'),
       ('27a85e58-d86e-4329-9bea-5d3d957509fb', '39739502458', 'Luna Campos Caldeira', '1982-09-27',
        'LunaC1011@gmail.com', '+55 (031) 7624 0491', '2023-05-08', '7079be96-6a83-412f-a361-d59f91dc3bc3'),
       ('d84cc9b4-41e3-4e21-a1c4-8717dd146061', '22261268050', 'Pietra Fernandes Pires', '1971-07-17',
        'PietraF1352@gmail.com', '11 8011-7077', '2021-09-22', '7079be96-6a83-412f-a361-d59f91dc3bc3'),
       ('a1fa27c9-fe06-48f1-900f-8a2a89858614', '43012302387', 'Alana Aragão Fernandes', '1979-04-18',
        'AlanaA1830@gmail.com', '+55 31 4016 3299', '2023-11-22', '6f6ce26d-e748-4e79-83af-0705983a8700'),
       ('33be9ca4-79d4-42b7-8a08-5c4b44e6e717', '99353754984', 'Ian Caldeira da Cunha', '1973-01-09',
        'IanC1915@gmail.com', '0300-063-9166', '2022-09-03', '6f6ce26d-e748-4e79-83af-0705983a8700'),
       ('799cd040-7da8-4f65-b6b6-08432798404d', '40462039862', 'Milena Nogueira da Cruz', '1987-06-22',
        'MilenaN1311@outlook.com', '51 2767 1826', '2022-01-25', '6f6ce26d-e748-4e79-83af-0705983a8700'),
       ('45f37eed-f1d7-422f-8dd1-57dc10b9a20e', '49292974785', 'Isaac Moraes Nascimento', '1984-04-14',
        'IsaacM1211@live.com', '+55 (071) 8234-6089', '2020-03-18', '59600ab5-3a3c-4afd-bfa6-6b214c93b99a'),
       ('c9220f98-56c5-45d9-b5ec-6c65557ed1d0', '67175254601', 'Breno Moraes Rocha', '1971-03-12',
        'BrenoM1467@live.com', '21 2622 2353', '2021-12-26', '59600ab5-3a3c-4afd-bfa6-6b214c93b99a'),
       ('d53124c4-f1ad-4676-8e41-b60ce7e9ef15', '56617238494', 'Enrico Vieira Mendes', '1977-04-11',
        'EnricoV1167@outlook.com', '(061) 7986-2332', '2022-12-09', '59600ab5-3a3c-4afd-bfa6-6b214c93b99a'),
       ('b15ad3ff-87e2-469e-be2b-660046707ff8', '04570546625', 'Samuel Porto Silva', '1973-02-20',
        'SamuelP1596@outlook.com', '+55 (061) 2796 6710', '2023-04-11', '4bc37e06-0f1b-4daa-9fb5-3badb0fe9cac'),
       ('06c4529b-d5ad-4e0d-bbcc-43ec7973c2dd', '19069224461', 'Davi Luiz Azevedo da Luz', '1992-10-18',
        'Davi LuizA1543@hotmail.com', '84 9528 2934', '2023-11-05', '4bc37e06-0f1b-4daa-9fb5-3badb0fe9cac'),
       ('7062c251-3d9c-4dac-934d-599c5b667606', '66122322504', 'Carolina Araújo Cardoso', '1993-04-13',
        'CarolinaA1063@live.com', '(031) 5389-2396', '2021-04-11', '4bc37e06-0f1b-4daa-9fb5-3badb0fe9cac'),
       ('076dd1b5-3e7b-45ff-9164-cf2954d5aeef', '39060652789', 'Daniel da Costa da Cruz', '1996-12-14',
        'DanielD1967@outlook.com', '(031) 6651-1355', '2020-10-21', '8c5d608b-e932-4ec4-afaf-b3ca0bd89b4c'),
       ('7b7f9579-dd70-4e74-87d3-30159fbbee9c', '76543237600', 'Carolina Barros da Costa', '1993-08-06',
        'CarolinaB1130@gmail.com', '(021) 0200-6045', '2021-10-26', '8c5d608b-e932-4ec4-afaf-b3ca0bd89b4c'),
       ('cc798ea0-3960-4563-a5af-f0ceac083b4c', '77510392560', 'Isis Pires Moura', '1990-01-02',
        'IsisP1851@outlook.com', '11 5467 2410', '2020-03-08', '8c5d608b-e932-4ec4-afaf-b3ca0bd89b4c'),
       ('43e3d1ba-270c-42c4-b3df-37174fd9cae8', '95672007422', 'Fernando da Rosa Novaes', '1992-02-11',
        'FernandoD1499@live.com', '+55 11 5927-8140', '2023-01-21', '26561446-6694-4650-8cd2-c4084f083918'),
       ('0bc2e14e-8003-4019-8319-cf56610256f6', '40304668508', 'Ana Clara Mendes Araújo', '1984-07-09',
        'Ana ClaraM1263@outlook.com', '+55 (051) 3408 8293', '2021-12-24', '26561446-6694-4650-8cd2-c4084f083918'),
       ('baee66e6-f7c1-4158-b1a8-9c4d1a3bc6b6', '14087945430', 'Paulo Ribeiro da Conceição', '1978-12-06',
        'PauloR1997@outlook.com', '+55 11 6508 4288', '2021-08-20', '26561446-6694-4650-8cd2-c4084f083918'),
       ('d4581295-c8c4-4f72-a8ba-dafaaf23a160', '72469196434', 'Emanuella Correia Carvalho', '1971-01-18',
        'EmanuellaC1130@gmail.com', '+55 61 4756-1346', '2020-11-05', '59da6972-40d4-4148-a1c4-51f74746d937'),
       ('21ee86e4-1a55-4424-939e-e85a1f008bd4', '45664258942', 'Davi Barros Almeida', '1979-03-12',
        'DaviB1054@outlook.com', '(041) 9397 6372', '2023-12-12', '59da6972-40d4-4148-a1c4-51f74746d937'),
       ('f677d74a-9f26-44c6-bb0d-810a0a64932a', '96328843704', 'Heitor Castro Oliveira', '1987-04-20',
        'HeitorC1075@outlook.com', '(011) 5497 4413', '2021-01-13', '59da6972-40d4-4148-a1c4-51f74746d937'),
       ('98d25173-d9ac-47a3-9bf9-4cc9c5996f52', '31298298067', 'Theo Castro Teixeira', '1994-01-04',
        'TheoC1955@gmail.com', '+55 (061) 4403-4940', '2023-08-24', '5f33a429-9a44-4531-8137-29b884325d9b'),
       ('f507bc9e-edae-43d0-811a-0f9ee50bf992', '26444031702', 'Bryan Lopes Cavalcanti', '1991-04-12',
        'BryanL1552@hotmail.com', '(061) 5292 2833', '2023-04-23', '5f33a429-9a44-4531-8137-29b884325d9b'),
       ('0aecb25c-472f-4a12-9a6c-c21ec0277c91', '93330189720', 'Bruno Nunes Moura', '1992-02-27',
        'BrunoN1232@outlook.com', '+55 21 4953 4874', '2020-06-08', '5f33a429-9a44-4531-8137-29b884325d9b'),
       ('7e35a259-748b-46ad-87cb-3f3b5147048e', '60651047366', 'Kaique Cavalcanti Rodrigues', '1978-07-10',
        'KaiqueC1039@live.com', '+55 (051) 3500 8197', '2022-04-24', '10e4971d-9560-4eb6-aeb8-4c634dd5af74'),
       ('8414f5e8-6271-4b27-9b89-67a9a48ae087', '03796820603', 'Laís Lopes Barros', '1988-10-25', 'LaísL1124@live.com',
        '(061) 2847-8235', '2022-05-12', '10e4971d-9560-4eb6-aeb8-4c634dd5af74'),
       ('66e26587-a8d5-429b-b766-cc0ec6abd524', '02869235135', 'Yuri Carvalho Fernandes', '1989-03-26',
        'YuriC1085@outlook.com', '(041) 4499-0627', '2023-04-18', '10e4971d-9560-4eb6-aeb8-4c634dd5af74'),
       ('7a75bc72-492d-44cf-b3f4-ea509043363d', '08952975901', 'Heloísa Nascimento Monteiro', '1989-03-19',
        'HeloísaN1617@gmail.com', '71 3960-2327', '2020-01-01', 'a40ee388-03b3-4929-afc5-2eeaef9cc6c0'),
       ('01f75732-0411-4eb3-8229-0deb714a118e', '40682190950', 'Breno Rocha Araújo', '1972-07-25',
        'BrenoR1257@hotmail.com', '61 4051-4650', '2022-06-04', 'a40ee388-03b3-4929-afc5-2eeaef9cc6c0'),
       ('f6806dca-e23c-45bb-9085-797460d23845', '17300471811', 'Lorenzo da Conceição Lima', '1995-04-20',
        'LorenzoD1592@gmail.com', '31 2596-7409', '2021-09-23', 'a40ee388-03b3-4929-afc5-2eeaef9cc6c0'),
       ('6a0ef27f-a5d2-415b-916d-5f294a488a1d', '02534665804', 'Maria Luiza Cardoso Lopes', '1974-06-26',
        'Maria LuizaC1299@outlook.com', '+55 (011) 7131-3538', '2023-06-04', '3e7e668a-1beb-4540-adc3-179113f28585'),
       ('08d3768e-b21a-409b-87b1-0bfb277384f6', '85356982801', 'Lorenzo da Cruz da Costa', '1987-03-24',
        'LorenzoD1465@gmail.com', '(061) 8474 0218', '2021-09-17', '3e7e668a-1beb-4540-adc3-179113f28585'),
       ('5f7ed11d-54fb-41f9-aecd-9aac7ea5ccd7', '60510554520', 'Bernardo da Mata Ribeiro', '1974-12-16',
        'BernardoD1811@live.com', '+55 (071) 2510-5329', '2023-03-21', '3e7e668a-1beb-4540-adc3-179113f28585'),
       ('681ed145-13b4-4b99-948f-e2327aa22d56', '86207673484', 'Melissa Freitas Silva', '1986-11-08',
        'MelissaF1335@outlook.com', '+55 81 1660 1829', '2022-04-20', 'e406b92a-1a50-4889-aa25-dbb0d06b1e3c'),
       ('2ca8c973-0db1-4b78-b51b-08da93f2acee', '07924266577', 'Guilherme Alves da Mota', '1997-06-10',
        'GuilhermeA1196@hotmail.com', '31 7064 2434', '2022-01-24', 'e406b92a-1a50-4889-aa25-dbb0d06b1e3c'),
       ('2ecf4bf7-c9df-42db-808f-e972a7098e3e', '97173638704', 'Eduardo Viana da Rosa', '1991-07-21',
        'EduardoV1954@outlook.com', '0300-296-7931', '2020-09-20', 'e406b92a-1a50-4889-aa25-dbb0d06b1e3c'),
       ('1f1108c2-1135-4339-86d8-0a331934b6e1', '07205827418', 'Caroline Moura Farias', '1979-01-15',
        'CarolineM1007@outlook.com', '+55 51 6929 0912', '2021-05-23', 'e0a66884-db28-45d1-b6d4-2f55dfd0377e'),
       ('f61db2ce-0830-4b25-921d-b7dfa81162ea', '16108925345', 'Luigi Monteiro Pereira', '1978-09-03',
        'LuigiM1368@gmail.com', '+55 61 0073-2030', '2021-11-26', 'e0a66884-db28-45d1-b6d4-2f55dfd0377e'),
       ('ab441311-9cbb-4d41-978c-0f841c79ad5f', '73038880710', 'Caroline Castro Nogueira', '1975-06-07',
        'CarolineC1181@hotmail.com', '+55 31 0135-4798', '2022-11-25', 'e0a66884-db28-45d1-b6d4-2f55dfd0377e'),
       ('40f17f0d-78fe-4f45-aef9-4c36410008b7', '91808829000', 'Henrique da Mata Nogueira', '1970-07-07',
        'HenriqueD1269@live.com', '21 6157 0005', '2021-03-24', '10c4334d-1fd2-460a-9fcd-94ba1964cc7b'),
       ('75158e9a-0100-4219-b01c-5eb58ece8883', '65195257159', 'Maitê Cunha Cavalcanti', '1987-11-21',
        'MaitêC1172@outlook.com', '41 7456 0039', '2022-08-17', '10c4334d-1fd2-460a-9fcd-94ba1964cc7b'),
       ('c9271b07-3d05-4825-aba8-f8bc48a45afb', '32573054519', 'Amanda da Costa Souza', '1982-05-04',
        'AmandaD1053@hotmail.com', '0800 502 9296', '2023-12-01', '10c4334d-1fd2-460a-9fcd-94ba1964cc7b'),
       ('3aa8b7af-5c34-4910-aedb-1910d44123e3', '21451883200', 'Davi Lucas Jesus Barros', '1974-08-18',
        'Davi LucasJ1082@live.com', '31 5949 0565', '2023-02-02', '8b24b911-b066-44fa-ab97-784d30c862fa'),
       ('65de1671-c996-4ec1-9ec8-18c12db77872', '89659391510', 'Maria Eduarda Cardoso Viana', '1984-02-24',
        'Maria EduardaC1126@hotmail.com', '81 6574-7994', '2021-04-20', '8b24b911-b066-44fa-ab97-784d30c862fa'),
       ('5132a379-2d1a-45df-93aa-f2070ca61d0e', '80233638750', 'Bruno da Rocha Lopes', '1978-02-18',
        'BrunoD1356@outlook.com', '(011) 0593 1702', '2021-06-09', '8b24b911-b066-44fa-ab97-784d30c862fa'),
       ('435c67df-ab84-4bed-afc1-0caa6aa3971b', '15660768202', 'Nina Cardoso da Cruz', '1989-01-20',
        'NinaC1542@live.com', '61 3176-0322', '2021-02-26', 'ec774fec-9ba1-4f77-8156-2496d285cd75'),
       ('8804d022-2510-4004-a8b2-82a1ad9ac1d1', '48893318326', 'Felipe Azevedo Pereira', '1973-10-19',
        'FelipeA1000@gmail.com', '11 9029-9039', '2022-07-20', 'ec774fec-9ba1-4f77-8156-2496d285cd75'),
       ('3bba1fdb-be39-4858-ac89-43e34efd98c0', '41713972190', 'Sarah Aragão Correia', '1970-02-04',
        'SarahA1861@outlook.com', '31 5032 7075', '2020-03-12', 'ec774fec-9ba1-4f77-8156-2496d285cd75'),
       ('5bbf42a0-2ef6-4e9c-a8f2-742391a9b2a5', '66464337041', 'Diogo Almeida Oliveira', '1985-04-07',
        'DiogoA1814@live.com', '+55 (081) 2939 6177', '2021-02-25', '93cc7b13-0836-4526-bd29-0eab41602c2e'),
       ('0d94f98b-526e-4b3f-a708-307abdc1d7f4', '65135778373', 'Maria Julia Azevedo da Cruz', '1982-05-11',
        'Maria JuliaA1574@hotmail.com', '+55 (081) 2272-6293', '2020-08-08', '93cc7b13-0836-4526-bd29-0eab41602c2e'),
       ('851d10d5-216c-4df4-af1c-821ae134b405', '78957313516', 'Gabriel Barbosa Jesus', '1996-08-25',
        'GabrielB1608@live.com', '(084) 4214 3360', '2020-03-06', '93cc7b13-0836-4526-bd29-0eab41602c2e'),
       ('5e3861ae-60ed-4fb3-b725-2d04efb61203', '35099117848', 'Evelyn Pereira Freitas', '1975-02-25',
        'EvelynP1434@hotmail.com', '(021) 4024 8508', '2021-08-13', '0030b31a-0c59-42e1-9b83-5fee3e399bdf'),
       ('1395ecd9-4eb7-499f-b76e-2a36594e9d2e', '29996254801', 'Theo Ferreira Barbosa', '1978-07-05',
        'TheoF1214@outlook.com', '0800 911 5855', '2022-03-26', '0030b31a-0c59-42e1-9b83-5fee3e399bdf'),
       ('02a2d14e-1bd2-4f8c-915b-eec51f51f1f6', '33478767253', 'Maria Eduarda Campos Azevedo', '1983-09-01',
        'Maria EduardaC1900@hotmail.com', '0900-698-2300', '2023-04-11', '0030b31a-0c59-42e1-9b83-5fee3e399bdf'),
       ('4e6c3215-20ba-4d24-8db8-6e18f782ef3d', '58061813831', 'Olivia Vieira Lopes', '1975-11-14',
        'OliviaV1888@live.com', '11 8215-6928', '2021-01-27', '33501f76-7b8e-4bda-916f-1502ec9230bc'),
       ('a7824d10-1555-47ff-884f-86e68dcce04e', '93868866698', 'Olivia Peixoto da Mota', '1995-02-06',
        'OliviaP1311@gmail.com', '+55 21 8013 3981', '2020-09-02', '33501f76-7b8e-4bda-916f-1502ec9230bc'),
       ('cc52590d-132b-4dc2-aa85-5fcb0c093768', '28659099990', 'Eloah Alves Jesus', '1988-04-11', 'EloahA1501@live.com',
        '+55 31 5580 0488', '2021-07-14', '33501f76-7b8e-4bda-916f-1502ec9230bc'),
       ('a0f99fc5-4aa3-42d7-8329-09b2a1b9d798', '11831452685', 'João Vitor Alves da Rocha', '1976-07-19',
        'João VitorA1915@live.com', '+55 (081) 4311-1636', '2021-07-04', 'de857911-bc5c-4e79-813a-d37e73be8100'),
       ('1862bb95-a6ab-443d-a2b3-95c3779207b0', '01745404422', 'Maysa Pires Sales', '1992-05-12',
        'MaysaP1453@gmail.com', '+55 31 7701 0104', '2020-08-04', 'de857911-bc5c-4e79-813a-d37e73be8100'),
       ('926fa277-c6b0-4625-a817-52226163566b', '14470710776', 'Beatriz da Rosa Barbosa', '1982-08-07',
        'BeatrizD1488@hotmail.com', '51 7071 6573', '2021-11-19', 'de857911-bc5c-4e79-813a-d37e73be8100'),
       ('4408f2ec-e6fc-4508-bb63-5ee06c689826', '72718273151', 'Nicolas da Rocha Rezende', '1992-12-23',
        'NicolasD1365@live.com', '+55 71 4273 9115', '2022-06-22', 'f252b142-a95f-48b3-85c3-4a22999a69c3'),
       ('30fdcf65-3c8d-461e-a2c1-a1149f245a4a', '15127436663', 'Vicente Viana Ribeiro', '1976-07-26',
        'VicenteV1726@hotmail.com', '+55 (031) 8892 7517', '2020-03-22', 'f252b142-a95f-48b3-85c3-4a22999a69c3'),
       ('98e1315a-9a4b-43b9-a0b5-b692db1ed778', '29397613022', 'Amanda Pinto Jesus', '1973-05-17',
        'AmandaP1968@outlook.com', '+55 41 7841 4019', '2023-06-08', 'f252b142-a95f-48b3-85c3-4a22999a69c3'),
       ('2bc75a69-d177-4b67-8758-c0437f2a63a7', '62285949740', 'Clarice Pinto Melo', '1978-07-19',
        'ClariceP1756@gmail.com', '+55 (011) 2249 7399', '2021-02-24', '19e04ce1-92f3-47b9-88bc-dd60bb4603c4'),
       ('40a45159-9a20-44d8-9f76-d4f53262de45', '81841616893', 'Stephany da Luz Peixoto', '1983-07-08',
        'StephanyD1913@gmail.com', '(011) 9196-3260', '2023-07-20', '19e04ce1-92f3-47b9-88bc-dd60bb4603c4'),
       ('8d1ae390-8e0b-4e80-af93-9676f9814276', '30086904086', 'Laura Fogaça Ferreira', '1997-02-27',
        'LauraF1104@gmail.com', '(084) 0081 2937', '2020-09-12', '19e04ce1-92f3-47b9-88bc-dd60bb4603c4'),
       ('6c897e7a-ad46-4a5e-ac9c-f629765cf596', '82151575489', 'Vinicius Freitas Carvalho', '1986-12-01',
        'ViniciusF1460@hotmail.com', '61 6082 9241', '2020-03-06', '24d22d0f-3a18-452d-90b5-af912706e54e'),
       ('fd1c5939-2f5c-40f2-bd6a-704cc6911096', '76822178716', 'Miguel Nogueira Lima', '1980-09-15',
        'MiguelN1176@live.com', '(031) 6989-8640', '2023-06-10', '24d22d0f-3a18-452d-90b5-af912706e54e'),
       ('a0f0a24f-2914-4dc9-bb56-221fa62c37dd', '57368553805', 'Evelyn Duarte Nogueira', '1990-01-16',
        'EvelynD1992@hotmail.com', '+55 11 9047-7856', '2021-09-15', '24d22d0f-3a18-452d-90b5-af912706e54e'),
       ('2e0f0d2d-e02a-4a29-913e-cd49d4d8e1c0', '29936422864', 'Paulo Lima da Conceição', '1972-02-09',
        'PauloL1225@outlook.com', '(011) 0926 4334', '2020-10-22', 'c08fb705-0682-4cdd-9d04-aa2835fe5851'),
       ('144054b8-e52c-4a72-b342-bbbfb1f5859d', '71278802398', 'Augusto Mendes Cardoso', '1995-02-21',
        'AugustoM1840@gmail.com', '+55 51 8018 5922', '2020-04-15', 'c08fb705-0682-4cdd-9d04-aa2835fe5851'),
       ('0036baa3-d075-43fc-9960-39edd71f40f0', '99506318310', 'Otávio Gonçalves Monteiro', '1975-12-23',
        'OtávioG1302@hotmail.com', '+55 81 0613-3492', '2023-05-11', 'c08fb705-0682-4cdd-9d04-aa2835fe5851'),
       ('39c50846-23ea-460a-bc80-7015dc065d03', '94177603864', 'Otávio Costa Barros', '1988-01-06',
        'OtávioC1018@hotmail.com', '+55 81 6410 9955', '2023-02-03', '54492398-0abc-4dd7-b0a2-7f5e38566e9e'),
       ('1b033e5b-9779-4ea8-a56e-b989928eef4a', '08881184737', 'Levi da Costa Castro', '1990-11-15',
        'LeviD1425@hotmail.com', '61 1607 1761', '2020-06-19', '54492398-0abc-4dd7-b0a2-7f5e38566e9e'),
       ('984019f2-2efa-4cca-987a-5e283854cb64', '22800295295', 'Ana Beatriz Novaes Alves', '1975-01-24',
        'Ana BeatrizN1799@gmail.com', '+55 51 9032 4156', '2022-08-09', '54492398-0abc-4dd7-b0a2-7f5e38566e9e'),
       ('678d3ce2-8c2b-40ad-b26b-f810e407c27d', '35532353301', 'Bryan Nogueira Cavalcanti', '1984-10-02',
        'BryanN1096@live.com', '+55 (084) 6271 4487', '2020-07-10', 'c162065d-ea01-4401-a9eb-a3478814dfac'),
       ('ce154941-1de9-4053-8860-640f944d8c6d', '43187625053', 'Levi Aragão Silveira', '1982-07-09',
        'LeviA1123@hotmail.com', '0500-134-3414', '2021-07-17', 'c162065d-ea01-4401-a9eb-a3478814dfac'),
       ('239e2de2-c79b-4ea1-bbb3-91daf5c911bc', '18380853199', 'Raquel Moreira Azevedo', '1974-10-17',
        'RaquelM1123@live.com', '(071) 6379-4513', '2023-09-26', 'c162065d-ea01-4401-a9eb-a3478814dfac'),
       ('cddb454e-82a5-439a-8b7e-e504f2228772', '63593182459', 'Yuri Correia da Rocha', '1981-07-16',
        'YuriC1074@gmail.com', '61 2129 7968', '2022-08-23', 'e102d397-3f1a-4e21-82ff-58bcc6eaa277'),
       ('8aff56f4-8de2-4dcf-887f-c7e9118b324a', '03337224938', 'Davi Carvalho Jesus', '1997-11-06',
        'DaviC1220@outlook.com', '(081) 9641 5952', '2020-10-06', 'e102d397-3f1a-4e21-82ff-58bcc6eaa277'),
       ('132a9474-7d8a-40e4-a850-b285f6a8e105', '79481994201', 'Daniel Pinto Jesus', '1971-07-02',
        'DanielP1305@gmail.com', '(081) 3737 1049', '2020-02-05', 'e102d397-3f1a-4e21-82ff-58bcc6eaa277'),
       ('f1d723e7-8a67-4916-ae58-461d9ed68e6c', '78566309065', 'Luiza Gomes Rodrigues', '1993-07-12',
        'LuizaG1926@outlook.com', '51 8859 0617', '2022-05-22', '145462dc-bed8-4f6e-bd0f-dc96bdff811b'),
       ('c11b2159-3c66-4c48-9617-56144f68cc91', '46281877381', 'Kamilly Oliveira Moreira', '1972-10-01',
        'KamillyO1884@live.com', '+55 11 7854-4593', '2021-01-21', '145462dc-bed8-4f6e-bd0f-dc96bdff811b'),
       ('8a8f8235-8fc2-4276-8f0f-4141526a39ff', '47918573994', 'Ana Laura da Mata Oliveira', '1985-06-27',
        'Ana LauraD1988@hotmail.com', '+55 (061) 5596-5403', '2021-10-19', '145462dc-bed8-4f6e-bd0f-dc96bdff811b'),
       ('4029854a-f33c-4b64-aa2c-c2f8cf2e0bab', '75747309978', 'Sophie da Cunha Freitas', '1981-02-21',
        'SophieD1338@hotmail.com', '+55 11 0534 4545', '2020-07-17', '406ec510-ee52-4a18-b04f-6a923bdd06ab'),
       ('74924b48-ef76-4426-b49d-e752a7517e94', '36562396573', 'Alexia Mendes da Conceição', '1979-08-11',
        'AlexiaM1365@live.com', '+55 (031) 9704 7248', '2021-04-25', '406ec510-ee52-4a18-b04f-6a923bdd06ab'),
       ('8f410668-7248-4107-b0be-a310e243fbd2', '86109442712', 'Maria Alice Ribeiro Oliveira', '1981-08-13',
        'Maria AliceR1006@live.com', '51 9576 8248', '2023-03-13', '406ec510-ee52-4a18-b04f-6a923bdd06ab'),
       ('16a9ac51-b9de-4fdc-b4df-a8de84aa34c4', '51548970646', 'Gabriel Martins Alves', '1992-10-06',
        'GabrielM1484@gmail.com', '(084) 2661 9960', '2021-02-02', '9ca48c18-01b6-4d81-a95a-c2d5e5949ada'),
       ('58df342e-c73b-4c9a-915b-c1c200e07881', '67909309309', 'Isabelly Rodrigues Costela', '1975-04-07',
        'IsabellyR1598@hotmail.com', '81 8538 7461', '2020-01-04', '9ca48c18-01b6-4d81-a95a-c2d5e5949ada'),
       ('7af1b32f-4184-48c1-8819-da576365fb7c', '22389344801', 'Luiz Otávio Gonçalves Castro', '1996-10-26',
        'Luiz OtávioG1243@gmail.com', '41 7100-1796', '2022-03-03', '9ca48c18-01b6-4d81-a95a-c2d5e5949ada'),
       ('b33aaf01-ae98-4d27-afff-9a227bccc454', '34405065845', 'Isabelly Cardoso Farias', '1982-09-07',
        'IsabellyC1475@live.com', '+55 61 6700 7326', '2021-06-27', 'cffb6b74-cde9-4018-8c22-3ab59bbb8446'),
       ('a59448a2-e972-433d-8893-b1d534c844f0', '56472903883', 'Emilly Cavalcanti Aragão', '1975-01-20',
        'EmillyC1961@gmail.com', '+55 (031) 5511-0320', '2022-11-11', 'cffb6b74-cde9-4018-8c22-3ab59bbb8446'),
       ('b3e6f8fc-f660-4a85-b746-83cc91799757', '17904471868', 'Helena Souza Melo', '1991-12-18',
        'HelenaS1474@gmail.com', '+55 (084) 3775 0457', '2020-12-07', 'cffb6b74-cde9-4018-8c22-3ab59bbb8446'),
       ('328bb474-9d69-4572-aa46-3376e6bd9468', '81340465337', 'Luiz Felipe da Rosa Porto', '1972-06-24',
        'Luiz FelipeD1468@hotmail.com', '+55 (031) 1851 4022', '2023-04-12', '8c28da56-4ec3-4869-a641-206a2c565783'),
       ('6d9cf1b8-7118-4e41-9dc2-9a2deedee7fc', '45145953496', 'Gustavo Henrique Nascimento da Cunha', '1976-02-09',
        'Gustavo HenriqueN1763@gmail.com', '(021) 1068-4330', '2021-04-20', '8c28da56-4ec3-4869-a641-206a2c565783'),
       ('d39b8641-d645-42f5-8140-d9c25961adaa', '05637450617', 'Luana Costela Pinto', '1971-06-25',
        'LuanaC1215@gmail.com', '71 6156-0407', '2023-10-01', '8c28da56-4ec3-4869-a641-206a2c565783'),
       ('96bd24a3-0ace-4059-b46c-f00f49f82903', '65703028256', 'Thales Correia da Mata', '1977-03-27',
        'ThalesC1352@live.com', '+55 (031) 1216 0937', '2020-05-06', '1b220029-5821-4ccd-996e-a50e72340661'),
       ('4ae8128c-4eac-45c8-8b6b-fce791422745', '29593719849', 'Juliana Duarte Melo', '1995-05-25',
        'JulianaD1006@gmail.com', '+55 61 8451-1721', '2021-12-22', '1b220029-5821-4ccd-996e-a50e72340661'),
       ('f763d427-b17b-440c-9fb3-26d53e0fdba4', '79289544864', 'Stella Peixoto Caldeira', '1988-02-26',
        'StellaP1228@hotmail.com', '(041) 7616 9523', '2021-10-01', '1b220029-5821-4ccd-996e-a50e72340661'),
       ('40c00003-c8b1-4323-87df-3e8a068d8ba9', '09372428612', 'Mariana da Cruz Pereira', '1982-10-17',
        'MarianaD1800@outlook.com', '(011) 7044 6644', '2020-03-15', '713779a9-c979-43a8-aa22-03ffac94b9a6'),
       ('e033c61f-e60c-4351-9b96-94dddf081cd1', '32215763230', 'Erick Vieira Almeida', '1984-11-18',
        'ErickV1548@gmail.com', '61 5020-9365', '2022-01-23', '713779a9-c979-43a8-aa22-03ffac94b9a6'),
       ('d3599162-8aaf-44f7-913b-ccdd3d9cd19c', '59736416780', 'Nina Moura Rezende', '1985-06-23',
        'NinaM1426@outlook.com', '0500-551-3133', '2022-12-07', '713779a9-c979-43a8-aa22-03ffac94b9a6'),
       ('59067569-3f4b-47a3-9574-63b89e00ee23', '17711924372', 'João Felipe Novaes da Luz', '1972-07-02',
        'João FelipeN1160@hotmail.com', '+55 84 6944 5631', '2022-11-26', '2d9fc820-265c-4f03-872b-424df8150b21'),
       ('b2ad8e0f-2035-451e-b8c3-a8e7b5422d05', '72046300505', 'Nicolas da Costa Moraes', '1973-01-23',
        'NicolasD1905@hotmail.com', '(051) 5039 7097', '2023-07-19', '2d9fc820-265c-4f03-872b-424df8150b21'),
       ('54fae6ec-c896-4c4d-a145-39eca389d24f', '39956868698', 'Lavínia Freitas Fernandes', '1980-08-14',
        'LavíniaF1645@live.com', '71 1521-6909', '2023-12-06', '2d9fc820-265c-4f03-872b-424df8150b21'),
       ('291ba37a-ab42-42b1-b51a-57f41579a730', '04349622527', 'Bárbara Pinto Cavalcanti', '1978-03-24',
        'BárbaraP1674@outlook.com', '(071) 4817-2945', '2022-12-20', '40f167cb-6e5b-4d49-ac3b-2c4b9078e4b1'),
       ('6a60a0b4-16f5-4eef-b1ee-66f8123a6b18', '12410286992', 'Mariane Cardoso Costela', '1973-06-10',
        'MarianeC1840@hotmail.com', '21 4474-4673', '2021-08-02', '40f167cb-6e5b-4d49-ac3b-2c4b9078e4b1'),
       ('c750e118-419e-4063-a8a5-324b7db484b0', '19524202700', 'Clarice Farias Alves', '1997-09-08',
        'ClariceF1822@outlook.com', '0300 323 7388', '2022-03-23', '40f167cb-6e5b-4d49-ac3b-2c4b9078e4b1'),
       ('1955b7f0-95ec-45fc-92f0-a4823daced80', '84808277263', 'Isabel Silveira Vieira', '1980-02-14',
        'IsabelS1759@hotmail.com', '+55 (084) 5546-4002', '2023-01-07', 'a8c0b017-1dd7-4efc-8923-04928b00cc38'),
       ('107024fe-38f8-4110-9bdf-75089a1b1b79', '44311342802', 'Lorena Santos Aragão', '1981-08-02',
        'LorenaS1815@gmail.com', '(061) 2789 8809', '2022-02-01', 'a8c0b017-1dd7-4efc-8923-04928b00cc38'),
       ('079cc365-8607-42b6-bb88-c01b06ea9079', '11511487178', 'Joana Nogueira Silva', '1996-07-21',
        'JoanaN1607@live.com', '31 6914 1370', '2021-06-25', 'a8c0b017-1dd7-4efc-8923-04928b00cc38'),
       ('37b59738-56bc-4580-9a27-1e2de254ae3f', '35109146195', 'Maitê das Neves Fogaça', '1973-07-06',
        'MaitêD1775@live.com', '0500-746-8183', '2021-02-09', 'e336331d-68a1-42fe-aa81-de52f468055b'),
       ('5127f49d-d44e-4521-b44a-1c94c160ad5a', '56825325540', 'Bianca Fogaça Cardoso', '1981-02-22',
        'BiancaF1706@outlook.com', '0500 556 3945', '2023-06-21', 'e336331d-68a1-42fe-aa81-de52f468055b'),
       ('ad5c4457-473a-44d9-a255-a9aa8b73e318', '63460014938', 'Maria Clara Souza Barros', '1976-05-20',
        'Maria ClaraS1869@outlook.com', '0500 501 9545', '2023-02-24', 'e336331d-68a1-42fe-aa81-de52f468055b'),
       ('63a48cef-fbee-4a67-8a6f-71d009211ef7', '78581706436', 'Lucas Ramos da Conceição', '1981-02-15',
        'LucasR1726@hotmail.com', '(061) 1904 5864', '2023-02-15', 'fa9c0345-fbfe-4c53-9e83-cd1fbbbcc41b'),
       ('524210c0-6c0e-4039-b3ad-e45be855bc1d', '91458705781', 'Vinicius Peixoto da Conceição', '1996-11-24',
        'ViniciusP1807@outlook.com', '+55 84 3711 4699', '2022-03-10', 'fa9c0345-fbfe-4c53-9e83-cd1fbbbcc41b'),
       ('9c8199ff-a3c2-44f7-99b3-73ba61b8d4c1', '90632377070', 'Esther Nascimento Fogaça', '1975-05-27',
        'EstherN1515@hotmail.com', '+55 51 1469 2594', '2022-09-23', 'fa9c0345-fbfe-4c53-9e83-cd1fbbbcc41b'),
       ('438da39c-12b8-43c4-b3db-73f6be4630b4', '12023891205', 'Vinicius Dias Monteiro', '1990-08-01',
        'ViniciusD1733@outlook.com', '+55 (011) 4855-6392', '2022-12-05', 'a95b8a85-425c-4ddb-8dc2-bb5f5e32c527'),
       ('dbebfa23-0258-45ef-816a-4767a537b647', '26712007143', 'Otávio da Cunha Monteiro', '1971-12-27',
        'OtávioD1531@gmail.com', '(041) 1072 0081', '2022-05-12', 'a95b8a85-425c-4ddb-8dc2-bb5f5e32c527'),
       ('1e81c3b4-3571-4a83-a5aa-c9bff9a587d5', '47452478347', 'Luiz Otávio das Neves Monteiro', '1975-02-27',
        'Luiz OtávioD1427@live.com', '+55 (051) 0082-8979', '2022-06-20', 'a95b8a85-425c-4ddb-8dc2-bb5f5e32c527'),
       ('de264d49-9f17-4c3b-9f62-c865ca019b5a', '95507838470', 'Sophie Araújo Barros', '1996-12-22',
        'SophieA1229@live.com', '+55 (084) 6827-6351', '2020-06-24', 'bb464cee-3ba4-480c-b454-39c2cdaca43a'),
       ('79673388-ec56-4f57-91c5-1b5c6010adba', '11485764440', 'Luna Souza Fogaça', '1988-05-21', 'LunaS1899@live.com',
        '0900-616-1452', '2021-03-10', 'bb464cee-3ba4-480c-b454-39c2cdaca43a'),
       ('69e1b0ba-9840-4510-8340-18ab1068c5b4', '61651911185', 'João Vitor Barbosa Dias', '1975-08-24',
        'João VitorB1234@outlook.com', '+55 11 0633-8211', '2021-10-24', 'bb464cee-3ba4-480c-b454-39c2cdaca43a'),
       ('702d1371-2ceb-4039-9bd3-67043b7e96c9', '59455016389', 'Juliana Nascimento Cavalcanti', '1981-04-14',
        'JulianaN1017@live.com', '0800-144-7475', '2020-08-04', '27d5047f-0351-41de-86f1-c1bc456964b7'),
       ('b69a62e7-b105-4875-8762-f57e0936d2db', '06801460757', 'Nicolas da Paz Cunha', '1988-12-21',
        'NicolasD1338@hotmail.com', '(061) 7723 7930', '2020-01-25', '27d5047f-0351-41de-86f1-c1bc456964b7'),
       ('23abd868-a094-49b6-9eb4-0b45b4a6e161', '73866872305', 'Arthur Porto Martins', '1971-01-24',
        'ArthurP1375@outlook.com', '+55 (071) 8676-2776', '2020-04-01', '27d5047f-0351-41de-86f1-c1bc456964b7'),
       ('c94ca5f9-e531-4be8-8422-440ee7a45652', '03127653808', 'Emanuelly Ramos Teixeira', '1995-06-16',
        'EmanuellyR1553@gmail.com', '+55 51 7531 5280', '2022-04-19', '71c6dc7c-aa4b-4e6a-b56a-64000df12579'),
       ('0e8ae3f1-9757-4d89-90e4-f34c9ed87403', '88018253587', 'Igor Fogaça Caldeira', '1992-03-01',
        'IgorF1808@outlook.com', '+55 71 2622-9342', '2022-12-25', '71c6dc7c-aa4b-4e6a-b56a-64000df12579'),
       ('239a73d8-3f15-44c5-86c3-247b76437e10', '36917594407', 'Alícia Nascimento Moreira', '1991-02-17',
        'AlíciaN1104@gmail.com', '(041) 4336 9915', '2020-10-15', '71c6dc7c-aa4b-4e6a-b56a-64000df12579'),
       ('6e5e6d31-c8d4-4fe8-923d-a4f38247561c', '17432399719', 'Ian Oliveira Pires', '1975-08-18',
        'IanO1361@outlook.com', '71 0752 6433', '2020-07-13', '1ce4c490-3d58-4ed9-a739-80a6335cfda4'),
       ('1f7ba48a-4cd9-490c-abc5-85621f20f38d', '06102540905', 'Sophia Silva Pinto', '1996-01-20',
        'SophiaS1962@hotmail.com', '(051) 1547-3392', '2021-12-25', '1ce4c490-3d58-4ed9-a739-80a6335cfda4'),
       ('06d16551-0d9a-4445-aa47-1f357f3080a9', '65755717435', 'Vitor Gabriel da Rosa Ribeiro', '1982-06-27',
        'Vitor GabrielD1655@gmail.com', '41 6680-1264', '2023-01-12', '1ce4c490-3d58-4ed9-a739-80a6335cfda4'),
       ('2c35a02f-860e-48f4-9087-5f9aaee059bc', '15484941865', 'Mariana da Cunha Freitas', '1995-01-21',
        'MarianaD1852@outlook.com', '0500-851-2957', '2020-06-11', '35b14011-f2f4-4f6a-976b-e3e56524d336'),
       ('068d9896-4fa3-4cd3-9aff-986a52c21c92', '61869939816', 'Mariane Moura Vieira', '1972-08-16',
        'MarianeM1827@gmail.com', '71 6903-5667', '2022-11-25', '35b14011-f2f4-4f6a-976b-e3e56524d336'),
       ('517d8361-2fc4-4d34-b306-be18e89d5709', '00125017510', 'Noah Lima Pereira', '1977-03-02', 'NoahL1723@live.com',
        '+55 (084) 4919-5210', '2023-03-16', '35b14011-f2f4-4f6a-976b-e3e56524d336'),
       ('2304d311-e18b-40e8-88d0-e044fceec7b3', '91379667151', 'Maria Sophia Rodrigues Ramos', '1973-04-26',
        'Maria SophiaR1438@hotmail.com', '(084) 0724-4121', '2021-06-11', '9ac9a25a-e1c1-42ec-ab90-bbc42d0fa582'),
       ('2945e6ac-8dcd-465e-80fc-33acc16572e0', '15688057726', 'Cauã Costela Lopes', '1970-07-25', 'CauãC1354@live.com',
        '61 1245-5037', '2021-06-14', '9ac9a25a-e1c1-42ec-ab90-bbc42d0fa582'),
       ('a630bb35-7fb0-4728-8d27-73dcbdb67700', '59605266628', 'Lorenzo Pereira Cavalcanti', '1987-09-25',
        'LorenzoP1425@live.com', '(081) 8622 5782', '2023-12-19', '9ac9a25a-e1c1-42ec-ab90-bbc42d0fa582'),
       ('2209a9fb-5b40-4ae6-8205-15188adf194d', '89729613613', 'Emilly da Rosa da Cunha', '1978-01-11',
        'EmillyD1706@live.com', '(051) 8453 8814', '2023-09-13', 'd90060be-7eed-4bb0-b23d-964b06a5e117'),
       ('f88f6df4-b6a0-42ae-bec9-733665ecd2ae', '66331816712', 'Fernanda da Costa Castro', '1986-04-19',
        'FernandaD1968@live.com', '+55 11 5149-1397', '2020-03-25', 'd90060be-7eed-4bb0-b23d-964b06a5e117'),
       ('120f6607-7a0d-4dfa-bc1f-be95de7e3b1d', '71888915919', 'Vitor Gabriel Ferreira da Costa', '1986-07-24',
        'Vitor GabrielF1827@outlook.com', '+55 (051) 3132 2093', '2022-11-04', 'd90060be-7eed-4bb0-b23d-964b06a5e117'),
       ('f4aaabeb-f5b2-4eaf-8062-8935f83942f3', '77123745892', 'André Gomes Caldeira', '1976-03-16',
        'AndréG1418@outlook.com', '+55 84 4904 3758', '2022-08-10', '35d60c10-509f-4c25-8912-e0b03955034b'),
       ('5df519bc-3592-4ae5-81f2-2cac0167ac35', '17545697812', 'Caio Campos Peixoto', '1977-12-14',
        'CaioC1524@hotmail.com', '(011) 5819 2931', '2020-12-03', '35d60c10-509f-4c25-8912-e0b03955034b'),
       ('4d273d55-136b-4d53-af13-86202f4dc1d4', '74061211803', 'Clara da Costa Jesus', '1984-05-08',
        'ClaraD1557@outlook.com', '+55 11 8506 4187', '2023-11-10', '35d60c10-509f-4c25-8912-e0b03955034b'),
       ('2a605ccf-7069-4f41-956f-90e16edbbc14', '32636877940', 'Samuel da Rocha Silva', '1990-07-27',
        'SamuelD1970@gmail.com', '+55 (011) 1893 5804', '2021-01-16', '7a57f3f0-2211-4fba-b818-150ca2c81ee4'),
       ('1f7585dc-4cf5-40ce-8b1a-4b19a1f66764', '93642958036', 'Letícia Gonçalves Fogaça', '1989-12-27',
        'LetíciaG1701@live.com', '+55 71 8606 9817', '2023-02-14', '7a57f3f0-2211-4fba-b818-150ca2c81ee4'),
       ('d4915c65-cc63-4929-9823-f2072e69e93d', '70876457650', 'João Miguel da Cunha Ramos', '1987-12-06',
        'João MiguelD1859@live.com', '+55 61 3017-1136', '2023-05-19', '7a57f3f0-2211-4fba-b818-150ca2c81ee4'),
       ('e355ecf5-b8bc-4502-a9c8-d1cbabb41214', '79686723765', 'Luiza Rodrigues Farias', '1983-03-09',
        'LuizaR1710@outlook.com', '21 1986 0398', '2020-03-27', 'eac96e81-ce92-4ab2-8f27-5bf28447d2ab'),
       ('f4a4a117-714d-4e82-87a1-8264b59ce6f1', '42510208209', 'Luiz Felipe Alves da Luz', '1985-10-16',
        'Luiz FelipeA1370@live.com', '51 6672 0059', '2020-08-18', 'eac96e81-ce92-4ab2-8f27-5bf28447d2ab'),
       ('87f3e52b-91cd-45df-b793-6f8dff332a2e', '51762790297', 'Vitor Gabriel Novaes Farias', '1980-04-02',
        'Vitor GabrielN1082@outlook.com', '+55 (081) 1994 3681', '2021-09-13', 'eac96e81-ce92-4ab2-8f27-5bf28447d2ab'),
       ('9a45bc91-6a56-434e-960e-d751f8b32985', '46122199532', 'Vinicius Moreira da Mata', '1992-06-16',
        'ViniciusM1690@live.com', '0500-080-4940', '2021-06-24', '9a552b7e-afc2-4713-a6f2-7b18589fce1d'),
       ('49324787-8772-4e78-9fde-dc90a5166234', '51208903420', 'Miguel da Luz Silva', '1970-10-19',
        'MiguelD1646@hotmail.com', '+55 84 2229-8882', '2021-08-26', '9a552b7e-afc2-4713-a6f2-7b18589fce1d'),
       ('e83a98be-2bfd-4813-b631-56c52bcf3044', '63734957524', 'Julia Ferreira Pires', '1985-11-04',
        'JuliaF1030@outlook.com', '0900-096-4874', '2023-12-08', '9a552b7e-afc2-4713-a6f2-7b18589fce1d'),
       ('86d1980c-7f89-4acf-8524-6a3c956b54b2', '55727817200', 'Juliana Caldeira Nunes', '1972-11-02',
        'JulianaC1259@hotmail.com', '(021) 0725-7646', '2021-06-15', '07746594-457b-4d93-8cff-b78a7ea624b7'),
       ('7ae19cde-491f-4894-b431-63c1ad5b17f2', '97248126500', 'Lorena Freitas Cardoso', '1980-04-08',
        'LorenaF1117@live.com', '+55 51 8797 7569', '2023-08-09', '07746594-457b-4d93-8cff-b78a7ea624b7'),
       ('016ef6fc-f7af-4634-944f-d999133bab1c', '57514117652', 'Enrico Santos da Mota', '1984-09-18',
        'EnricoS1344@live.com', '+55 84 3992-8074', '2021-07-16', '07746594-457b-4d93-8cff-b78a7ea624b7'),
       ('5cfed422-dfbb-46e6-9a1c-1bf3fc200f8e', '55164830698', 'Rodrigo Peixoto Viana', '1993-07-02',
        'RodrigoP1907@outlook.com', '(081) 4656 5283', '2023-09-02', '99876bf4-68db-494c-a663-792154bdd917'),
       ('3db2893b-db1c-484c-b7bc-cb5563300b1c', '58872027500', 'Olivia Moura Nunes', '1984-11-25',
        'OliviaM1347@hotmail.com', '+55 11 1392 8816', '2020-09-15', '99876bf4-68db-494c-a663-792154bdd917'),
       ('92b6b2e9-687d-4d94-bf7d-22183bb13cbc', '60517563452', 'Antônio Farias Freitas', '1976-07-01',
        'AntônioF1954@hotmail.com', '11 1878-6503', '2023-02-13', '99876bf4-68db-494c-a663-792154bdd917'),
       ('1776e908-5b99-4134-8665-eb2788c97ff5', '16537881943', 'Gustavo Alves Correia', '1974-01-23',
        'GustavoA1685@outlook.com', '(071) 8721-6365', '2023-05-25', 'fbfaef04-24e0-422d-835a-db1d8d44edb7');

INSERT INTO AREAS (ID, NAME, OPENING_TIME, CLOSING_TIME)
VALUES (0, 'Churrasqueira', '18:00', '22:00'),
       (1, 'Piscina', '10:00', '18:00'),
       (2, 'Area de trabalho', '08:00', '17:00'),
       (3, 'Academia', '5:30', '22:00'),
       (4, 'Sala de Jogos', '14:00', '22:00'),
       (5, 'Salão de festas', '14:00', '22:00');

INSERT INTO USER_RESERVATION_AREAS (ID, START_OF_SCHEDULING, END_OF_SCHEDULING, RESERVATION_ID, USER_ID)
VALUES (0, '2023-05-24 11:51', '2023-05-24 15:11', 3, '930b3633-114b-40c2-99e7-eb3d40c9efc9'),
       (1, '2023-08-06 17:57', '2023-08-06 21:30', 3, '930b3633-114b-40c2-99e7-eb3d40c9efc9'),
       (2, '2023-08-11 11:00', '2023-08-11 15:00', 2, '930b3633-114b-40c2-99e7-eb3d40c9efc9'),
       (3, '2023-03-14 12:14', '2023-03-14 16:25', 5, '930b3633-114b-40c2-99e7-eb3d40c9efc9'),
       (4, '2023-12-10 13:28', '2023-12-10 17:22', 4, '930b3633-114b-40c2-99e7-eb3d40c9efc9'),
       (5, '2023-11-14 15:25', '2023-11-14 19:20', 4, '930b3633-114b-40c2-99e7-eb3d40c9efc9'),
       (6, '2023-01-13 18:06', '2023-01-13 22:39', 2, '930b3633-114b-40c2-99e7-eb3d40c9efc9'),
       (7, '2023-10-27 16:23', '2023-10-27 20:00', 1, '930b3633-114b-40c2-99e7-eb3d40c9efc9'),
       (8, '2023-09-04 16:28', '2023-09-04 20:22', 3, '930b3633-114b-40c2-99e7-eb3d40c9efc9'),
       (9, '2023-09-07 13:19', '2023-09-07 17:11', 1, '930b3633-114b-40c2-99e7-eb3d40c9efc9'),
       (10, '2023-04-11 17:30', '2023-04-11 21:59', 0, 'b3ba57f8-b66a-4bca-a0a3-a94cf6a7421a'),
       (11, '2023-05-07 15:16', '2023-05-07 19:40', 1, 'b3ba57f8-b66a-4bca-a0a3-a94cf6a7421a'),
       (12, '2023-10-12 12:24', '2023-10-12 16:51', 5, 'b3ba57f8-b66a-4bca-a0a3-a94cf6a7421a'),
       (13, '2023-03-05 13:42', '2023-03-05 17:50', 1, 'b3ba57f8-b66a-4bca-a0a3-a94cf6a7421a'),
       (14, '2023-11-16 18:59', '2023-11-16 22:06', 1, 'b3ba57f8-b66a-4bca-a0a3-a94cf6a7421a'),
       (15, '2023-09-13 17:58', '2023-09-13 21:30', 5, 'b3ba57f8-b66a-4bca-a0a3-a94cf6a7421a'),
       (16, '2023-03-06 14:14', '2023-03-06 18:24', 2, 'b3ba57f8-b66a-4bca-a0a3-a94cf6a7421a'),
       (17, '2023-07-16 18:11', '2023-07-16 22:32', 4, 'b3ba57f8-b66a-4bca-a0a3-a94cf6a7421a'),
       (18, '2023-06-03 11:29', '2023-06-03 15:47', 3, 'b3ba57f8-b66a-4bca-a0a3-a94cf6a7421a'),
       (19, '2023-12-09 11:01', '2023-12-09 15:17', 5, 'b3ba57f8-b66a-4bca-a0a3-a94cf6a7421a'),
       (20, '2023-12-28 15:34', '2023-12-28 19:46', 0, 'b79a0936-3fc5-40eb-9764-b794c2f734b3'),
       (21, '2023-12-09 14:21', '2023-12-09 18:24', 5, 'b79a0936-3fc5-40eb-9764-b794c2f734b3'),
       (22, '2023-06-04 18:06', '2023-06-04 22:05', 5, 'b79a0936-3fc5-40eb-9764-b794c2f734b3'),
       (23, '2023-12-20 13:27', '2023-12-20 17:48', 1, 'b79a0936-3fc5-40eb-9764-b794c2f734b3'),
       (24, '2023-05-04 13:48', '2023-05-04 17:24', 1, 'b79a0936-3fc5-40eb-9764-b794c2f734b3'),
       (25, '2023-06-11 14:55', '2023-06-11 18:14', 5, 'b79a0936-3fc5-40eb-9764-b794c2f734b3'),
       (26, '2023-03-21 18:56', '2023-03-21 22:09', 5, 'b79a0936-3fc5-40eb-9764-b794c2f734b3'),
       (27, '2023-05-13 17:54', '2023-05-13 21:40', 5, 'b79a0936-3fc5-40eb-9764-b794c2f734b3'),
       (28, '2023-03-13 16:53', '2023-03-13 20:58', 3, 'b79a0936-3fc5-40eb-9764-b794c2f734b3'),
       (29, '2023-06-11 12:34', '2023-06-11 16:40', 1, 'b79a0936-3fc5-40eb-9764-b794c2f734b3'),
       (30, '2023-08-18 11:30', '2023-08-18 15:23', 0, 'f52c46e0-8bfd-40f9-9a9e-493a3a49efc6'),
       (31, '2023-02-16 16:36', '2023-02-16 20:29', 2, 'f52c46e0-8bfd-40f9-9a9e-493a3a49efc6'),
       (32, '2023-09-04 12:24', '2023-09-04 16:44', 1, 'f52c46e0-8bfd-40f9-9a9e-493a3a49efc6'),
       (33, '2023-09-26 15:29', '2023-09-26 19:48', 0, 'f52c46e0-8bfd-40f9-9a9e-493a3a49efc6'),
       (34, '2023-04-19 14:51', '2023-04-19 18:28', 2, 'f52c46e0-8bfd-40f9-9a9e-493a3a49efc6'),
       (35, '2023-10-13 12:45', '2023-10-13 16:42', 5, 'f52c46e0-8bfd-40f9-9a9e-493a3a49efc6'),
       (36, '2023-04-10 11:02', '2023-04-10 15:51', 2, 'f52c46e0-8bfd-40f9-9a9e-493a3a49efc6'),
       (37, '2023-05-06 18:48', '2023-05-06 22:47', 2, 'f52c46e0-8bfd-40f9-9a9e-493a3a49efc6'),
       (38, '2023-08-05 13:40', '2023-08-05 17:32', 0, 'f52c46e0-8bfd-40f9-9a9e-493a3a49efc6'),
       (39, '2023-09-09 12:59', '2023-09-09 16:24', 3, 'f52c46e0-8bfd-40f9-9a9e-493a3a49efc6'),
       (40, '2023-05-11 13:48', '2023-05-11 17:08', 3, '931404e8-0b81-477a-b052-731e40792e64'),
       (41, '2023-08-22 13:34', '2023-08-22 17:40', 2, '931404e8-0b81-477a-b052-731e40792e64'),
       (42, '2023-07-04 11:00', '2023-07-04 15:12', 5, '931404e8-0b81-477a-b052-731e40792e64'),
       (43, '2023-06-07 14:17', '2023-06-07 18:36', 3, '931404e8-0b81-477a-b052-731e40792e64'),
       (44, '2023-12-23 11:36', '2023-12-23 15:15', 3, '931404e8-0b81-477a-b052-731e40792e64'),
       (45, '2023-04-21 18:34', '2023-04-21 22:38', 5, '931404e8-0b81-477a-b052-731e40792e64'),
       (46, '2023-03-03 18:15', '2023-03-03 22:26', 1, '931404e8-0b81-477a-b052-731e40792e64'),
       (47, '2023-10-12 12:40', '2023-10-12 16:54', 4, '931404e8-0b81-477a-b052-731e40792e64'),
       (48, '2023-02-27 16:34', '2023-02-27 20:22', 0, '931404e8-0b81-477a-b052-731e40792e64'),
       (49, '2023-09-21 11:46', '2023-09-21 15:10', 0, '931404e8-0b81-477a-b052-731e40792e64'),
       (50, '2023-02-04 17:07', '2023-02-04 21:03', 0, '5816966a-ba53-4da9-aaf3-0a8c447cbdfe'),
       (51, '2023-01-03 17:49', '2023-01-03 21:23', 5, '5816966a-ba53-4da9-aaf3-0a8c447cbdfe'),
       (52, '2023-08-15 13:24', '2023-08-15 17:01', 5, '5816966a-ba53-4da9-aaf3-0a8c447cbdfe'),
       (53, '2023-01-22 16:03', '2023-01-22 20:02', 3, '5816966a-ba53-4da9-aaf3-0a8c447cbdfe'),
       (54, '2023-01-22 17:14', '2023-01-22 21:28', 2, '5816966a-ba53-4da9-aaf3-0a8c447cbdfe'),
       (55, '2023-03-13 17:21', '2023-03-13 21:12', 2, '5816966a-ba53-4da9-aaf3-0a8c447cbdfe'),
       (56, '2023-02-28 13:41', '2023-02-28 17:26', 2, '5816966a-ba53-4da9-aaf3-0a8c447cbdfe'),
       (57, '2023-09-10 14:05', '2023-09-10 18:30', 1, '5816966a-ba53-4da9-aaf3-0a8c447cbdfe'),
       (58, '2023-09-09 15:50', '2023-09-09 19:14', 3, '5816966a-ba53-4da9-aaf3-0a8c447cbdfe'),
       (59, '2023-03-12 16:52', '2023-03-12 20:14', 3, '5816966a-ba53-4da9-aaf3-0a8c447cbdfe'),
       (60, '2023-03-22 14:29', '2023-03-22 18:29', 3, '7079be96-6a83-412f-a361-d59f91dc3bc3'),
       (61, '2023-12-22 15:19', '2023-12-22 19:15', 3, '7079be96-6a83-412f-a361-d59f91dc3bc3'),
       (62, '2023-12-01 18:08', '2023-12-01 22:46', 4, '7079be96-6a83-412f-a361-d59f91dc3bc3'),
       (63, '2023-12-17 15:40', '2023-12-17 19:08', 3, '7079be96-6a83-412f-a361-d59f91dc3bc3'),
       (64, '2023-11-13 12:40', '2023-11-13 16:49', 5, '7079be96-6a83-412f-a361-d59f91dc3bc3'),
       (65, '2023-03-02 15:18', '2023-03-02 19:10', 1, '7079be96-6a83-412f-a361-d59f91dc3bc3'),
       (66, '2023-03-22 18:59', '2023-03-22 22:14', 5, '7079be96-6a83-412f-a361-d59f91dc3bc3'),
       (67, '2023-08-06 11:46', '2023-08-06 15:12', 0, '7079be96-6a83-412f-a361-d59f91dc3bc3'),
       (68, '2023-12-25 16:50', '2023-12-25 20:36', 4, '7079be96-6a83-412f-a361-d59f91dc3bc3'),
       (69, '2023-02-22 17:13', '2023-02-22 21:01', 4, '7079be96-6a83-412f-a361-d59f91dc3bc3'),
       (70, '2023-04-12 17:40', '2023-04-12 21:32', 3, '6f6ce26d-e748-4e79-83af-0705983a8700'),
       (71, '2023-12-19 11:10', '2023-12-19 15:11', 3, '6f6ce26d-e748-4e79-83af-0705983a8700'),
       (72, '2023-12-24 11:27', '2023-12-24 15:25', 3, '6f6ce26d-e748-4e79-83af-0705983a8700'),
       (73, '2023-02-19 11:50', '2023-02-19 15:06', 3, '6f6ce26d-e748-4e79-83af-0705983a8700'),
       (74, '2023-05-18 11:56', '2023-05-18 15:50', 2, '6f6ce26d-e748-4e79-83af-0705983a8700'),
       (75, '2023-04-20 17:11', '2023-04-20 21:35', 4, '6f6ce26d-e748-4e79-83af-0705983a8700'),
       (76, '2023-07-02 18:39', '2023-07-02 22:55', 4, '6f6ce26d-e748-4e79-83af-0705983a8700'),
       (77, '2023-02-06 11:28', '2023-02-06 15:13', 2, '6f6ce26d-e748-4e79-83af-0705983a8700'),
       (78, '2023-05-09 15:34', '2023-05-09 19:57', 2, '6f6ce26d-e748-4e79-83af-0705983a8700'),
       (79, '2023-09-12 12:04', '2023-09-12 16:06', 0, '6f6ce26d-e748-4e79-83af-0705983a8700'),
       (80, '2023-10-21 12:02', '2023-10-21 16:50', 5, '59600ab5-3a3c-4afd-bfa6-6b214c93b99a'),
       (81, '2023-11-19 16:39', '2023-11-19 20:06', 0, '59600ab5-3a3c-4afd-bfa6-6b214c93b99a'),
       (82, '2023-10-02 12:40', '2023-10-02 16:32', 4, '59600ab5-3a3c-4afd-bfa6-6b214c93b99a'),
       (83, '2023-08-15 14:17', '2023-08-15 18:08', 1, '59600ab5-3a3c-4afd-bfa6-6b214c93b99a'),
       (84, '2023-11-17 14:41', '2023-11-17 18:35', 4, '59600ab5-3a3c-4afd-bfa6-6b214c93b99a'),
       (85, '2023-11-23 17:17', '2023-11-23 21:07', 3, '59600ab5-3a3c-4afd-bfa6-6b214c93b99a'),
       (86, '2023-01-20 14:42', '2023-01-20 18:18', 3, '59600ab5-3a3c-4afd-bfa6-6b214c93b99a'),
       (87, '2023-03-01 11:00', '2023-03-01 15:50', 2, '59600ab5-3a3c-4afd-bfa6-6b214c93b99a'),
       (88, '2023-08-06 17:51', '2023-08-06 21:56', 0, '59600ab5-3a3c-4afd-bfa6-6b214c93b99a'),
       (89, '2023-12-12 15:59', '2023-12-12 19:29', 5, '59600ab5-3a3c-4afd-bfa6-6b214c93b99a'),
       (90, '2023-01-26 15:19', '2023-01-26 19:00', 5, '4bc37e06-0f1b-4daa-9fb5-3badb0fe9cac'),
       (91, '2023-12-21 13:42', '2023-12-21 17:27', 4, '4bc37e06-0f1b-4daa-9fb5-3badb0fe9cac'),
       (92, '2023-11-20 16:47', '2023-11-20 20:46', 3, '4bc37e06-0f1b-4daa-9fb5-3badb0fe9cac'),
       (93, '2023-02-15 13:20', '2023-02-15 17:24', 5, '4bc37e06-0f1b-4daa-9fb5-3badb0fe9cac'),
       (94, '2023-10-10 13:38', '2023-10-10 17:33', 4, '4bc37e06-0f1b-4daa-9fb5-3badb0fe9cac'),
       (95, '2023-09-08 17:10', '2023-09-08 21:32', 4, '4bc37e06-0f1b-4daa-9fb5-3badb0fe9cac'),
       (96, '2023-12-11 13:45', '2023-12-11 17:13', 4, '4bc37e06-0f1b-4daa-9fb5-3badb0fe9cac'),
       (97, '2023-11-08 17:40', '2023-11-08 21:50', 0, '4bc37e06-0f1b-4daa-9fb5-3badb0fe9cac'),
       (98, '2023-07-14 12:12', '2023-07-14 16:48', 2, '4bc37e06-0f1b-4daa-9fb5-3badb0fe9cac'),
       (99, '2023-11-06 17:01', '2023-11-06 21:33', 5, '4bc37e06-0f1b-4daa-9fb5-3badb0fe9cac'),
       (100, '2023-05-02 13:46', '2023-05-02 17:26', 3, '8c5d608b-e932-4ec4-afaf-b3ca0bd89b4c'),
       (101, '2023-09-04 11:42', '2023-09-04 15:10', 3, '8c5d608b-e932-4ec4-afaf-b3ca0bd89b4c'),
       (102, '2023-10-13 16:27', '2023-10-13 20:35', 0, '8c5d608b-e932-4ec4-afaf-b3ca0bd89b4c'),
       (103, '2023-07-27 18:19', '2023-07-27 22:16', 2, '8c5d608b-e932-4ec4-afaf-b3ca0bd89b4c'),
       (104, '2023-01-05 16:14', '2023-01-05 20:11', 4, '8c5d608b-e932-4ec4-afaf-b3ca0bd89b4c'),
       (105, '2023-08-05 13:23', '2023-08-05 17:37', 1, '8c5d608b-e932-4ec4-afaf-b3ca0bd89b4c'),
       (106, '2023-03-24 11:25', '2023-03-24 15:05', 1, '8c5d608b-e932-4ec4-afaf-b3ca0bd89b4c'),
       (107, '2023-07-14 16:39', '2023-07-14 20:28', 2, '8c5d608b-e932-4ec4-afaf-b3ca0bd89b4c'),
       (108, '2023-11-28 12:11', '2023-11-28 16:35', 2, '8c5d608b-e932-4ec4-afaf-b3ca0bd89b4c'),
       (109, '2023-03-16 14:09', '2023-03-16 18:30', 2, '8c5d608b-e932-4ec4-afaf-b3ca0bd89b4c'),
       (110, '2023-10-21 16:14', '2023-10-21 20:26', 4, '26561446-6694-4650-8cd2-c4084f083918'),
       (111, '2023-10-07 15:28', '2023-10-07 19:36', 2, '26561446-6694-4650-8cd2-c4084f083918'),
       (112, '2023-09-20 18:41', '2023-09-20 22:42', 0, '26561446-6694-4650-8cd2-c4084f083918'),
       (113, '2023-04-14 14:14', '2023-04-14 18:48', 3, '26561446-6694-4650-8cd2-c4084f083918'),
       (114, '2023-12-06 17:29', '2023-12-06 21:13', 1, '26561446-6694-4650-8cd2-c4084f083918'),
       (115, '2023-06-16 15:24', '2023-06-16 19:09', 2, '26561446-6694-4650-8cd2-c4084f083918'),
       (116, '2023-10-13 18:03', '2023-10-13 22:12', 4, '26561446-6694-4650-8cd2-c4084f083918'),
       (117, '2023-03-03 11:44', '2023-03-03 15:22', 3, '26561446-6694-4650-8cd2-c4084f083918'),
       (118, '2023-02-03 15:18', '2023-02-03 19:34', 3, '26561446-6694-4650-8cd2-c4084f083918'),
       (119, '2023-08-20 18:56', '2023-08-20 22:01', 2, '26561446-6694-4650-8cd2-c4084f083918'),
       (120, '2023-04-15 12:16', '2023-04-15 16:19', 2, '59da6972-40d4-4148-a1c4-51f74746d937'),
       (121, '2023-03-22 13:34', '2023-03-22 17:26', 4, '59da6972-40d4-4148-a1c4-51f74746d937'),
       (122, '2023-01-11 18:14', '2023-01-11 22:31', 1, '59da6972-40d4-4148-a1c4-51f74746d937'),
       (123, '2023-07-18 13:00', '2023-07-18 17:29', 4, '59da6972-40d4-4148-a1c4-51f74746d937'),
       (124, '2023-06-03 17:01', '2023-06-03 21:03', 1, '59da6972-40d4-4148-a1c4-51f74746d937'),
       (125, '2023-06-17 17:42', '2023-06-17 21:12', 5, '59da6972-40d4-4148-a1c4-51f74746d937'),
       (126, '2023-08-16 16:45', '2023-08-16 20:15', 0, '59da6972-40d4-4148-a1c4-51f74746d937'),
       (127, '2023-08-20 14:59', '2023-08-20 18:27', 5, '59da6972-40d4-4148-a1c4-51f74746d937'),
       (128, '2023-03-25 16:56', '2023-03-25 20:28', 4, '59da6972-40d4-4148-a1c4-51f74746d937'),
       (129, '2023-07-04 11:30', '2023-07-04 15:48', 2, '59da6972-40d4-4148-a1c4-51f74746d937'),
       (130, '2023-08-10 16:52', '2023-08-10 20:48', 0, '5f33a429-9a44-4531-8137-29b884325d9b'),
       (131, '2023-04-25 15:08', '2023-04-25 19:31', 0, '5f33a429-9a44-4531-8137-29b884325d9b'),
       (132, '2023-06-06 11:31', '2023-06-06 15:50', 0, '5f33a429-9a44-4531-8137-29b884325d9b'),
       (133, '2023-03-08 11:24', '2023-03-08 15:05', 4, '5f33a429-9a44-4531-8137-29b884325d9b'),
       (134, '2023-11-24 13:32', '2023-11-24 17:07', 1, '5f33a429-9a44-4531-8137-29b884325d9b'),
       (135, '2023-12-07 16:03', '2023-12-07 20:30', 0, '5f33a429-9a44-4531-8137-29b884325d9b'),
       (136, '2023-06-17 15:42', '2023-06-17 19:25', 0, '5f33a429-9a44-4531-8137-29b884325d9b'),
       (137, '2023-03-28 16:58', '2023-03-28 20:52', 2, '5f33a429-9a44-4531-8137-29b884325d9b'),
       (138, '2023-08-28 18:40', '2023-08-28 22:33', 2, '5f33a429-9a44-4531-8137-29b884325d9b'),
       (139, '2023-11-20 15:56', '2023-11-20 19:07', 1, '5f33a429-9a44-4531-8137-29b884325d9b'),
       (140, '2023-01-13 17:33', '2023-01-13 21:22', 4, '10e4971d-9560-4eb6-aeb8-4c634dd5af74'),
       (141, '2023-03-03 14:41', '2023-03-03 18:43', 2, '10e4971d-9560-4eb6-aeb8-4c634dd5af74'),
       (142, '2023-12-02 16:45', '2023-12-02 20:04', 2, '10e4971d-9560-4eb6-aeb8-4c634dd5af74'),
       (143, '2023-12-17 11:39', '2023-12-17 15:42', 4, '10e4971d-9560-4eb6-aeb8-4c634dd5af74'),
       (144, '2023-11-23 17:43', '2023-11-23 21:33', 0, '10e4971d-9560-4eb6-aeb8-4c634dd5af74'),
       (145, '2023-10-15 13:30', '2023-10-15 17:12', 1, '10e4971d-9560-4eb6-aeb8-4c634dd5af74'),
       (146, '2023-05-07 17:03', '2023-05-07 21:50', 4, '10e4971d-9560-4eb6-aeb8-4c634dd5af74'),
       (147, '2023-07-04 17:46', '2023-07-04 21:03', 0, '10e4971d-9560-4eb6-aeb8-4c634dd5af74'),
       (148, '2023-02-07 18:19', '2023-02-07 22:01', 0, '10e4971d-9560-4eb6-aeb8-4c634dd5af74'),
       (149, '2023-10-27 13:18', '2023-10-27 17:20', 4, '10e4971d-9560-4eb6-aeb8-4c634dd5af74'),
       (150, '2023-08-28 14:54', '2023-08-28 18:24', 5, 'a40ee388-03b3-4929-afc5-2eeaef9cc6c0'),
       (151, '2023-02-08 17:45', '2023-02-08 21:02', 5, 'a40ee388-03b3-4929-afc5-2eeaef9cc6c0'),
       (152, '2023-06-24 16:17', '2023-06-24 20:56', 3, 'a40ee388-03b3-4929-afc5-2eeaef9cc6c0'),
       (153, '2023-11-15 17:08', '2023-11-15 21:03', 1, 'a40ee388-03b3-4929-afc5-2eeaef9cc6c0'),
       (154, '2023-07-18 16:27', '2023-07-18 20:35', 5, 'a40ee388-03b3-4929-afc5-2eeaef9cc6c0'),
       (155, '2023-02-23 14:23', '2023-02-23 18:52', 1, 'a40ee388-03b3-4929-afc5-2eeaef9cc6c0'),
       (156, '2023-03-23 14:55', '2023-03-23 18:23', 1, 'a40ee388-03b3-4929-afc5-2eeaef9cc6c0'),
       (157, '2023-05-04 11:24', '2023-05-04 15:48', 1, 'a40ee388-03b3-4929-afc5-2eeaef9cc6c0'),
       (158, '2023-09-20 15:15', '2023-09-20 19:01', 1, 'a40ee388-03b3-4929-afc5-2eeaef9cc6c0'),
       (159, '2023-10-23 18:33', '2023-10-23 22:42', 2, 'a40ee388-03b3-4929-afc5-2eeaef9cc6c0'),
       (160, '2023-09-24 13:23', '2023-09-24 17:48', 2, '3e7e668a-1beb-4540-adc3-179113f28585'),
       (161, '2023-02-05 16:31', '2023-02-05 20:32', 1, '3e7e668a-1beb-4540-adc3-179113f28585'),
       (162, '2023-02-13 15:23', '2023-02-13 19:41', 0, '3e7e668a-1beb-4540-adc3-179113f28585'),
       (163, '2023-03-13 12:55', '2023-03-13 16:52', 2, '3e7e668a-1beb-4540-adc3-179113f28585'),
       (164, '2023-10-21 11:19', '2023-10-21 15:31', 5, '3e7e668a-1beb-4540-adc3-179113f28585'),
       (165, '2023-03-01 14:35', '2023-03-01 18:24', 2, '3e7e668a-1beb-4540-adc3-179113f28585'),
       (166, '2023-12-10 15:48', '2023-12-10 19:47', 1, '3e7e668a-1beb-4540-adc3-179113f28585'),
       (167, '2023-08-23 11:37', '2023-08-23 15:22', 2, '3e7e668a-1beb-4540-adc3-179113f28585'),
       (168, '2023-07-27 18:16', '2023-07-27 22:55', 5, '3e7e668a-1beb-4540-adc3-179113f28585'),
       (169, '2023-02-27 14:45', '2023-02-27 18:03', 3, '3e7e668a-1beb-4540-adc3-179113f28585'),
       (170, '2023-09-01 16:33', '2023-09-01 20:30', 2, 'e406b92a-1a50-4889-aa25-dbb0d06b1e3c'),
       (171, '2023-11-08 18:16', '2023-11-08 22:00', 4, 'e406b92a-1a50-4889-aa25-dbb0d06b1e3c'),
       (172, '2023-12-02 16:11', '2023-12-02 20:48', 0, 'e406b92a-1a50-4889-aa25-dbb0d06b1e3c'),
       (173, '2023-11-16 17:10', '2023-11-16 21:12', 3, 'e406b92a-1a50-4889-aa25-dbb0d06b1e3c'),
       (174, '2023-10-23 18:29', '2023-10-23 22:23', 3, 'e406b92a-1a50-4889-aa25-dbb0d06b1e3c'),
       (175, '2023-09-15 13:35', '2023-09-15 17:28', 1, 'e406b92a-1a50-4889-aa25-dbb0d06b1e3c'),
       (176, '2023-06-26 18:32', '2023-06-26 22:33', 5, 'e406b92a-1a50-4889-aa25-dbb0d06b1e3c'),
       (177, '2023-01-19 13:25', '2023-01-19 17:12', 0, 'e406b92a-1a50-4889-aa25-dbb0d06b1e3c'),
       (178, '2023-05-23 16:14', '2023-05-23 20:47', 3, 'e406b92a-1a50-4889-aa25-dbb0d06b1e3c'),
       (179, '2023-06-10 17:57', '2023-06-10 21:33', 1, 'e406b92a-1a50-4889-aa25-dbb0d06b1e3c'),
       (180, '2023-02-26 15:30', '2023-02-26 19:49', 4, 'e0a66884-db28-45d1-b6d4-2f55dfd0377e'),
       (181, '2023-02-12 17:12', '2023-02-12 21:29', 1, 'e0a66884-db28-45d1-b6d4-2f55dfd0377e'),
       (182, '2023-12-19 14:52', '2023-12-19 18:39', 2, 'e0a66884-db28-45d1-b6d4-2f55dfd0377e'),
       (183, '2023-05-03 13:28', '2023-05-03 17:04', 4, 'e0a66884-db28-45d1-b6d4-2f55dfd0377e'),
       (184, '2023-04-25 16:02', '2023-04-25 20:03', 3, 'e0a66884-db28-45d1-b6d4-2f55dfd0377e'),
       (185, '2023-07-23 18:41', '2023-07-23 22:43', 2, 'e0a66884-db28-45d1-b6d4-2f55dfd0377e'),
       (186, '2023-03-22 14:14', '2023-03-22 18:21', 1, 'e0a66884-db28-45d1-b6d4-2f55dfd0377e'),
       (187, '2023-06-23 15:40', '2023-06-23 19:33', 0, 'e0a66884-db28-45d1-b6d4-2f55dfd0377e'),
       (188, '2023-03-20 14:06', '2023-03-20 18:48', 1, 'e0a66884-db28-45d1-b6d4-2f55dfd0377e'),
       (189, '2023-01-25 17:17', '2023-01-25 21:51', 3, 'e0a66884-db28-45d1-b6d4-2f55dfd0377e'),
       (190, '2023-03-25 16:48', '2023-03-25 20:13', 3, '10c4334d-1fd2-460a-9fcd-94ba1964cc7b'),
       (191, '2023-11-05 18:56', '2023-11-05 22:00', 0, '10c4334d-1fd2-460a-9fcd-94ba1964cc7b'),
       (192, '2023-08-22 13:50', '2023-08-22 17:40', 3, '10c4334d-1fd2-460a-9fcd-94ba1964cc7b'),
       (193, '2023-11-21 18:54', '2023-11-21 22:28', 5, '10c4334d-1fd2-460a-9fcd-94ba1964cc7b'),
       (194, '2023-09-21 11:15', '2023-09-21 15:18', 1, '10c4334d-1fd2-460a-9fcd-94ba1964cc7b'),
       (195, '2023-06-07 14:45', '2023-06-07 18:16', 5, '10c4334d-1fd2-460a-9fcd-94ba1964cc7b'),
       (196, '2023-12-09 15:36', '2023-12-09 19:37', 0, '10c4334d-1fd2-460a-9fcd-94ba1964cc7b'),
       (197, '2023-02-12 17:07', '2023-02-12 21:54', 1, '10c4334d-1fd2-460a-9fcd-94ba1964cc7b'),
       (198, '2023-02-23 18:46', '2023-02-23 22:56', 3, '10c4334d-1fd2-460a-9fcd-94ba1964cc7b'),
       (199, '2023-04-28 18:54', '2023-04-28 22:19', 5, '10c4334d-1fd2-460a-9fcd-94ba1964cc7b'),
       (200, '2023-12-20 15:05', '2023-12-20 19:18', 1, '8b24b911-b066-44fa-ab97-784d30c862fa'),
       (201, '2023-11-13 18:33', '2023-11-13 22:44', 1, '8b24b911-b066-44fa-ab97-784d30c862fa'),
       (202, '2023-09-22 18:59', '2023-09-22 22:53', 4, '8b24b911-b066-44fa-ab97-784d30c862fa'),
       (203, '2023-03-15 18:41', '2023-03-15 22:41', 5, '8b24b911-b066-44fa-ab97-784d30c862fa'),
       (204, '2023-06-28 18:04', '2023-06-28 22:56', 0, '8b24b911-b066-44fa-ab97-784d30c862fa'),
       (205, '2023-01-28 17:08', '2023-01-28 21:42', 0, '8b24b911-b066-44fa-ab97-784d30c862fa'),
       (206, '2023-03-06 17:49', '2023-03-06 21:36', 4, '8b24b911-b066-44fa-ab97-784d30c862fa'),
       (207, '2023-11-01 12:32', '2023-11-01 16:14', 4, '8b24b911-b066-44fa-ab97-784d30c862fa'),
       (208, '2023-08-09 12:57', '2023-08-09 16:45', 4, '8b24b911-b066-44fa-ab97-784d30c862fa'),
       (209, '2023-06-14 11:12', '2023-06-14 15:05', 3, '8b24b911-b066-44fa-ab97-784d30c862fa'),
       (210, '2023-06-12 18:09', '2023-06-12 22:19', 4, 'ec774fec-9ba1-4f77-8156-2496d285cd75'),
       (211, '2023-06-02 18:53', '2023-06-02 22:15', 0, 'ec774fec-9ba1-4f77-8156-2496d285cd75'),
       (212, '2023-08-16 17:31', '2023-08-16 21:44', 5, 'ec774fec-9ba1-4f77-8156-2496d285cd75'),
       (213, '2023-05-19 18:01', '2023-05-19 22:08', 4, 'ec774fec-9ba1-4f77-8156-2496d285cd75'),
       (214, '2023-07-11 12:14', '2023-07-11 16:50', 3, 'ec774fec-9ba1-4f77-8156-2496d285cd75'),
       (215, '2023-01-13 17:11', '2023-01-13 21:47', 4, 'ec774fec-9ba1-4f77-8156-2496d285cd75'),
       (216, '2023-08-23 18:27', '2023-08-23 22:50', 0, 'ec774fec-9ba1-4f77-8156-2496d285cd75'),
       (217, '2023-10-10 18:56', '2023-10-10 22:38', 5, 'ec774fec-9ba1-4f77-8156-2496d285cd75'),
       (218, '2023-05-16 16:03', '2023-05-16 20:01', 2, 'ec774fec-9ba1-4f77-8156-2496d285cd75'),
       (219, '2023-01-20 12:09', '2023-01-20 16:50', 5, 'ec774fec-9ba1-4f77-8156-2496d285cd75'),
       (220, '2023-03-10 18:15', '2023-03-10 22:23', 5, '93cc7b13-0836-4526-bd29-0eab41602c2e'),
       (221, '2023-04-14 16:17', '2023-04-14 20:54', 0, '93cc7b13-0836-4526-bd29-0eab41602c2e'),
       (222, '2023-04-02 11:18', '2023-04-02 15:46', 2, '93cc7b13-0836-4526-bd29-0eab41602c2e'),
       (223, '2023-10-28 11:46', '2023-10-28 15:40', 3, '93cc7b13-0836-4526-bd29-0eab41602c2e'),
       (224, '2023-04-02 18:22', '2023-04-02 22:31', 5, '93cc7b13-0836-4526-bd29-0eab41602c2e'),
       (225, '2023-12-24 13:21', '2023-12-24 17:03', 2, '93cc7b13-0836-4526-bd29-0eab41602c2e'),
       (226, '2023-03-16 14:07', '2023-03-16 18:03', 1, '93cc7b13-0836-4526-bd29-0eab41602c2e'),
       (227, '2023-04-02 16:29', '2023-04-02 20:42', 4, '93cc7b13-0836-4526-bd29-0eab41602c2e'),
       (228, '2023-09-05 14:23', '2023-09-05 18:06', 5, '93cc7b13-0836-4526-bd29-0eab41602c2e'),
       (229, '2023-12-04 14:52', '2023-12-04 18:27', 0, '93cc7b13-0836-4526-bd29-0eab41602c2e'),
       (230, '2023-05-16 17:21', '2023-05-16 21:56', 2, '0030b31a-0c59-42e1-9b83-5fee3e399bdf'),
       (231, '2023-06-22 12:06', '2023-06-22 16:43', 1, '0030b31a-0c59-42e1-9b83-5fee3e399bdf'),
       (232, '2023-12-28 13:59', '2023-12-28 17:23', 2, '0030b31a-0c59-42e1-9b83-5fee3e399bdf'),
       (233, '2023-12-10 17:07', '2023-12-10 21:44', 5, '0030b31a-0c59-42e1-9b83-5fee3e399bdf'),
       (234, '2023-06-19 17:36', '2023-06-19 21:21', 2, '0030b31a-0c59-42e1-9b83-5fee3e399bdf'),
       (235, '2023-04-20 18:38', '2023-04-20 22:11', 2, '0030b31a-0c59-42e1-9b83-5fee3e399bdf'),
       (236, '2023-09-10 14:11', '2023-09-10 18:54', 5, '0030b31a-0c59-42e1-9b83-5fee3e399bdf'),
       (237, '2023-12-02 17:48', '2023-12-02 21:00', 3, '0030b31a-0c59-42e1-9b83-5fee3e399bdf'),
       (238, '2023-01-19 12:28', '2023-01-19 16:04', 3, '0030b31a-0c59-42e1-9b83-5fee3e399bdf'),
       (239, '2023-11-20 18:14', '2023-11-20 22:01', 3, '0030b31a-0c59-42e1-9b83-5fee3e399bdf'),
       (240, '2023-01-21 17:23', '2023-01-21 21:35', 5, '33501f76-7b8e-4bda-916f-1502ec9230bc'),
       (241, '2023-03-19 15:19', '2023-03-19 19:33', 4, '33501f76-7b8e-4bda-916f-1502ec9230bc'),
       (242, '2023-03-13 18:51', '2023-03-13 22:29', 2, '33501f76-7b8e-4bda-916f-1502ec9230bc'),
       (243, '2023-09-21 14:11', '2023-09-21 18:50', 3, '33501f76-7b8e-4bda-916f-1502ec9230bc'),
       (244, '2023-08-19 17:25', '2023-08-19 21:34', 3, '33501f76-7b8e-4bda-916f-1502ec9230bc'),
       (245, '2023-11-02 11:28', '2023-11-02 15:18', 0, '33501f76-7b8e-4bda-916f-1502ec9230bc'),
       (246, '2023-12-11 18:07', '2023-12-11 22:55', 1, '33501f76-7b8e-4bda-916f-1502ec9230bc'),
       (247, '2023-07-23 18:49', '2023-07-23 22:12', 0, '33501f76-7b8e-4bda-916f-1502ec9230bc'),
       (248, '2023-04-08 17:29', '2023-04-08 21:47', 0, '33501f76-7b8e-4bda-916f-1502ec9230bc'),
       (249, '2023-09-13 16:48', '2023-09-13 20:31', 3, '33501f76-7b8e-4bda-916f-1502ec9230bc'),
       (250, '2023-05-01 16:32', '2023-05-01 20:18', 3, 'de857911-bc5c-4e79-813a-d37e73be8100'),
       (251, '2023-04-19 14:25', '2023-04-19 18:41', 3, 'de857911-bc5c-4e79-813a-d37e73be8100'),
       (252, '2023-01-11 14:34', '2023-01-11 18:48', 3, 'de857911-bc5c-4e79-813a-d37e73be8100'),
       (253, '2023-06-05 15:04', '2023-06-05 19:22', 0, 'de857911-bc5c-4e79-813a-d37e73be8100'),
       (254, '2023-10-01 18:55', '2023-10-01 22:17', 1, 'de857911-bc5c-4e79-813a-d37e73be8100'),
       (255, '2023-10-11 15:20', '2023-10-11 19:10', 2, 'de857911-bc5c-4e79-813a-d37e73be8100'),
       (256, '2023-07-17 14:09', '2023-07-17 18:25', 5, 'de857911-bc5c-4e79-813a-d37e73be8100'),
       (257, '2023-05-03 11:27', '2023-05-03 15:17', 5, 'de857911-bc5c-4e79-813a-d37e73be8100'),
       (258, '2023-04-02 12:52', '2023-04-02 16:30', 5, 'de857911-bc5c-4e79-813a-d37e73be8100'),
       (259, '2023-06-28 13:17', '2023-06-28 17:42', 1, 'de857911-bc5c-4e79-813a-d37e73be8100'),
       (260, '2023-05-07 15:12', '2023-05-07 19:40', 2, 'f252b142-a95f-48b3-85c3-4a22999a69c3'),
       (261, '2023-05-20 12:51', '2023-05-20 16:40', 1, 'f252b142-a95f-48b3-85c3-4a22999a69c3'),
       (262, '2023-01-02 14:09', '2023-01-02 18:02', 3, 'f252b142-a95f-48b3-85c3-4a22999a69c3'),
       (263, '2023-01-09 17:23', '2023-01-09 21:50', 4, 'f252b142-a95f-48b3-85c3-4a22999a69c3'),
       (264, '2023-08-25 14:11', '2023-08-25 18:13', 0, 'f252b142-a95f-48b3-85c3-4a22999a69c3'),
       (265, '2023-02-17 15:45', '2023-02-17 19:40', 5, 'f252b142-a95f-48b3-85c3-4a22999a69c3'),
       (266, '2023-07-19 14:44', '2023-07-19 18:34', 0, 'f252b142-a95f-48b3-85c3-4a22999a69c3'),
       (267, '2023-12-20 14:08', '2023-12-20 18:27', 5, 'f252b142-a95f-48b3-85c3-4a22999a69c3'),
       (268, '2023-11-08 17:25', '2023-11-08 21:45', 2, 'f252b142-a95f-48b3-85c3-4a22999a69c3'),
       (269, '2023-09-26 16:15', '2023-09-26 20:33', 4, 'f252b142-a95f-48b3-85c3-4a22999a69c3'),
       (270, '2023-12-21 12:31', '2023-12-21 16:51', 3, '19e04ce1-92f3-47b9-88bc-dd60bb4603c4'),
       (271, '2023-05-25 18:57', '2023-05-25 22:00', 2, '19e04ce1-92f3-47b9-88bc-dd60bb4603c4'),
       (272, '2023-04-19 13:03', '2023-04-19 17:39', 1, '19e04ce1-92f3-47b9-88bc-dd60bb4603c4'),
       (273, '2023-10-20 17:10', '2023-10-20 21:56', 1, '19e04ce1-92f3-47b9-88bc-dd60bb4603c4'),
       (274, '2023-12-27 16:16', '2023-12-27 20:20', 2, '19e04ce1-92f3-47b9-88bc-dd60bb4603c4'),
       (275, '2023-06-09 18:01', '2023-06-09 22:02', 4, '19e04ce1-92f3-47b9-88bc-dd60bb4603c4'),
       (276, '2023-03-05 14:30', '2023-03-05 18:23', 4, '19e04ce1-92f3-47b9-88bc-dd60bb4603c4'),
       (277, '2023-03-08 14:25', '2023-03-08 18:07', 5, '19e04ce1-92f3-47b9-88bc-dd60bb4603c4'),
       (278, '2023-12-19 17:24', '2023-12-19 21:16', 5, '19e04ce1-92f3-47b9-88bc-dd60bb4603c4'),
       (279, '2023-02-17 17:58', '2023-02-17 21:20', 0, '19e04ce1-92f3-47b9-88bc-dd60bb4603c4'),
       (280, '2023-05-22 17:36', '2023-05-22 21:15', 1, '24d22d0f-3a18-452d-90b5-af912706e54e'),
       (281, '2023-03-09 13:02', '2023-03-09 17:35', 5, '24d22d0f-3a18-452d-90b5-af912706e54e'),
       (282, '2023-08-01 14:43', '2023-08-01 18:06', 2, '24d22d0f-3a18-452d-90b5-af912706e54e'),
       (283, '2023-05-19 17:48', '2023-05-19 21:13', 5, '24d22d0f-3a18-452d-90b5-af912706e54e'),
       (284, '2023-02-24 16:31', '2023-02-24 20:09', 4, '24d22d0f-3a18-452d-90b5-af912706e54e'),
       (285, '2023-10-20 15:03', '2023-10-20 19:32', 2, '24d22d0f-3a18-452d-90b5-af912706e54e'),
       (286, '2023-12-24 12:02', '2023-12-24 16:40', 1, '24d22d0f-3a18-452d-90b5-af912706e54e'),
       (287, '2023-11-27 13:13', '2023-11-27 17:37', 4, '24d22d0f-3a18-452d-90b5-af912706e54e'),
       (288, '2023-01-09 15:20', '2023-01-09 19:42', 5, '24d22d0f-3a18-452d-90b5-af912706e54e'),
       (289, '2023-12-07 11:57', '2023-12-07 15:50', 4, '24d22d0f-3a18-452d-90b5-af912706e54e'),
       (290, '2023-06-10 16:55', '2023-06-10 20:16', 5, 'c08fb705-0682-4cdd-9d04-aa2835fe5851'),
       (291, '2023-09-22 11:10', '2023-09-22 15:13', 0, 'c08fb705-0682-4cdd-9d04-aa2835fe5851'),
       (292, '2023-08-24 12:57', '2023-08-24 16:50', 5, 'c08fb705-0682-4cdd-9d04-aa2835fe5851'),
       (293, '2023-11-11 17:46', '2023-11-11 21:17', 0, 'c08fb705-0682-4cdd-9d04-aa2835fe5851'),
       (294, '2023-03-13 14:17', '2023-03-13 18:43', 1, 'c08fb705-0682-4cdd-9d04-aa2835fe5851'),
       (295, '2023-01-25 15:10', '2023-01-25 19:09', 2, 'c08fb705-0682-4cdd-9d04-aa2835fe5851'),
       (296, '2023-03-19 14:45', '2023-03-19 18:21', 5, 'c08fb705-0682-4cdd-9d04-aa2835fe5851'),
       (297, '2023-07-02 13:28', '2023-07-02 17:08', 1, 'c08fb705-0682-4cdd-9d04-aa2835fe5851'),
       (298, '2023-01-09 18:30', '2023-01-09 22:22', 3, 'c08fb705-0682-4cdd-9d04-aa2835fe5851'),
       (299, '2023-10-24 16:09', '2023-10-24 20:03', 2, 'c08fb705-0682-4cdd-9d04-aa2835fe5851'),
       (300, '2023-05-06 16:28', '2023-05-06 20:17', 2, '54492398-0abc-4dd7-b0a2-7f5e38566e9e'),
       (301, '2023-03-11 11:34', '2023-03-11 15:27', 4, '54492398-0abc-4dd7-b0a2-7f5e38566e9e'),
       (302, '2023-11-13 13:22', '2023-11-13 17:32', 4, '54492398-0abc-4dd7-b0a2-7f5e38566e9e'),
       (303, '2023-10-20 14:58', '2023-10-20 18:33', 2, '54492398-0abc-4dd7-b0a2-7f5e38566e9e'),
       (304, '2023-03-24 15:11', '2023-03-24 19:24', 5, '54492398-0abc-4dd7-b0a2-7f5e38566e9e'),
       (305, '2023-12-17 12:54', '2023-12-17 16:32', 3, '54492398-0abc-4dd7-b0a2-7f5e38566e9e'),
       (306, '2023-12-26 11:24', '2023-12-26 15:30', 2, '54492398-0abc-4dd7-b0a2-7f5e38566e9e'),
       (307, '2023-10-25 11:18', '2023-10-25 15:38', 2, '54492398-0abc-4dd7-b0a2-7f5e38566e9e'),
       (308, '2023-03-11 13:37', '2023-03-11 17:11', 1, '54492398-0abc-4dd7-b0a2-7f5e38566e9e'),
       (309, '2023-09-14 16:25', '2023-09-14 20:19', 4, '54492398-0abc-4dd7-b0a2-7f5e38566e9e'),
       (310, '2023-11-13 12:38', '2023-11-13 16:51', 5, 'c162065d-ea01-4401-a9eb-a3478814dfac'),
       (311, '2023-02-24 18:09', '2023-02-24 22:01', 1, 'c162065d-ea01-4401-a9eb-a3478814dfac'),
       (312, '2023-09-20 14:10', '2023-09-20 18:51', 2, 'c162065d-ea01-4401-a9eb-a3478814dfac'),
       (313, '2023-01-24 17:31', '2023-01-24 21:22', 0, 'c162065d-ea01-4401-a9eb-a3478814dfac'),
       (314, '2023-05-26 17:50', '2023-05-26 21:27', 3, 'c162065d-ea01-4401-a9eb-a3478814dfac'),
       (315, '2023-02-20 18:04', '2023-02-20 22:49', 4, 'c162065d-ea01-4401-a9eb-a3478814dfac'),
       (316, '2023-03-13 14:30', '2023-03-13 18:12', 1, 'c162065d-ea01-4401-a9eb-a3478814dfac'),
       (317, '2023-02-13 15:19', '2023-02-13 19:14', 5, 'c162065d-ea01-4401-a9eb-a3478814dfac'),
       (318, '2023-06-13 13:13', '2023-06-13 17:23', 0, 'c162065d-ea01-4401-a9eb-a3478814dfac'),
       (319, '2023-07-21 16:26', '2023-07-21 20:30', 3, 'c162065d-ea01-4401-a9eb-a3478814dfac'),
       (320, '2023-02-19 14:53', '2023-02-19 18:23', 5, 'e102d397-3f1a-4e21-82ff-58bcc6eaa277'),
       (321, '2023-05-09 18:32', '2023-05-09 22:01', 4, 'e102d397-3f1a-4e21-82ff-58bcc6eaa277'),
       (322, '2023-02-02 17:01', '2023-02-02 21:12', 2, 'e102d397-3f1a-4e21-82ff-58bcc6eaa277'),
       (323, '2023-10-26 14:11', '2023-10-26 18:20', 5, 'e102d397-3f1a-4e21-82ff-58bcc6eaa277'),
       (324, '2023-06-02 12:06', '2023-06-02 16:27', 2, 'e102d397-3f1a-4e21-82ff-58bcc6eaa277'),
       (325, '2023-03-24 12:09', '2023-03-24 16:46', 5, 'e102d397-3f1a-4e21-82ff-58bcc6eaa277'),
       (326, '2023-05-28 11:27', '2023-05-28 15:38', 4, 'e102d397-3f1a-4e21-82ff-58bcc6eaa277'),
       (327, '2023-09-07 16:40', '2023-09-07 20:34', 1, 'e102d397-3f1a-4e21-82ff-58bcc6eaa277'),
       (328, '2023-12-21 13:15', '2023-12-21 17:51', 0, 'e102d397-3f1a-4e21-82ff-58bcc6eaa277'),
       (329, '2023-02-06 13:59', '2023-02-06 17:23', 2, 'e102d397-3f1a-4e21-82ff-58bcc6eaa277'),
       (330, '2023-06-28 17:56', '2023-06-28 21:16', 5, '145462dc-bed8-4f6e-bd0f-dc96bdff811b'),
       (331, '2023-01-12 17:03', '2023-01-12 21:15', 3, '145462dc-bed8-4f6e-bd0f-dc96bdff811b'),
       (332, '2023-02-25 16:47', '2023-02-25 20:38', 2, '145462dc-bed8-4f6e-bd0f-dc96bdff811b'),
       (333, '2023-11-08 11:17', '2023-11-08 15:58', 5, '145462dc-bed8-4f6e-bd0f-dc96bdff811b'),
       (334, '2023-08-15 15:39', '2023-08-15 19:11', 3, '145462dc-bed8-4f6e-bd0f-dc96bdff811b'),
       (335, '2023-10-08 14:57', '2023-10-08 18:56', 2, '145462dc-bed8-4f6e-bd0f-dc96bdff811b'),
       (336, '2023-04-10 15:00', '2023-04-10 19:48', 5, '145462dc-bed8-4f6e-bd0f-dc96bdff811b'),
       (337, '2023-04-17 16:29', '2023-04-17 20:46', 3, '145462dc-bed8-4f6e-bd0f-dc96bdff811b'),
       (338, '2023-09-01 13:31', '2023-09-01 17:50', 4, '145462dc-bed8-4f6e-bd0f-dc96bdff811b'),
       (339, '2023-08-10 11:44', '2023-08-10 15:31', 0, '145462dc-bed8-4f6e-bd0f-dc96bdff811b'),
       (340, '2023-07-22 14:27', '2023-07-22 18:58', 1, '406ec510-ee52-4a18-b04f-6a923bdd06ab'),
       (341, '2023-12-26 12:27', '2023-12-26 16:04', 5, '406ec510-ee52-4a18-b04f-6a923bdd06ab'),
       (342, '2023-01-20 11:01', '2023-01-20 15:30', 4, '406ec510-ee52-4a18-b04f-6a923bdd06ab'),
       (343, '2023-02-05 15:43', '2023-02-05 19:04', 1, '406ec510-ee52-4a18-b04f-6a923bdd06ab'),
       (344, '2023-04-15 11:43', '2023-04-15 15:31', 1, '406ec510-ee52-4a18-b04f-6a923bdd06ab'),
       (345, '2023-02-07 14:09', '2023-02-07 18:56', 2, '406ec510-ee52-4a18-b04f-6a923bdd06ab'),
       (346, '2023-12-10 18:58', '2023-12-10 22:21', 0, '406ec510-ee52-4a18-b04f-6a923bdd06ab'),
       (347, '2023-02-17 13:38', '2023-02-17 17:53', 1, '406ec510-ee52-4a18-b04f-6a923bdd06ab'),
       (348, '2023-05-12 17:22', '2023-05-12 21:44', 2, '406ec510-ee52-4a18-b04f-6a923bdd06ab'),
       (349, '2023-07-06 16:51', '2023-07-06 20:38', 5, '406ec510-ee52-4a18-b04f-6a923bdd06ab'),
       (350, '2023-07-25 13:41', '2023-07-25 17:30', 5, '9ca48c18-01b6-4d81-a95a-c2d5e5949ada'),
       (351, '2023-10-09 16:39', '2023-10-09 20:01', 1, '9ca48c18-01b6-4d81-a95a-c2d5e5949ada'),
       (352, '2023-10-07 11:26', '2023-10-07 15:33', 0, '9ca48c18-01b6-4d81-a95a-c2d5e5949ada'),
       (353, '2023-11-17 17:27', '2023-11-17 21:32', 4, '9ca48c18-01b6-4d81-a95a-c2d5e5949ada'),
       (354, '2023-03-07 17:14', '2023-03-07 21:37', 0, '9ca48c18-01b6-4d81-a95a-c2d5e5949ada'),
       (355, '2023-12-24 17:39', '2023-12-24 21:01', 0, '9ca48c18-01b6-4d81-a95a-c2d5e5949ada'),
       (356, '2023-09-09 11:21', '2023-09-09 15:17', 1, '9ca48c18-01b6-4d81-a95a-c2d5e5949ada'),
       (357, '2023-01-22 17:15', '2023-01-22 21:38', 4, '9ca48c18-01b6-4d81-a95a-c2d5e5949ada'),
       (358, '2023-02-13 18:37', '2023-02-13 22:35', 5, '9ca48c18-01b6-4d81-a95a-c2d5e5949ada'),
       (359, '2023-06-16 16:29', '2023-06-16 20:11', 0, '9ca48c18-01b6-4d81-a95a-c2d5e5949ada'),
       (360, '2023-01-19 18:13', '2023-01-19 22:53', 1, 'cffb6b74-cde9-4018-8c22-3ab59bbb8446'),
       (361, '2023-04-16 12:00', '2023-04-16 16:59', 2, 'cffb6b74-cde9-4018-8c22-3ab59bbb8446'),
       (362, '2023-12-19 13:13', '2023-12-19 17:01', 5, 'cffb6b74-cde9-4018-8c22-3ab59bbb8446'),
       (363, '2023-06-09 12:49', '2023-06-09 16:02', 2, 'cffb6b74-cde9-4018-8c22-3ab59bbb8446'),
       (364, '2023-04-08 18:56', '2023-04-08 22:44', 4, 'cffb6b74-cde9-4018-8c22-3ab59bbb8446'),
       (365, '2023-05-02 11:43', '2023-05-02 15:29', 5, 'cffb6b74-cde9-4018-8c22-3ab59bbb8446'),
       (366, '2023-05-09 11:16', '2023-05-09 15:36', 0, 'cffb6b74-cde9-4018-8c22-3ab59bbb8446'),
       (367, '2023-04-18 17:09', '2023-04-18 21:00', 2, 'cffb6b74-cde9-4018-8c22-3ab59bbb8446'),
       (368, '2023-08-01 12:40', '2023-08-01 16:33', 0, 'cffb6b74-cde9-4018-8c22-3ab59bbb8446'),
       (369, '2023-05-16 11:25', '2023-05-16 15:17', 0, 'cffb6b74-cde9-4018-8c22-3ab59bbb8446'),
       (370, '2023-07-04 13:23', '2023-07-04 17:47', 3, '8c28da56-4ec3-4869-a641-206a2c565783'),
       (371, '2023-07-17 12:15', '2023-07-17 16:59', 2, '8c28da56-4ec3-4869-a641-206a2c565783'),
       (372, '2023-06-11 17:57', '2023-06-11 21:49', 3, '8c28da56-4ec3-4869-a641-206a2c565783'),
       (373, '2023-04-02 14:19', '2023-04-02 18:30', 5, '8c28da56-4ec3-4869-a641-206a2c565783'),
       (374, '2023-04-27 16:53', '2023-04-27 20:11', 1, '8c28da56-4ec3-4869-a641-206a2c565783'),
       (375, '2023-05-21 17:18', '2023-05-21 21:26', 4, '8c28da56-4ec3-4869-a641-206a2c565783'),
       (376, '2023-03-24 13:40', '2023-03-24 17:01', 1, '8c28da56-4ec3-4869-a641-206a2c565783'),
       (377, '2023-03-01 14:38', '2023-03-01 18:52', 5, '8c28da56-4ec3-4869-a641-206a2c565783'),
       (378, '2023-04-16 14:31', '2023-04-16 18:29', 4, '8c28da56-4ec3-4869-a641-206a2c565783'),
       (379, '2023-09-06 16:00', '2023-09-06 20:21', 5, '8c28da56-4ec3-4869-a641-206a2c565783'),
       (380, '2023-08-07 17:18', '2023-08-07 21:56', 4, '1b220029-5821-4ccd-996e-a50e72340661'),
       (381, '2023-07-16 13:25', '2023-07-16 17:30', 3, '1b220029-5821-4ccd-996e-a50e72340661'),
       (382, '2023-09-09 18:06', '2023-09-09 22:25', 3, '1b220029-5821-4ccd-996e-a50e72340661'),
       (383, '2023-02-19 15:03', '2023-02-19 19:12', 3, '1b220029-5821-4ccd-996e-a50e72340661'),
       (384, '2023-11-12 18:46', '2023-11-12 22:51', 0, '1b220029-5821-4ccd-996e-a50e72340661'),
       (385, '2023-01-14 15:11', '2023-01-14 19:19', 4, '1b220029-5821-4ccd-996e-a50e72340661'),
       (386, '2023-05-28 16:36', '2023-05-28 20:53', 2, '1b220029-5821-4ccd-996e-a50e72340661'),
       (387, '2023-07-21 11:00', '2023-07-21 15:45', 1, '1b220029-5821-4ccd-996e-a50e72340661'),
       (388, '2023-09-08 17:16', '2023-09-08 21:15', 0, '1b220029-5821-4ccd-996e-a50e72340661'),
       (389, '2023-01-07 13:58', '2023-01-07 17:56', 0, '1b220029-5821-4ccd-996e-a50e72340661'),
       (390, '2023-09-19 14:27', '2023-09-19 18:39', 5, '713779a9-c979-43a8-aa22-03ffac94b9a6'),
       (391, '2023-06-10 18:34', '2023-06-10 22:58', 3, '713779a9-c979-43a8-aa22-03ffac94b9a6'),
       (392, '2023-10-06 13:05', '2023-10-06 17:17', 0, '713779a9-c979-43a8-aa22-03ffac94b9a6'),
       (393, '2023-05-28 18:06', '2023-05-28 22:11', 4, '713779a9-c979-43a8-aa22-03ffac94b9a6'),
       (394, '2023-07-16 18:52', '2023-07-16 22:13', 5, '713779a9-c979-43a8-aa22-03ffac94b9a6'),
       (395, '2023-12-08 17:27', '2023-12-08 21:55', 3, '713779a9-c979-43a8-aa22-03ffac94b9a6'),
       (396, '2023-03-22 15:14', '2023-03-22 19:55', 5, '713779a9-c979-43a8-aa22-03ffac94b9a6'),
       (397, '2023-12-03 15:33', '2023-12-03 19:27', 1, '713779a9-c979-43a8-aa22-03ffac94b9a6'),
       (398, '2023-10-02 14:23', '2023-10-02 18:06', 2, '713779a9-c979-43a8-aa22-03ffac94b9a6'),
       (399, '2023-04-21 17:10', '2023-04-21 21:22', 4, '713779a9-c979-43a8-aa22-03ffac94b9a6'),
       (400, '2023-06-27 17:10', '2023-06-27 21:25', 3, '2d9fc820-265c-4f03-872b-424df8150b21'),
       (401, '2023-12-04 14:07', '2023-12-04 18:42', 5, '2d9fc820-265c-4f03-872b-424df8150b21'),
       (402, '2023-09-23 15:58', '2023-09-23 19:46', 1, '2d9fc820-265c-4f03-872b-424df8150b21'),
       (403, '2023-09-04 14:18', '2023-09-04 18:49', 2, '2d9fc820-265c-4f03-872b-424df8150b21'),
       (404, '2023-08-01 17:55', '2023-08-01 21:57', 1, '2d9fc820-265c-4f03-872b-424df8150b21'),
       (405, '2023-09-23 17:05', '2023-09-23 21:30', 3, '2d9fc820-265c-4f03-872b-424df8150b21'),
       (406, '2023-07-16 17:48', '2023-07-16 21:28', 2, '2d9fc820-265c-4f03-872b-424df8150b21'),
       (407, '2023-06-08 15:51', '2023-06-08 19:22', 5, '2d9fc820-265c-4f03-872b-424df8150b21'),
       (408, '2023-07-18 17:15', '2023-07-18 21:17', 5, '2d9fc820-265c-4f03-872b-424df8150b21'),
       (409, '2023-12-11 11:23', '2023-12-11 15:55', 5, '2d9fc820-265c-4f03-872b-424df8150b21'),
       (410, '2023-09-28 15:44', '2023-09-28 19:50', 0, '40f167cb-6e5b-4d49-ac3b-2c4b9078e4b1'),
       (411, '2023-02-24 16:48', '2023-02-24 20:44', 3, '40f167cb-6e5b-4d49-ac3b-2c4b9078e4b1'),
       (412, '2023-02-03 17:29', '2023-02-03 21:49', 0, '40f167cb-6e5b-4d49-ac3b-2c4b9078e4b1'),
       (413, '2023-07-22 15:19', '2023-07-22 19:35', 3, '40f167cb-6e5b-4d49-ac3b-2c4b9078e4b1'),
       (414, '2023-07-05 12:20', '2023-07-05 16:37', 5, '40f167cb-6e5b-4d49-ac3b-2c4b9078e4b1'),
       (415, '2023-02-05 12:13', '2023-02-05 16:54', 0, '40f167cb-6e5b-4d49-ac3b-2c4b9078e4b1'),
       (416, '2023-03-28 18:49', '2023-03-28 22:12', 4, '40f167cb-6e5b-4d49-ac3b-2c4b9078e4b1'),
       (417, '2023-09-03 16:18', '2023-09-03 20:52', 2, '40f167cb-6e5b-4d49-ac3b-2c4b9078e4b1'),
       (418, '2023-06-03 14:36', '2023-06-03 18:26', 5, '40f167cb-6e5b-4d49-ac3b-2c4b9078e4b1'),
       (419, '2023-01-28 17:56', '2023-01-28 21:52', 0, '40f167cb-6e5b-4d49-ac3b-2c4b9078e4b1'),
       (420, '2023-04-26 11:49', '2023-04-26 15:16', 4, 'a8c0b017-1dd7-4efc-8923-04928b00cc38'),
       (421, '2023-04-19 15:08', '2023-04-19 19:43', 1, 'a8c0b017-1dd7-4efc-8923-04928b00cc38'),
       (422, '2023-07-10 18:42', '2023-07-10 22:10', 3, 'a8c0b017-1dd7-4efc-8923-04928b00cc38'),
       (423, '2023-05-10 13:41', '2023-05-10 17:13', 5, 'a8c0b017-1dd7-4efc-8923-04928b00cc38'),
       (424, '2023-12-01 18:43', '2023-12-01 22:27', 1, 'a8c0b017-1dd7-4efc-8923-04928b00cc38'),
       (425, '2023-10-14 16:32', '2023-10-14 20:50', 5, 'a8c0b017-1dd7-4efc-8923-04928b00cc38'),
       (426, '2023-07-25 13:23', '2023-07-25 17:03', 0, 'a8c0b017-1dd7-4efc-8923-04928b00cc38'),
       (427, '2023-03-16 17:05', '2023-03-16 21:17', 0, 'a8c0b017-1dd7-4efc-8923-04928b00cc38'),
       (428, '2023-04-17 11:52', '2023-04-17 15:52', 3, 'a8c0b017-1dd7-4efc-8923-04928b00cc38'),
       (429, '2023-05-26 18:18', '2023-05-26 22:35', 3, 'a8c0b017-1dd7-4efc-8923-04928b00cc38'),
       (430, '2023-10-10 13:26', '2023-10-10 17:33', 5, 'e336331d-68a1-42fe-aa81-de52f468055b'),
       (431, '2023-10-02 14:00', '2023-10-02 18:46', 0, 'e336331d-68a1-42fe-aa81-de52f468055b'),
       (432, '2023-04-09 18:05', '2023-04-09 22:59', 4, 'e336331d-68a1-42fe-aa81-de52f468055b'),
       (433, '2023-02-26 11:33', '2023-02-26 15:03', 4, 'e336331d-68a1-42fe-aa81-de52f468055b'),
       (434, '2023-03-13 11:58', '2023-03-13 15:35', 5, 'e336331d-68a1-42fe-aa81-de52f468055b'),
       (435, '2023-01-11 18:52', '2023-01-11 22:08', 1, 'e336331d-68a1-42fe-aa81-de52f468055b'),
       (436, '2023-03-07 15:28', '2023-03-07 19:05', 0, 'e336331d-68a1-42fe-aa81-de52f468055b'),
       (437, '2023-11-13 13:36', '2023-11-13 17:56', 2, 'e336331d-68a1-42fe-aa81-de52f468055b'),
       (438, '2023-10-16 12:08', '2023-10-16 16:59', 0, 'e336331d-68a1-42fe-aa81-de52f468055b'),
       (439, '2023-01-16 15:05', '2023-01-16 19:26', 2, 'e336331d-68a1-42fe-aa81-de52f468055b'),
       (440, '2023-07-14 13:57', '2023-07-14 17:08', 4, 'fa9c0345-fbfe-4c53-9e83-cd1fbbbcc41b'),
       (441, '2023-06-04 18:33', '2023-06-04 22:26', 2, 'fa9c0345-fbfe-4c53-9e83-cd1fbbbcc41b'),
       (442, '2023-12-09 15:40', '2023-12-09 19:46', 1, 'fa9c0345-fbfe-4c53-9e83-cd1fbbbcc41b'),
       (443, '2023-12-05 13:25', '2023-12-05 17:21', 0, 'fa9c0345-fbfe-4c53-9e83-cd1fbbbcc41b'),
       (444, '2023-08-18 11:33', '2023-08-18 15:14', 1, 'fa9c0345-fbfe-4c53-9e83-cd1fbbbcc41b'),
       (445, '2023-09-14 13:07', '2023-09-14 17:16', 3, 'fa9c0345-fbfe-4c53-9e83-cd1fbbbcc41b'),
       (446, '2023-11-07 18:59', '2023-11-07 22:06', 5, 'fa9c0345-fbfe-4c53-9e83-cd1fbbbcc41b'),
       (447, '2023-01-12 11:40', '2023-01-12 15:24', 3, 'fa9c0345-fbfe-4c53-9e83-cd1fbbbcc41b'),
       (448, '2023-09-02 18:22', '2023-09-02 22:34', 4, 'fa9c0345-fbfe-4c53-9e83-cd1fbbbcc41b'),
       (449, '2023-05-06 14:14', '2023-05-06 18:09', 3, 'fa9c0345-fbfe-4c53-9e83-cd1fbbbcc41b'),
       (450, '2023-03-27 16:52', '2023-03-27 20:42', 1, 'a95b8a85-425c-4ddb-8dc2-bb5f5e32c527'),
       (451, '2023-12-15 15:05', '2023-12-15 19:11', 3, 'a95b8a85-425c-4ddb-8dc2-bb5f5e32c527'),
       (452, '2023-12-01 11:15', '2023-12-01 15:35', 2, 'a95b8a85-425c-4ddb-8dc2-bb5f5e32c527'),
       (453, '2023-08-06 11:04', '2023-08-06 15:10', 0, 'a95b8a85-425c-4ddb-8dc2-bb5f5e32c527'),
       (454, '2023-08-11 15:27', '2023-08-11 19:09', 0, 'a95b8a85-425c-4ddb-8dc2-bb5f5e32c527'),
       (455, '2023-01-08 15:39', '2023-01-08 19:37', 0, 'a95b8a85-425c-4ddb-8dc2-bb5f5e32c527'),
       (456, '2023-03-12 17:01', '2023-03-12 21:21', 0, 'a95b8a85-425c-4ddb-8dc2-bb5f5e32c527'),
       (457, '2023-03-01 18:31', '2023-03-01 22:53', 1, 'a95b8a85-425c-4ddb-8dc2-bb5f5e32c527'),
       (458, '2023-01-08 15:02', '2023-01-08 19:53', 5, 'a95b8a85-425c-4ddb-8dc2-bb5f5e32c527'),
       (459, '2023-11-02 13:15', '2023-11-02 17:09', 2, 'a95b8a85-425c-4ddb-8dc2-bb5f5e32c527'),
       (460, '2023-02-20 15:12', '2023-02-20 19:12', 5, 'bb464cee-3ba4-480c-b454-39c2cdaca43a'),
       (461, '2023-12-28 14:35', '2023-12-28 18:01', 5, 'bb464cee-3ba4-480c-b454-39c2cdaca43a'),
       (462, '2023-03-04 11:16', '2023-03-04 15:01', 5, 'bb464cee-3ba4-480c-b454-39c2cdaca43a'),
       (463, '2023-09-24 13:12', '2023-09-24 17:12', 4, 'bb464cee-3ba4-480c-b454-39c2cdaca43a'),
       (464, '2023-04-23 11:26', '2023-04-23 15:31', 1, 'bb464cee-3ba4-480c-b454-39c2cdaca43a'),
       (465, '2023-01-25 18:43', '2023-01-25 22:15', 5, 'bb464cee-3ba4-480c-b454-39c2cdaca43a'),
       (466, '2023-01-24 11:13', '2023-01-24 15:52', 1, 'bb464cee-3ba4-480c-b454-39c2cdaca43a'),
       (467, '2023-09-10 14:23', '2023-09-10 18:06', 2, 'bb464cee-3ba4-480c-b454-39c2cdaca43a'),
       (468, '2023-09-14 18:37', '2023-09-14 22:29', 0, 'bb464cee-3ba4-480c-b454-39c2cdaca43a'),
       (469, '2023-10-21 14:56', '2023-10-21 18:37', 3, 'bb464cee-3ba4-480c-b454-39c2cdaca43a'),
       (470, '2023-02-16 14:38', '2023-02-16 18:34', 4, '27d5047f-0351-41de-86f1-c1bc456964b7'),
       (471, '2023-02-24 12:35', '2023-02-24 16:46', 1, '27d5047f-0351-41de-86f1-c1bc456964b7'),
       (472, '2023-09-09 15:22', '2023-09-09 19:34', 2, '27d5047f-0351-41de-86f1-c1bc456964b7'),
       (473, '2023-05-03 17:54', '2023-05-03 21:10', 1, '27d5047f-0351-41de-86f1-c1bc456964b7'),
       (474, '2023-06-17 16:39', '2023-06-17 20:09', 3, '27d5047f-0351-41de-86f1-c1bc456964b7'),
       (475, '2023-04-01 11:39', '2023-04-01 15:19', 0, '27d5047f-0351-41de-86f1-c1bc456964b7'),
       (476, '2023-08-01 16:03', '2023-08-01 20:11', 5, '27d5047f-0351-41de-86f1-c1bc456964b7'),
       (477, '2023-08-01 17:48', '2023-08-01 21:18', 2, '27d5047f-0351-41de-86f1-c1bc456964b7'),
       (478, '2023-09-28 16:49', '2023-09-28 20:01', 5, '27d5047f-0351-41de-86f1-c1bc456964b7'),
       (479, '2023-03-15 13:55', '2023-03-15 17:41', 0, '27d5047f-0351-41de-86f1-c1bc456964b7'),
       (480, '2023-05-10 15:18', '2023-05-10 19:19', 3, '71c6dc7c-aa4b-4e6a-b56a-64000df12579'),
       (481, '2023-08-08 18:16', '2023-08-08 22:56', 5, '71c6dc7c-aa4b-4e6a-b56a-64000df12579'),
       (482, '2023-12-07 13:33', '2023-12-07 17:13', 1, '71c6dc7c-aa4b-4e6a-b56a-64000df12579'),
       (483, '2023-08-19 16:30', '2023-08-19 20:25', 2, '71c6dc7c-aa4b-4e6a-b56a-64000df12579'),
       (484, '2023-10-23 16:31', '2023-10-23 20:46', 4, '71c6dc7c-aa4b-4e6a-b56a-64000df12579'),
       (485, '2023-06-01 11:20', '2023-06-01 15:47', 1, '71c6dc7c-aa4b-4e6a-b56a-64000df12579'),
       (486, '2023-08-06 14:59', '2023-08-06 18:11', 1, '71c6dc7c-aa4b-4e6a-b56a-64000df12579'),
       (487, '2023-06-20 14:27', '2023-06-20 18:05', 1, '71c6dc7c-aa4b-4e6a-b56a-64000df12579'),
       (488, '2023-12-02 17:16', '2023-12-02 21:35', 2, '71c6dc7c-aa4b-4e6a-b56a-64000df12579'),
       (489, '2023-10-18 13:02', '2023-10-18 17:55', 3, '71c6dc7c-aa4b-4e6a-b56a-64000df12579'),
       (490, '2023-09-08 15:15', '2023-09-08 19:04', 1, '1ce4c490-3d58-4ed9-a739-80a6335cfda4'),
       (491, '2023-02-13 15:40', '2023-02-13 19:58', 0, '1ce4c490-3d58-4ed9-a739-80a6335cfda4'),
       (492, '2023-07-20 15:02', '2023-07-20 19:50', 4, '1ce4c490-3d58-4ed9-a739-80a6335cfda4'),
       (493, '2023-12-08 18:03', '2023-12-08 22:38', 2, '1ce4c490-3d58-4ed9-a739-80a6335cfda4'),
       (494, '2023-05-08 15:27', '2023-05-08 19:10', 1, '1ce4c490-3d58-4ed9-a739-80a6335cfda4'),
       (495, '2023-06-10 18:12', '2023-06-10 22:47', 4, '1ce4c490-3d58-4ed9-a739-80a6335cfda4'),
       (496, '2023-10-18 15:31', '2023-10-18 19:43', 0, '1ce4c490-3d58-4ed9-a739-80a6335cfda4'),
       (497, '2023-04-10 18:56', '2023-04-10 22:46', 2, '1ce4c490-3d58-4ed9-a739-80a6335cfda4'),
       (498, '2023-12-22 17:18', '2023-12-22 21:31', 0, '1ce4c490-3d58-4ed9-a739-80a6335cfda4'),
       (499, '2023-10-02 11:19', '2023-10-02 15:58', 2, '1ce4c490-3d58-4ed9-a739-80a6335cfda4'),
       (500, '2023-08-03 17:40', '2023-08-03 21:06', 1, '35b14011-f2f4-4f6a-976b-e3e56524d336'),
       (501, '2023-07-13 12:17', '2023-07-13 16:30', 2, '35b14011-f2f4-4f6a-976b-e3e56524d336'),
       (502, '2023-11-24 14:21', '2023-11-24 18:59', 2, '35b14011-f2f4-4f6a-976b-e3e56524d336'),
       (503, '2023-04-12 16:49', '2023-04-12 20:37', 1, '35b14011-f2f4-4f6a-976b-e3e56524d336'),
       (504, '2023-10-11 18:06', '2023-10-11 22:05', 2, '35b14011-f2f4-4f6a-976b-e3e56524d336'),
       (505, '2023-02-03 18:58', '2023-02-03 22:27', 2, '35b14011-f2f4-4f6a-976b-e3e56524d336'),
       (506, '2023-04-22 18:23', '2023-04-22 22:34', 3, '35b14011-f2f4-4f6a-976b-e3e56524d336'),
       (507, '2023-02-22 13:02', '2023-02-22 17:28', 4, '35b14011-f2f4-4f6a-976b-e3e56524d336'),
       (508, '2023-01-06 13:13', '2023-01-06 17:57', 3, '35b14011-f2f4-4f6a-976b-e3e56524d336'),
       (509, '2023-02-13 12:01', '2023-02-13 16:43', 3, '35b14011-f2f4-4f6a-976b-e3e56524d336'),
       (510, '2023-02-07 18:24', '2023-02-07 22:05', 2, '9ac9a25a-e1c1-42ec-ab90-bbc42d0fa582'),
       (511, '2023-05-27 15:09', '2023-05-27 19:53', 3, '9ac9a25a-e1c1-42ec-ab90-bbc42d0fa582'),
       (512, '2023-03-12 13:29', '2023-03-12 17:56', 2, '9ac9a25a-e1c1-42ec-ab90-bbc42d0fa582'),
       (513, '2023-11-20 17:22', '2023-11-20 21:50', 0, '9ac9a25a-e1c1-42ec-ab90-bbc42d0fa582'),
       (514, '2023-08-08 17:26', '2023-08-08 21:43', 3, '9ac9a25a-e1c1-42ec-ab90-bbc42d0fa582'),
       (515, '2023-09-24 12:58', '2023-09-24 16:19', 1, '9ac9a25a-e1c1-42ec-ab90-bbc42d0fa582'),
       (516, '2023-06-06 14:57', '2023-06-06 18:15', 3, '9ac9a25a-e1c1-42ec-ab90-bbc42d0fa582'),
       (517, '2023-05-22 15:06', '2023-05-22 19:55', 4, '9ac9a25a-e1c1-42ec-ab90-bbc42d0fa582'),
       (518, '2023-06-20 13:31', '2023-06-20 17:30', 5, '9ac9a25a-e1c1-42ec-ab90-bbc42d0fa582'),
       (519, '2023-08-25 13:58', '2023-08-25 17:36', 5, '9ac9a25a-e1c1-42ec-ab90-bbc42d0fa582'),
       (520, '2023-03-11 15:32', '2023-03-11 19:53', 4, 'd90060be-7eed-4bb0-b23d-964b06a5e117'),
       (521, '2023-04-08 17:13', '2023-04-08 21:02', 3, 'd90060be-7eed-4bb0-b23d-964b06a5e117'),
       (522, '2023-01-04 12:19', '2023-01-04 16:32', 0, 'd90060be-7eed-4bb0-b23d-964b06a5e117'),
       (523, '2023-11-22 18:08', '2023-11-22 22:21', 3, 'd90060be-7eed-4bb0-b23d-964b06a5e117'),
       (524, '2023-09-25 13:56', '2023-09-25 17:30', 1, 'd90060be-7eed-4bb0-b23d-964b06a5e117'),
       (525, '2023-01-01 14:55', '2023-01-01 18:56', 4, 'd90060be-7eed-4bb0-b23d-964b06a5e117'),
       (526, '2023-11-21 16:15', '2023-11-21 20:38', 5, 'd90060be-7eed-4bb0-b23d-964b06a5e117'),
       (527, '2023-02-19 11:32', '2023-02-19 15:21', 3, 'd90060be-7eed-4bb0-b23d-964b06a5e117'),
       (528, '2023-07-25 16:27', '2023-07-25 20:33', 2, 'd90060be-7eed-4bb0-b23d-964b06a5e117'),
       (529, '2023-01-06 16:50', '2023-01-06 20:25', 5, 'd90060be-7eed-4bb0-b23d-964b06a5e117'),
       (530, '2023-11-21 18:03', '2023-11-21 22:56', 2, '35d60c10-509f-4c25-8912-e0b03955034b'),
       (531, '2023-03-28 18:38', '2023-03-28 22:30', 1, '35d60c10-509f-4c25-8912-e0b03955034b'),
       (532, '2023-01-23 11:37', '2023-01-23 15:10', 0, '35d60c10-509f-4c25-8912-e0b03955034b'),
       (533, '2023-04-14 18:47', '2023-04-14 22:16', 1, '35d60c10-509f-4c25-8912-e0b03955034b'),
       (534, '2023-02-16 16:06', '2023-02-16 20:00', 0, '35d60c10-509f-4c25-8912-e0b03955034b'),
       (535, '2023-11-18 14:46', '2023-11-18 18:20', 2, '35d60c10-509f-4c25-8912-e0b03955034b'),
       (536, '2023-09-07 11:19', '2023-09-07 15:10', 4, '35d60c10-509f-4c25-8912-e0b03955034b'),
       (537, '2023-05-07 13:25', '2023-05-07 17:23', 4, '35d60c10-509f-4c25-8912-e0b03955034b'),
       (538, '2023-01-18 15:37', '2023-01-18 19:10', 2, '35d60c10-509f-4c25-8912-e0b03955034b'),
       (539, '2023-09-02 12:09', '2023-09-02 16:10', 2, '35d60c10-509f-4c25-8912-e0b03955034b'),
       (540, '2023-03-19 11:15', '2023-03-19 15:30', 5, '7a57f3f0-2211-4fba-b818-150ca2c81ee4'),
       (541, '2023-05-13 18:46', '2023-05-13 22:05', 1, '7a57f3f0-2211-4fba-b818-150ca2c81ee4'),
       (542, '2023-03-28 11:31', '2023-03-28 15:01', 0, '7a57f3f0-2211-4fba-b818-150ca2c81ee4'),
       (543, '2023-11-15 14:51', '2023-11-15 18:40', 3, '7a57f3f0-2211-4fba-b818-150ca2c81ee4'),
       (544, '2023-10-27 12:00', '2023-10-27 16:59', 5, '7a57f3f0-2211-4fba-b818-150ca2c81ee4'),
       (545, '2023-05-20 14:38', '2023-05-20 18:57', 1, '7a57f3f0-2211-4fba-b818-150ca2c81ee4'),
       (546, '2023-06-27 15:30', '2023-06-27 19:46', 1, '7a57f3f0-2211-4fba-b818-150ca2c81ee4'),
       (547, '2023-02-06 13:43', '2023-02-06 17:58', 1, '7a57f3f0-2211-4fba-b818-150ca2c81ee4'),
       (548, '2023-09-09 15:18', '2023-09-09 19:16', 1, '7a57f3f0-2211-4fba-b818-150ca2c81ee4'),
       (549, '2023-01-05 18:53', '2023-01-05 22:37', 0, '7a57f3f0-2211-4fba-b818-150ca2c81ee4'),
       (550, '2023-09-26 16:11', '2023-09-26 20:00', 5, 'eac96e81-ce92-4ab2-8f27-5bf28447d2ab'),
       (551, '2023-03-11 12:37', '2023-03-11 16:28', 4, 'eac96e81-ce92-4ab2-8f27-5bf28447d2ab'),
       (552, '2023-11-19 12:48', '2023-11-19 16:19', 3, 'eac96e81-ce92-4ab2-8f27-5bf28447d2ab'),
       (553, '2023-05-28 11:12', '2023-05-28 15:41', 3, 'eac96e81-ce92-4ab2-8f27-5bf28447d2ab'),
       (554, '2023-09-11 14:54', '2023-09-11 18:05', 2, 'eac96e81-ce92-4ab2-8f27-5bf28447d2ab'),
       (555, '2023-05-11 13:11', '2023-05-11 17:33', 3, 'eac96e81-ce92-4ab2-8f27-5bf28447d2ab'),
       (556, '2023-03-05 11:33', '2023-03-05 15:25', 3, 'eac96e81-ce92-4ab2-8f27-5bf28447d2ab'),
       (557, '2023-10-25 17:25', '2023-10-25 21:06', 3, 'eac96e81-ce92-4ab2-8f27-5bf28447d2ab'),
       (558, '2023-06-28 17:38', '2023-06-28 21:57', 1, 'eac96e81-ce92-4ab2-8f27-5bf28447d2ab'),
       (559, '2023-05-21 15:09', '2023-05-21 19:29', 1, 'eac96e81-ce92-4ab2-8f27-5bf28447d2ab'),
       (560, '2023-06-06 13:22', '2023-06-06 17:25', 1, '9a552b7e-afc2-4713-a6f2-7b18589fce1d'),
       (561, '2023-01-18 13:02', '2023-01-18 17:47', 2, '9a552b7e-afc2-4713-a6f2-7b18589fce1d'),
       (562, '2023-11-12 15:22', '2023-11-12 19:22', 2, '9a552b7e-afc2-4713-a6f2-7b18589fce1d'),
       (563, '2023-07-22 11:08', '2023-07-22 15:18', 5, '9a552b7e-afc2-4713-a6f2-7b18589fce1d'),
       (564, '2023-04-10 15:39', '2023-04-10 19:21', 0, '9a552b7e-afc2-4713-a6f2-7b18589fce1d'),
       (565, '2023-06-03 14:59', '2023-06-03 18:43', 0, '9a552b7e-afc2-4713-a6f2-7b18589fce1d'),
       (566, '2023-05-11 17:04', '2023-05-11 21:27', 0, '9a552b7e-afc2-4713-a6f2-7b18589fce1d'),
       (567, '2023-10-27 16:07', '2023-10-27 20:21', 0, '9a552b7e-afc2-4713-a6f2-7b18589fce1d'),
       (568, '2023-07-27 17:07', '2023-07-27 21:10', 4, '9a552b7e-afc2-4713-a6f2-7b18589fce1d'),
       (569, '2023-09-09 15:06', '2023-09-09 19:44', 4, '9a552b7e-afc2-4713-a6f2-7b18589fce1d'),
       (570, '2023-09-16 15:57', '2023-09-16 19:03', 5, '07746594-457b-4d93-8cff-b78a7ea624b7'),
       (571, '2023-07-27 18:58', '2023-07-27 22:12', 5, '07746594-457b-4d93-8cff-b78a7ea624b7'),
       (572, '2023-01-20 11:06', '2023-01-20 15:20', 0, '07746594-457b-4d93-8cff-b78a7ea624b7'),
       (573, '2023-08-08 18:27', '2023-08-08 22:54', 0, '07746594-457b-4d93-8cff-b78a7ea624b7'),
       (574, '2023-11-23 15:28', '2023-11-23 19:06', 1, '07746594-457b-4d93-8cff-b78a7ea624b7'),
       (575, '2023-09-24 13:15', '2023-09-24 17:26', 5, '07746594-457b-4d93-8cff-b78a7ea624b7'),
       (576, '2023-09-17 16:17', '2023-09-17 20:55', 5, '07746594-457b-4d93-8cff-b78a7ea624b7'),
       (577, '2023-01-04 17:59', '2023-01-04 21:46', 3, '07746594-457b-4d93-8cff-b78a7ea624b7'),
       (578, '2023-06-24 15:32', '2023-06-24 19:18', 3, '07746594-457b-4d93-8cff-b78a7ea624b7'),
       (579, '2023-10-05 14:15', '2023-10-05 18:22', 2, '07746594-457b-4d93-8cff-b78a7ea624b7'),
       (580, '2023-02-27 14:50', '2023-02-27 18:01', 0, '99876bf4-68db-494c-a663-792154bdd917'),
       (581, '2023-03-06 13:39', '2023-03-06 17:31', 0, '99876bf4-68db-494c-a663-792154bdd917'),
       (582, '2023-10-22 11:53', '2023-10-22 15:32', 0, '99876bf4-68db-494c-a663-792154bdd917'),
       (583, '2023-01-27 17:11', '2023-01-27 21:09', 1, '99876bf4-68db-494c-a663-792154bdd917'),
       (584, '2023-01-24 13:33', '2023-01-24 17:45', 5, '99876bf4-68db-494c-a663-792154bdd917'),
       (585, '2023-02-22 17:32', '2023-02-22 21:55', 5, '99876bf4-68db-494c-a663-792154bdd917'),
       (586, '2023-04-24 13:53', '2023-04-24 17:15', 1, '99876bf4-68db-494c-a663-792154bdd917'),
       (587, '2023-06-15 11:59', '2023-06-15 15:34', 5, '99876bf4-68db-494c-a663-792154bdd917'),
       (588, '2023-07-08 13:46', '2023-07-08 17:51', 3, '99876bf4-68db-494c-a663-792154bdd917'),
       (589, '2023-09-10 11:45', '2023-09-10 15:32', 2, '99876bf4-68db-494c-a663-792154bdd917'),
       (590, '2023-11-19 17:20', '2023-11-19 21:31', 0, 'fbfaef04-24e0-422d-835a-db1d8d44edb7'),
       (591, '2023-02-16 18:44', '2023-02-16 22:21', 5, 'fbfaef04-24e0-422d-835a-db1d8d44edb7'),
       (592, '2023-04-21 16:09', '2023-04-21 20:30', 3, 'fbfaef04-24e0-422d-835a-db1d8d44edb7'),
       (593, '2023-11-12 15:26', '2023-11-12 19:11', 0, 'fbfaef04-24e0-422d-835a-db1d8d44edb7'),
       (594, '2023-11-22 17:12', '2023-11-22 21:54', 4, 'fbfaef04-24e0-422d-835a-db1d8d44edb7'),
       (595, '2023-07-18 12:14', '2023-07-18 16:03', 0, 'fbfaef04-24e0-422d-835a-db1d8d44edb7'),
       (596, '2023-03-16 14:09', '2023-03-16 18:34', 3, 'fbfaef04-24e0-422d-835a-db1d8d44edb7'),
       (597, '2023-03-13 11:32', '2023-03-13 15:07', 3, 'fbfaef04-24e0-422d-835a-db1d8d44edb7'),
       (598, '2023-06-27 17:20', '2023-06-27 21:40', 0, 'fbfaef04-24e0-422d-835a-db1d8d44edb7'),
       (599, '2023-04-25 13:38', '2023-04-25 17:14', 4, 'fbfaef04-24e0-422d-835a-db1d8d44edb7');